Player + Prop,Player + Prop + Line,Sport,Player ID,Player Name,Position,Team,Stat Type,Line Score,Adjusted Odds,Date,Start Time (CST),Status,League,Odds Type,Headshot URL,Data ID,Average Line,Average No-Vig Over %,Average No-Vig Under %,Percent Difference,Max No-Vig %,Bet Tag,Player Image,Game Start Time,Fav,Spread,O/U,Game Short Title,Scheduled At,Match Progress,Venue Name,Venue Type,Broadcasts,Max No-Vig % Price,True Price,Date,True Point Average Line,EST. Return Date,Injury Status,Comment,Starter,Opp,PrizePicks,Opportunities,Edge % Over,Edge % Under,Edge %,DvP Projection,DVP Rank,Opp +/-,DVP Bet,Average Projected,DVP Adjusted,Total Projection,Underdog Line,Callout Bet Tag
Gabby Williams + Paige BueckersPoints(Combo),Gabby Williams + Paige BueckersPoints(Combo)38.5,WNBA,324287,Gabby Williams + Paige Bueckers,F,GSV/DAL,Points (Combo),38.5,N/A,10/2/2026,12/30/1899,pre_game,WNBA,standard,https://static.prizepicks.com/images/manual/Gabby Williams + Paige Bueckers.png,15382513,,,,,,,,,,,,Wings @ Valkyries,2026-10-03T01:00:00Z,Fri 09:00pm,N/A,N/A,ESPN2,,,10/2/2026,,,,,No,,,0,,,,0,,0,,0,0,38.5,0,Push
Paige BueckersMinutesPlayed,Paige BueckersMinutesPlayed37,WNBA,237836,Paige Bueckers,G,DAL,Minutes Played,37,N/A,10/2/2026,12/30/1899,pre_game,WNBA,standard,https://static.prizepicks.com/images/players/WNBA/Paige_Bueckers_WNBA_player_9Y8nnqPB9PRhUk1Zb4Mlsb5c.webp,15388788,,,,,,,,,No,8.2,159.7,Wings @ Valkyries,2026-10-03T01:00:00Z,Fri 09:00pm,N/A,N/A,ESPN2,,,10/2/2026,,,,,No,GOL,32.51,33,,,,0,,0,,0,0,37,0,Push
Gabby Williams + Arike OgunbowalePoints(Combo),Gabby Williams + Arike OgunbowalePoints(Combo)35,WNBA,324284,Gabby Williams + Arike Ogunbowale,F,GSV/DAL,Points (Combo),35,N/A,10/2/2026,12/30/1899,pre_game,WNBA,standard,https://static.prizepicks.com/images/manual/Gabby Williams + Arike Ogunbowale.png,15382517,,,,,,,,,,,,Wings @ Valkyries,2026-10-03T01:00:00Z,Fri 09:00pm,N/A,N/A,ESPN2,,,10/2/2026,,,,,No,,,0,,,,0,,0,,0,0,35,0,Push
Gabby WilliamsFantasyScore,Gabby WilliamsFantasyScore34,WNBA,316568,Gabby Williams,F,GSV,Fantasy Score,34,N/A,10/2/2026,12/30/1899,pre_game,WNBA,standard,https://static.prizepicks.com/images/manual/Gabby Williams .png,15382282,,,,,,Push,,,,,,Wings @ Valkyries,2026-10-03T01:00:00Z,Fri 09:00pm,N/A,N/A,ESPN2,,,10/2/2026,33.32,,,,No,,33.32,30,50,50,50,33.32,,0,,33.32,33.32,33.8,35.05,Push
Veronica BurtonMinutesPlayed,Veronica BurtonMinutesPlayed33.5,WNBA,238261,Veronica Burton,G,GSV,Minutes Played,33.5,N/A,10/2/2026,12/30/1899,pre_game,WNBA,standard,https://static.prizepicks.com/images/players/WNBA/Veronica_Burton_WNBA_player_PgQhWXIUPjwd5ndjpucEaD8E.webp,15388789,,,,,,,,,,,,Wings @ Valkyries,2026-10-03T01:00:00Z,Fri 09:00pm,N/A,N/A,ESPN2,,,10/2/2026,,,,,No,,28.83,31,,,,0,,0,,0,0,33.5,0,Push
Paige BueckersFantasyScore,Paige BueckersFantasyScore33,WNBA,237836,Paige Bueckers,G,DAL,Fantasy Score,33,N/A,10/2/2026,12/30/1899,pre_game,WNBA,standard,https://static.prizepicks.com/images/players/WNBA/Paige_Bueckers_WNBA_player_9Y8nnqPB9PRhUk1Zb4Mlsb5c.webp,15382281,,,,,,Push,,,No,8.2,159.7,Wings @ Valkyries,2026-10-03T01:00:00Z,Fri 09:00pm,N/A,N/A,ESPN2,,,10/2/2026,32.51,,,,No,GOL,32.51,33,50,50,50,32.51,,0,,32.51,32.51,32.62,32.55,Push
Veronica Burton + Paige BueckersPoints(Combo),Veronica Burton + Paige BueckersPoints(Combo)31,WNBA,324283,Veronica Burton + Paige Bueckers,G,GSV/DAL,Points (Combo),31,N/A,10/2/2026,12/30/1899,pre_game,WNBA,standard,https://static.prizepicks.com/images/players/CMBO_group_LpQTX8HAE7fEVyh06no0CTct.webp,15382515,,,,,,,,,,,,Wings @ Valkyries,2026-10-03T01:00:00Z,Fri 09:00pm,N/A,N/A,ESPN2,,,10/2/2026,,,,,No,,,0,,,,0,,0,,0,0,31,0,Push
Veronica BurtonFantasyScore,Veronica BurtonFantasyScore30.5,WNBA,238261,Veronica Burton,G,GSV,Fantasy Score,30.5,N/A,10/2/2026,12/30/1899,pre_game,WNBA,standard,https://static.prizepicks.com/images/players/WNBA/Veronica_Burton_WNBA_player_PgQhWXIUPjwd5ndjpucEaD8E.webp,15382283,,,,,,Under,,,,,,Wings @ Valkyries,2026-10-03T01:00:00Z,Fri 09:00pm,N/A,N/A,ESPN2,,,10/2/2026,28.83,,,,No,,28.83,31,48.77,51.23,51.23,28.83,,0,,28.83,28.83,29.25,0,Push
Jessica ShepardFantasyScore,Jessica ShepardFantasyScore28.5,WNBA,317279,Jessica Shepard,F,DAL,Fantasy Score,28.5,N/A,10/2/2026,12/30/1899,pre_game,WNBA,standard,https://static.prizepicks.com/images/manual/JessShep.png,15382280,,,,,,Push,,,No,8.2,159.7,Wings @ Valkyries,2026-10-03T01:00:00Z,Fri 09:00pm,N/A,N/A,ESPN2,,,10/2/2026,29.6,,,,No,GOL,29.6,31,50,50,50,29.6,,0,,29.6,29.6,29.33,0,Push
Paige BueckersPts+Rebs+Asts,Paige BueckersPts+Rebs+Asts28,WNBA,237836,Paige Bueckers,G,DAL,Pts+Rebs+Asts,28,TRUE,10/2/2026,12/30/1899,pre_game,WNBA,standard,https://static.prizepicks.com/images/players/WNBA/Paige_Bueckers_WNBA_player_9Y8nnqPB9PRhUk1Zb4Mlsb5c.webp,15364800,27.96,50.25,49.75,-8.06,50.25,Over,https://www.freeiconspng.com/img/1934,,No,8.2,159.7,Wings @ Valkyries,2026-10-03T01:00:00Z,Fri 09:00pm,N/A,N/A,ESPN2,,,10/2/2026,27.96,,,,No,GOL,32.51,33,50.25,49.75,50.25,27.96,,0,,27.96,27.96,27.97,0,Push
Veronica Burton + Arike OgunbowalePoints(Combo),Veronica Burton + Arike OgunbowalePoints(Combo)28,WNBA,324286,Veronica Burton + Arike Ogunbowale,G,GSV/DAL,Points (Combo),28,N/A,10/2/2026,12/30/1899,pre_game,WNBA,standard,https://static.prizepicks.com/images/players/CMBO_group_tgwNZc3WKXqXivU3vktZR8je.webp,15382516,,,,,,,,,,,,Wings @ Valkyries,2026-10-03T01:00:00Z,Fri 09:00pm,N/A,N/A,ESPN2,,,10/2/2026,,,,,No,,,0,,,,0,,0,,0,0,28,0,Push
Gabby WilliamsPts+Rebs+Asts,Gabby WilliamsPts+Rebs+Asts27.5,WNBA,316568,Gabby Williams,F,GSV,Pts+Rebs+Asts,27.5,TRUE,10/2/2026,12/30/1899,pre_game,WNBA,standard,https://static.prizepicks.com/images/manual/Gabby Williams .png,15364795,27.5,48.33,51.67,-6.14,51.67,Under,https://www.freeiconspng.com/img/1934,,,,,Wings @ Valkyries,2026-10-03T01:00:00Z,Fri 09:00pm,N/A,N/A,ESPN2,,,10/2/2026,27.5,,,,No,,33.32,30,48.33,51.67,51.67,27.5,,0,,27.5,27.5,27.5,0,Push
Janelle Salaün + Arike OgunbowalePoints(Combo),Janelle Salaün + Arike OgunbowalePoints(Combo)26.5,WNBA,324285,Janelle Salaün + Arike Ogunbowale,F,GSV/DAL,Points (Combo),26.5,N/A,10/2/2026,12/30/1899,pre_game,WNBA,standard,https://static.prizepicks.com/images/players/CMBO_group_XLplZ6yNAuwutg0oWAXlvHEs.webp,15382514,,,,,,,,,,,,Wings @ Valkyries,2026-10-03T01:00:00Z,Fri 09:00pm,N/A,N/A,ESPN2,,,10/2/2026,,,,,No,,,0,,,,0,,0,,0,0,26.5,0,Push
Arike OgunbowaleFantasyScore,Arike OgunbowaleFantasyScore26,WNBA,237835,Arike Ogunbowale,G,DAL,Fantasy Score,26,N/A,10/2/2026,12/30/1899,pre_game,WNBA,standard,https://static.prizepicks.com/images/players/WNBA/Arike_Ogunbowale_WNBA_player_li5EkQnXby20K9Lhu8gX4Ygc.webp,15382278,,,,,,Push,,,No,8.2,159.7,Wings @ Valkyries,2026-10-03T01:00:00Z,Fri 09:00pm,N/A,N/A,ESPN2,,,10/2/2026,25.36,,,,No,GOL,25.36,32,50,50,50,25.36,,0,,25.36,25.36,25.73,26.55,Push
Jessica ShepardPts+Rebs+Asts,Jessica ShepardPts+Rebs+Asts24.5,WNBA,317279,Jessica Shepard,F,DAL,Pts+Rebs+Asts,24.5,TRUE,10/2/2026,12/30/1899,pre_game,WNBA,standard,https://static.prizepicks.com/images/manual/JessShep.png,15364787,24.5,49.84,50.16,-7.65,50.16,Under,https://www.freeiconspng.com/img/1934,,No,8.2,159.7,Wings @ Valkyries,2026-10-03T01:00:00Z,Fri 09:00pm,N/A,N/A,ESPN2,,,10/2/2026,24.5,,,,No,GOL,29.6,31,49.84,50.16,50.16,24.5,,0,,24.5,24.5,24.5,0,Push
Paige BueckersPts+Asts,Paige BueckersPts+Asts23.5,WNBA,237836,Paige Bueckers,G,DAL,Pts+Asts,23.5,TRUE,10/2/2026,12/30/1899,pre_game,WNBA,standard,https://static.prizepicks.com/images/players/WNBA/Paige_Bueckers_WNBA_player_9Y8nnqPB9PRhUk1Zb4Mlsb5c.webp,15364448,23.83,50.36,49.64,-8.17,50.36,Under,https://www.freeiconspng.com/img/1934,,No,8.2,159.7,Wings @ Valkyries,2026-10-03T01:00:00Z,Fri 09:00pm,N/A,N/A,ESPN2,,,10/2/2026,23.83,,,,No,GOL,32.51,33,49.08258168,50.91741832,50,23.83,,0,,23.83,23.83,23.75,0,Push
Gabby WilliamsPts+Asts,Gabby WilliamsPts+Asts23.5,WNBA,316568,Gabby Williams,F,GSV,Pts+Asts,23.5,TRUE,10/2/2026,12/30/1899,pre_game,WNBA,standard,https://static.prizepicks.com/images/manual/Gabby Williams .png,15364806,23.79,48.68,51.32,-6.27,51.32,Under,https://www.freeiconspng.com/img/1934,,,,,Wings @ Valkyries,2026-10-03T01:00:00Z,Fri 09:00pm,N/A,N/A,ESPN2,,,10/2/2026,23.79,,,,No,,33.32,30,48.3142798,51.6857202,50,23.79,,0,,23.79,23.79,23.72,0,Push
Gabby WilliamsPts+Rebs,Gabby WilliamsPts+Rebs23.5,WNBA,316568,Gabby Williams,F,GSV,Pts+Rebs,23.5,N/A,10/2/2026,12/30/1899,pre_game,WNBA,standard,https://static.prizepicks.com/images/manual/Gabby Williams .png,15364844,23.75,48.57,51.43,-6.38,51.43,Under,https://www.freeiconspng.com/img/1934,,,,,Wings @ Valkyries,2026-10-03T01:00:00Z,Fri 09:00pm,N/A,N/A,ESPN2,,,10/2/2026,23.75,,,,No,,33.32,30,48.22038339,51.77961661,50,23.75,,0,,23.75,23.75,23.69,0,Push
Paige BueckersPts+Rebs,Paige BueckersPts+Rebs23,WNBA,237836,Paige Bueckers,G,DAL,Pts+Rebs,23,TRUE,10/2/2026,12/30/1899,pre_game,WNBA,standard,https://static.prizepicks.com/images/players/WNBA/Paige_Bueckers_WNBA_player_9Y8nnqPB9PRhUk1Zb4Mlsb5c.webp,15364435,23.14,49.48,50.52,-7.29,50.52,Under,https://www.freeiconspng.com/img/1934,,No,8.2,159.7,Wings @ Valkyries,2026-10-03T01:00:00Z,Fri 09:00pm,N/A,N/A,ESPN2,,,10/2/2026,23.14,,,,No,GOL,32.51,33,48.25234279,51.74765721,50,23.14,,0,,23.14,23.14,23.11,0,Push
Veronica BurtonPts+Rebs+Asts,Veronica BurtonPts+Rebs+Asts22.5,WNBA,238261,Veronica Burton,G,GSV,Pts+Rebs+Asts,22.5,N/A,10/2/2026,12/30/1899,pre_game,WNBA,standard,https://static.prizepicks.com/images/players/WNBA/Veronica_Burton_WNBA_player_PgQhWXIUPjwd5ndjpucEaD8E.webp,15366609,22.5,49.59,50.41,-7.4,50.41,Under,https://www.freeiconspng.com/img/1934,,,,,Wings @ Valkyries,2026-10-03T01:00:00Z,Fri 09:00pm,N/A,N/A,ESPN2,,,10/2/2026,22.5,,,,No,,28.83,31,49.59,50.41,50.41,22.5,,0,,22.5,22.5,22.5,0,Push
Arike OgunbowalePts+Rebs+Asts,Arike OgunbowalePts+Rebs+Asts22,WNBA,237835,Arike Ogunbowale,G,DAL,Pts+Rebs+Asts,22,TRUE,10/2/2026,12/30/1899,pre_game,WNBA,standard,https://static.prizepicks.com/images/players/WNBA/Arike_Ogunbowale_WNBA_player_li5EkQnXby20K9Lhu8gX4Ygc.webp,15364440,22.5,47.96,52.04,-5.77,52.04,Under,https://www.freeiconspng.com/img/1934,,No,8.2,159.7,Wings @ Valkyries,2026-10-03T01:00:00Z,Fri 09:00pm,N/A,N/A,ESPN2,,,10/2/2026,22.5,,,,No,GOL,25.36,32,48.11745936,51.88254064,50,22.5,,0,,22.5,22.5,22.38,0,Push
Gabby WilliamsPoints,Gabby WilliamsPoints19.5,WNBA,316568,Gabby Williams,F,GSV,Points,19.5,N/A,10/2/2026,12/30/1899,pre_game,WNBA,standard,https://static.prizepicks.com/images/manual/Gabby Williams .png,15364868,19.5,48.64,51.36,-6.45,51.36,Under,https://www.freeiconspng.com/img/1934,,,,,Wings @ Valkyries,2026-10-03T01:00:00Z,Fri 09:00pm,N/A,N/A,ESPN2,,,10/2/2026,19.5,,,,No,,33.32,30,48.64,51.36,51.36,19.5,,0,,19.5,19.5,19.5,19.5,Best Bet
Jessica ShepardPts+Rebs,Jessica ShepardPts+Rebs19.5,WNBA,317279,Jessica Shepard,F,DAL,Pts+Rebs,19.5,TRUE,10/2/2026,12/30/1899,pre_game,WNBA,standard,https://static.prizepicks.com/images/manual/JessShep.png,15378987,19.79,50.59,49.41,-7.11,50.59,Under,https://www.freeiconspng.com/img/1934,,No,8.2,159.7,Wings @ Valkyries,2026-10-03T01:00:00Z,Fri 09:00pm,N/A,N/A,ESPN2,,,10/2/2026,19.79,,,,No,GOL,29.6,31,48.69644845,51.30355155,50,19.79,,0,,19.79,19.79,19.72,0,Push
Paige BueckersPoints,Paige BueckersPoints19,WNBA,237836,Paige Bueckers,G,DAL,Points,19,TRUE,10/2/2026,12/30/1899,pre_game,WNBA,standard,https://static.prizepicks.com/images/players/WNBA/Paige_Bueckers_WNBA_player_9Y8nnqPB9PRhUk1Zb4Mlsb5c.webp,15364455,19.15,49.31,50.69,-7.12,50.69,Under,https://www.freeiconspng.com/img/1934,,No,8.2,159.7,Wings @ Valkyries,2026-10-03T01:00:00Z,Fri 09:00pm,N/A,N/A,ESPN2,,,10/2/2026,19.15,,,,No,GOL,32.51,33,48.11135618,51.88864382,50,19.15,,0,,19.15,19.15,19.19,19.5,Push
Arike OgunbowalePts+Rebs,Arike OgunbowalePts+Rebs18.5,WNBA,237835,Arike Ogunbowale,G,DAL,Pts+Rebs,18.5,TRUE,10/2/2026,12/30/1899,pre_game,WNBA,standard,https://static.prizepicks.com/images/players/WNBA/Arike_Ogunbowale_WNBA_player_li5EkQnXby20K9Lhu8gX4Ygc.webp,15364818,18.5,50.58,49.42,-8.39,50.58,Over,https://www.freeiconspng.com/img/1934,,No,8.2,159.7,Wings @ Valkyries,2026-10-03T01:00:00Z,Fri 09:00pm,N/A,N/A,ESPN2,,,10/2/2026,18.5,,,,No,GOL,25.36,32,50.58,49.42,50.58,18.5,,0,,18.5,18.5,18.5,0,Push
Veronica BurtonPts+Asts,Veronica BurtonPts+Asts18.5,WNBA,238261,Veronica Burton,G,GSV,Pts+Asts,18.5,TRUE,10/2/2026,12/30/1899,pre_game,WNBA,standard,https://static.prizepicks.com/images/players/WNBA/Veronica_Burton_WNBA_player_PgQhWXIUPjwd5ndjpucEaD8E.webp,15366594,18.5,49.79,50.21,-7.6,50.21,Under,https://www.freeiconspng.com/img/1934,,,,,Wings @ Valkyries,2026-10-03T01:00:00Z,Fri 09:00pm,N/A,N/A,ESPN2,,,10/2/2026,18.5,,,,No,,28.83,31,49.79,50.21,50.21,18.5,,0,,18.5,18.5,18.5,0,Push
Awak KuierFantasyScore,Awak KuierFantasyScore18.5,WNBA,65822,Awak Kuier,F,DAL,Fantasy Score,18.5,N/A,10/2/2026,12/30/1899,pre_game,WNBA,standard,https://static.prizepicks.com/images/players/WNBA/Awak_Kuier_WNBA_player_zbz8CS8qtfJhA8khFf9GM1PD.webp,15382279,,,,,,Push,,,No,8.2,159.7,Wings @ Valkyries,2026-10-03T01:00:00Z,Fri 09:00pm,N/A,N/A,ESPN2,,,10/2/2026,18.94,,,,No,GOL,18.94,20,50,50,50,18.94,,0,,18.94,18.94,18.83,0,Push
Arike OgunbowalePts+Asts,Arike OgunbowalePts+Asts18.5,WNBA,237835,Arike Ogunbowale,G,DAL,Pts+Asts,18.5,TRUE,10/2/2026,12/30/1899,pre_game,WNBA,standard,https://static.prizepicks.com/images/players/WNBA/Arike_Ogunbowale_WNBA_player_li5EkQnXby20K9Lhu8gX4Ygc.webp,15392533,18.5,52.34,47.66,-10.15,52.34,Over,https://www.freeiconspng.com/img/1934,,No,8.2,159.7,Wings @ Valkyries,2026-10-03T01:00:00Z,Fri 09:00pm,N/A,N/A,ESPN2,,,10/2/2026,18.5,,,,No,GOL,25.36,32,52.34,47.66,52.34,18.5,,0,,18.5,18.5,18.5,0,Push
Janelle SalaünFantasyScore,Janelle SalaünFantasyScore18.5,WNBA,240424,Janelle Salaün,F,GSV,Fantasy Score,18.5,N/A,10/2/2026,12/30/1899,pre_game,WNBA,standard,https://static.prizepicks.com/images/players/WNBA/Janelle_Sala%C3%BCn_WNBA_player_TJWeCgZ3Bq8UPDeH4ehDuDYm.webp,15395464,,,,,,Push,,,,,,Wings @ Valkyries,2026-10-03T01:00:00Z,Fri 09:00pm,N/A,N/A,ESPN2,,,10/2/2026,19.48,,,,No,,19.48,28,50,50,50,19.48,,0,,19.48,19.48,19.23,0,Push
Gabby WilliamsFGAttempted,Gabby WilliamsFGAttempted16.5,WNBA,316568,Gabby Williams,F,GSV,FG Attempted,16.5,N/A,10/2/2026,12/30/1899,pre_game,WNBA,standard,https://static.prizepicks.com/images/manual/Gabby Williams .png,15388620,,,,,,,,,,,,Wings @ Valkyries,2026-10-03T01:00:00Z,Fri 09:00pm,N/A,N/A,ESPN2,,,10/2/2026,,,,,No,,33.32,30,,,,0,,0,,0,0,16.5,16.5,Push
Kayla ThorntonFantasyScore,Kayla ThorntonFantasyScore16.5,WNBA,238102,Kayla Thornton,F,GSV,Fantasy Score,16.5,N/A,10/2/2026,12/30/1899,pre_game,WNBA,standard,https://static.prizepicks.com/images/players/WNBA/Kayla_Thornton_WNBA_player_LW0QKyGiDE0bVq5F3TkgEtm8.webp,15395542,,,,,,Push,,,,,,Wings @ Valkyries,2026-10-03T01:00:00Z,Fri 09:00pm,N/A,N/A,ESPN2,,,10/2/2026,19.04,,,,No,,19.04,28,50,50,50,19.04,,0,,19.04,19.04,18.41,0,Push
Veronica BurtonPts+Rebs,Veronica BurtonPts+Rebs16,WNBA,238261,Veronica Burton,G,GSV,Pts+Rebs,16,TRUE,10/2/2026,12/30/1899,pre_game,WNBA,standard,https://static.prizepicks.com/images/players/WNBA/Veronica_Burton_WNBA_player_PgQhWXIUPjwd5ndjpucEaD8E.webp,15365475,16.5,46.86,53.14,-5.02,53.14,Under,https://www.freeiconspng.com/img/1934,,,,,Wings @ Valkyries,2026-10-03T01:00:00Z,Fri 09:00pm,N/A,N/A,ESPN2,,,10/2/2026,16.5,,,,No,,28.83,31,47.50629375,52.49370625,52.49,16.5,,0,,16.5,16.5,16.38,0,Push
Janelle SalaünPts+Rebs+Asts,Janelle SalaünPts+Rebs+Asts16,WNBA,240424,Janelle Salaün,F,GSV,Pts+Rebs+Asts,16,N/A,10/2/2026,12/30/1899,pre_game,WNBA,standard,https://static.prizepicks.com/images/players/WNBA/Janelle_Sala%C3%BCn_WNBA_player_TJWeCgZ3Bq8UPDeH4ehDuDYm.webp,15370832,16.38,49.38,50.62,-7.19,50.62,Under,https://www.freeiconspng.com/img/1934,,,,,Wings @ Valkyries,2026-10-03T01:00:00Z,Fri 09:00pm,N/A,N/A,ESPN2,,,10/2/2026,16.38,,,,No,,19.48,28,48.52830397,51.47169603,50,16.38,,0,,16.38,16.38,16.29,0,Push
Tiffany HayesFantasyScore,Tiffany HayesFantasyScore16,WNBA,238101,Tiffany Hayes,G,GSV,Fantasy Score,16,N/A,10/2/2026,12/30/1899,pre_game,WNBA,standard,https://static.prizepicks.com/images/players/WNBA/Tiffany_Hayes_WNBA_player_JZ73QF6RKriqG7DeqAWWKcDH.webp,15395589,,,,,,Under,,,,,,Wings @ Valkyries,2026-10-03T01:00:00Z,Fri 09:00pm,N/A,N/A,ESPN2,,,10/2/2026,13.79,,,,No,,13.79,20,48.18,51.82,51.82,13.79,,0,,13.79,13.79,14.34,0,Push
Arike OgunbowalePoints,Arike OgunbowalePoints15.5,WNBA,237835,Arike Ogunbowale,G,DAL,Points,15.5,TRUE,10/2/2026,12/30/1899,pre_game,WNBA,standard,https://static.prizepicks.com/images/players/WNBA/Arike_Ogunbowale_WNBA_player_li5EkQnXby20K9Lhu8gX4Ygc.webp,15377818,15.5,49.37,50.63,-7.18,50.63,Under,https://www.freeiconspng.com/img/1934,,No,8.2,159.7,Wings @ Valkyries,2026-10-03T01:00:00Z,Fri 09:00pm,N/A,N/A,ESPN2,,,10/2/2026,15.5,,,,No,GOL,25.36,32,49.37,50.63,50.63,15.5,,0,,15.5,15.5,15.5,15.5,Best Bet
Paige BueckersFGAttempted,Paige BueckersFGAttempted15,WNBA,237836,Paige Bueckers,G,DAL,FG Attempted,15,N/A,10/2/2026,12/30/1899,pre_game,WNBA,standard,https://static.prizepicks.com/images/players/WNBA/Paige_Bueckers_WNBA_player_9Y8nnqPB9PRhUk1Zb4Mlsb5c.webp,15388623,,,,,,,,,No,8.2,159.7,Wings @ Valkyries,2026-10-03T01:00:00Z,Fri 09:00pm,N/A,N/A,ESPN2,,,10/2/2026,,,,,No,GOL,32.51,33,,,,0,,0,,0,0,14.75,14.5,Push
Jessica ShepardPts+Asts,Jessica ShepardPts+Asts14.5,WNBA,317279,Jessica Shepard,F,DAL,Pts+Asts,14.5,TRUE,10/2/2026,12/30/1899,pre_game,WNBA,standard,https://static.prizepicks.com/images/manual/JessShep.png,15364819,14.5,50.01,49.99,-7.82,50.01,Over,https://www.freeiconspng.com/img/1934,,No,8.2,159.7,Wings @ Valkyries,2026-10-03T01:00:00Z,Fri 09:00pm,N/A,N/A,ESPN2,,,10/2/2026,14.5,,,,No,GOL,29.6,31,50.01,49.99,50.01,14.5,,0,,14.5,14.5,14.5,0,Push
Janelle SalaünPts+Rebs,Janelle SalaünPts+Rebs14.5,WNBA,240424,Janelle Salaün,F,GSV,Pts+Rebs,14.5,TRUE,10/2/2026,12/30/1899,pre_game,WNBA,standard,https://static.prizepicks.com/images/players/WNBA/Janelle_Sala%C3%BCn_WNBA_player_TJWeCgZ3Bq8UPDeH4ehDuDYm.webp,15366601,14.5,50.78,49.22,-8.59,50.78,Over,https://www.freeiconspng.com/img/1934,,,,,Wings @ Valkyries,2026-10-03T01:00:00Z,Fri 09:00pm,N/A,N/A,ESPN2,,,10/2/2026,14.5,,,,No,,19.48,28,50.78,49.22,50.78,14.5,,0,,14.5,14.5,14.5,0,Push
Jessica ShepardRebs+Asts,Jessica ShepardRebs+Asts14.5,WNBA,317279,Jessica Shepard,F,DAL,Rebs+Asts,14.5,TRUE,10/2/2026,12/30/1899,pre_game,WNBA,standard,https://static.prizepicks.com/images/manual/JessShep.png,15380444,14.75,49.47,50.53,-7.28,50.53,Under,https://www.freeiconspng.com/img/1934,,No,8.2,159.7,Wings @ Valkyries,2026-10-03T01:00:00Z,Fri 09:00pm,N/A,N/A,ESPN2,,,10/2/2026,14.75,,,,No,GOL,29.6,31,48.17806245,51.82193755,50,14.75,,0,,14.75,14.75,14.69,0,Push
Arike OgunbowaleFGAttempted,Arike OgunbowaleFGAttempted14,WNBA,237835,Arike Ogunbowale,G,DAL,FG Attempted,14,N/A,10/2/2026,12/30/1899,pre_game,WNBA,standard,https://static.prizepicks.com/images/players/WNBA/Arike_Ogunbowale_WNBA_player_li5EkQnXby20K9Lhu8gX4Ygc.webp,15388619,,,,,,,,,No,8.2,159.7,Wings @ Valkyries,2026-10-03T01:00:00Z,Fri 09:00pm,N/A,N/A,ESPN2,,,10/2/2026,,,,,No,GOL,25.36,32,,,,0,,0,,0,0,13.25,12.5,Push
Kayla ThorntonPts+Rebs+Asts,Kayla ThorntonPts+Rebs+Asts13.5,WNBA,238102,Kayla Thornton,F,GSV,Pts+Rebs+Asts,13.5,TRUE,10/2/2026,12/30/1899,pre_game,WNBA,standard,https://static.prizepicks.com/images/players/WNBA/Kayla_Thornton_WNBA_player_LW0QKyGiDE0bVq5F3TkgEtm8.webp,15366348,13.5,50.55,49.45,-8.36,50.55,Over,https://www.freeiconspng.com/img/1934,,,,,Wings @ Valkyries,2026-10-03T01:00:00Z,Fri 09:00pm,N/A,N/A,ESPN2,,,10/2/2026,13.5,,,,No,,19.04,28,50.55,49.45,50.55,13.5,,0,,13.5,13.5,13.5,0,Push
Kayla ThorntonPts+Rebs,Kayla ThorntonPts+Rebs13,WNBA,238102,Kayla Thornton,F,GSV,Pts+Rebs,13,TRUE,10/2/2026,12/30/1899,pre_game,WNBA,standard,https://static.prizepicks.com/images/players/WNBA/Kayla_Thornton_WNBA_player_LW0QKyGiDE0bVq5F3TkgEtm8.webp,15364852,12.81,50.22,49.78,-8.03,50.22,Under,https://www.freeiconspng.com/img/1934,,,,,Wings @ Valkyries,2026-10-03T01:00:00Z,Fri 09:00pm,N/A,N/A,ESPN2,,,10/2/2026,12.81,,,,No,,19.04,28,47.39373872,52.60626128,52.61,12.81,,0,,12.81,12.81,12.86,0,Push
Awak KuierPts+Rebs+Asts,Awak KuierPts+Rebs+Asts13,WNBA,65822,Awak Kuier,F,DAL,Pts+Rebs+Asts,13,N/A,10/2/2026,12/30/1899,pre_game,WNBA,standard,https://static.prizepicks.com/images/players/WNBA/Awak_Kuier_WNBA_player_zbz8CS8qtfJhA8khFf9GM1PD.webp,15381831,13.5,48.8,51.2,-6.61,51.2,Under,https://www.freeiconspng.com/img/1934,,No,8.2,159.7,Wings @ Valkyries,2026-10-03T01:00:00Z,Fri 09:00pm,N/A,N/A,ESPN2,,,10/2/2026,13.5,,,,No,GOL,18.94,20,48.29954662,51.70045338,50,13.5,,0,,13.5,13.5,13.38,0,Push
Janelle SalaünPts+Asts,Janelle SalaünPts+Asts12.5,WNBA,240424,Janelle Salaün,F,GSV,Pts+Asts,12.5,TRUE,10/2/2026,12/30/1899,pre_game,WNBA,standard,https://static.prizepicks.com/images/players/WNBA/Janelle_Sala%C3%BCn_WNBA_player_TJWeCgZ3Bq8UPDeH4ehDuDYm.webp,15374837,12.5,49.61,50.39,-7.42,50.39,Under,https://www.freeiconspng.com/img/1934,,,,,Wings @ Valkyries,2026-10-03T01:00:00Z,Fri 09:00pm,N/A,N/A,ESPN2,,,10/2/2026,12.5,,,,No,,19.48,28,49.61,50.39,50.39,12.5,,0,,12.5,12.5,12.5,0,Push
Tiffany HayesPts+Rebs+Asts,Tiffany HayesPts+Rebs+Asts12.5,WNBA,238101,Tiffany Hayes,G,GSV,Pts+Rebs+Asts,12.5,TRUE,10/2/2026,12/30/1899,pre_game,WNBA,standard,https://static.prizepicks.com/images/players/WNBA/Tiffany_Hayes_WNBA_player_JZ73QF6RKriqG7DeqAWWKcDH.webp,15383629,12.5,50.23,49.77,,50.23,Over,https://www.freeiconspng.com/img/1934,,,,,Wings @ Valkyries,2026-10-03T01:00:00Z,Fri 09:00pm,N/A,N/A,ESPN2,,,10/2/2026,12.5,,,,No,,13.79,20,50.23,49.77,50.23,12.5,,0,,12.5,12.5,12.5,0,Push
Veronica BurtonPoints,Veronica BurtonPoints12,WNBA,238261,Veronica Burton,G,GSV,Points,12,N/A,10/2/2026,12/30/1899,pre_game,WNBA,standard,https://static.prizepicks.com/images/players/WNBA/Veronica_Burton_WNBA_player_PgQhWXIUPjwd5ndjpucEaD8E.webp,15364855,12.5,48.18,51.82,-5.99,51.82,Under,https://www.freeiconspng.com/img/1934,,,,,Wings @ Valkyries,2026-10-03T01:00:00Z,Fri 09:00pm,N/A,N/A,ESPN2,,,10/2/2026,12.5,,,,No,,28.83,31,47.98903154,52.01096846,52.01,12.5,,0,,12.5,12.5,12.4,12.5,Push
Awak KuierPts+Rebs,Awak KuierPts+Rebs12,WNBA,65822,Awak Kuier,F,DAL,Pts+Rebs,12,N/A,10/2/2026,12/30/1899,pre_game,WNBA,standard,https://static.prizepicks.com/images/players/WNBA/Awak_Kuier_WNBA_player_zbz8CS8qtfJhA8khFf9GM1PD.webp,15381847,12.5,47.48,52.52,-4,52.52,Under,https://www.freeiconspng.com/img/1934,,No,8.2,159.7,Wings @ Valkyries,2026-10-03T01:00:00Z,Fri 09:00pm,N/A,N/A,ESPN2,,,10/2/2026,12.5,,,,No,GOL,18.94,20,47.67403154,52.32596846,52.33,12.5,,0,,12.5,12.5,12.38,0,Push
Cecilia ZandalasiniPts+Rebs+Asts,Cecilia ZandalasiniPts+Rebs+Asts11.5,WNBA,249153,Cecilia Zandalasini,F,GSV,Pts+Rebs+Asts,11.5,TRUE,10/2/2026,12/30/1899,pre_game,WNBA,standard,https://static.prizepicks.com/images/players/WNBA/Cecilia_Zandalasini_WNBA_player_J9EZms55fyBgGOFTRR36l10v.webp,15364810,11.13,50.64,49.36,-8.45,50.64,Under,https://www.freeiconspng.com/img/1934,,,,,Wings @ Valkyries,2026-10-03T01:00:00Z,Fri 09:00pm,N/A,N/A,ESPN2,,,10/2/2026,11.13,,,,No,,13.41,17,48.16384799,51.83615201,50,11.13,,0,,11.13,11.13,11.22,0,Push
Veronica Burton + Paige BueckersAssists(Combo),Veronica Burton + Paige BueckersAssists(Combo)11,WNBA,324283,Veronica Burton + Paige Bueckers,G,GSV/DAL,Assists (Combo),11,N/A,10/2/2026,12/30/1899,pre_game,WNBA,standard,https://static.prizepicks.com/images/players/CMBO_group_LpQTX8HAE7fEVyh06no0CTct.webp,15382534,,,,,,,,,,,,Wings @ Valkyries,2026-10-03T01:00:00Z,Fri 09:00pm,N/A,N/A,ESPN2,,,10/2/2026,,,,,No,,,0,,,,0,,0,,0,0,11,0,Push
Janelle SalaünPoints,Janelle SalaünPoints10.5,WNBA,240424,Janelle Salaün,F,GSV,Points,10.5,TRUE,10/2/2026,12/30/1899,pre_game,WNBA,standard,https://static.prizepicks.com/images/players/WNBA/Janelle_Sala%C3%BCn_WNBA_player_TJWeCgZ3Bq8UPDeH4ehDuDYm.webp,15366303,10.5,51.51,48.49,-9.32,51.51,Over,https://www.freeiconspng.com/img/1934,,,,,Wings @ Valkyries,2026-10-03T01:00:00Z,Fri 09:00pm,N/A,N/A,ESPN2,,,10/2/2026,10.5,,,,No,,19.48,28,51.51,48.49,51.51,10.5,,0,,10.5,10.5,10.5,10.5,Push
Kiah StokesPts+Rebs+Asts,Kiah StokesPts+Rebs+Asts10.5,WNBA,317423,Kiah Stokes,C,GSV,Pts+Rebs+Asts,10.5,TRUE,10/2/2026,12/30/1899,pre_game,WNBA,standard,https://static.prizepicks.com/images/players/WNBA/Kiah_Stokes_WNBA_player_ndf93Nxv7e15yD38rl5xBPni.webp,15366620,10.5,51.41,48.59,-9.22,51.41,Over,https://www.freeiconspng.com/img/1934,,,,,Wings @ Valkyries,2026-10-03T01:00:00Z,Fri 09:00pm,N/A,N/A,ESPN2,,,10/2/2026,10.5,,,,No,,18.53,21,51.41,48.59,51.41,10.5,,0,,10.5,10.5,10.5,0,Push
Kiah Stokes + Awak KuierRebounds(Combo),Kiah Stokes + Awak KuierRebounds(Combo)10.5,WNBA,347639,Kiah Stokes + Awak Kuier,C,GSV/DAL,Rebounds (Combo),10.5,N/A,10/2/2026,12/30/1899,pre_game,WNBA,standard,https://static.prizepicks.com/images/players/CMBO_group_PtdeaM7XymqK57IAl782fYvh.webp,15382528,,,,,,,,,,,,Wings @ Valkyries,2026-10-03T01:00:00Z,Fri 09:00pm,N/A,N/A,ESPN2,,,10/2/2026,,,,,No,,,0,,,,0,,0,,0,0,10.5,0,Push
Veronica Burton + Jessica ShepardAssists(Combo),Veronica Burton + Jessica ShepardAssists(Combo)10.5,WNBA,324290,Veronica Burton + Jessica Shepard,G,GSV/DAL,Assists (Combo),10.5,N/A,10/2/2026,12/30/1899,pre_game,WNBA,standard,https://static.prizepicks.com/images/players/CMBO_group_RYnJIAZ0KxaSjqL4njdtRjKY.webp,15382535,,,,,,,,,,,,Wings @ Valkyries,2026-10-03T01:00:00Z,Fri 09:00pm,N/A,N/A,ESPN2,,,10/2/2026,,,,,No,,,0,,,,0,,0,,0,0,10.5,0,Push
Gabby WilliamsTwoPointersAttempted,Gabby WilliamsTwoPointersAttempted10.5,WNBA,316568,Gabby Williams,F,GSV,Two Pointers Attempted,10.5,N/A,10/2/2026,12/30/1899,pre_game,WNBA,standard,https://static.prizepicks.com/images/manual/Gabby Williams .png,15388662,,,,,,,,,,,,Wings @ Valkyries,2026-10-03T01:00:00Z,Fri 09:00pm,N/A,N/A,ESPN2,,,10/2/2026,,,,,No,,33.32,30,,,,0,,0,,0,0,10.5,0,Push
Tiffany HayesPts+Asts,Tiffany HayesPts+Asts10.5,WNBA,238101,Tiffany Hayes,G,GSV,Pts+Asts,10.5,TRUE,10/2/2026,12/30/1899,pre_game,WNBA,standard,https://static.prizepicks.com/images/players/WNBA/Tiffany_Hayes_WNBA_player_JZ73QF6RKriqG7DeqAWWKcDH.webp,15393593,10.5,50.73,49.27,-8.54,50.73,Over,https://www.freeiconspng.com/img/1934,,,,,Wings @ Valkyries,2026-10-03T01:00:00Z,Fri 09:00pm,N/A,N/A,ESPN2,,,10/2/2026,10.5,,,,No,,13.79,20,50.73,49.27,50.73,10.5,,0,,10.5,10.5,10.5,0,Push
Jessica ShepardPoints,Jessica ShepardPoints10,WNBA,317279,Jessica Shepard,F,DAL,Points,10,TRUE,10/2/2026,12/30/1899,pre_game,WNBA,standard,https://static.prizepicks.com/images/manual/JessShep.png,15364840,9.5,51.19,48.81,-9,51.19,Under,https://www.freeiconspng.com/img/1934,,No,8.2,159.7,Wings @ Valkyries,2026-10-03T01:00:00Z,Fri 09:00pm,N/A,N/A,ESPN2,,,10/2/2026,9.5,,,,No,GOL,29.6,31,48.16601768,51.83398232,50,9.5,,0,,9.5,9.5,9.6,9.5,Best Bet
Jessica ShepardRebounds,Jessica ShepardRebounds10,WNBA,317279,Jessica Shepard,F,DAL,Rebounds,10,N/A,10/2/2026,12/30/1899,pre_game,WNBA,standard,https://static.prizepicks.com/images/manual/JessShep.png,15380806,10.19,48.44,51.56,,51.56,Under,https://www.freeiconspng.com/img/1934,,No,8.2,159.7,Wings @ Valkyries,2026-10-03T01:00:00Z,Fri 09:00pm,N/A,N/A,ESPN2,,,10/2/2026,10.19,,,,No,GOL,29.6,31,47.56295262,52.43704738,52.44,10.19,,0,,10.19,10.19,10.21,10.5,Push
Veronica BurtonRebs+Asts,Veronica BurtonRebs+Asts10,WNBA,238261,Veronica Burton,G,GSV,Rebs+Asts,10,N/A,10/2/2026,12/30/1899,pre_game,WNBA,standard,https://static.prizepicks.com/images/players/WNBA/Veronica_Burton_WNBA_player_PgQhWXIUPjwd5ndjpucEaD8E.webp,15382050,9.5,53.44,46.56,-3.46,53.44,Under,https://www.freeiconspng.com/img/1934,,,,,Wings @ Valkyries,2026-10-03T01:00:00Z,Fri 09:00pm,N/A,N/A,ESPN2,,,10/2/2026,9.5,,,,No,,28.83,31,49.17851768,50.82148232,50,9.5,,0,,9.5,9.5,9.63,0,Push
Kiah Stokes + Paige BueckersRebounds(Combo),Kiah Stokes + Paige BueckersRebounds(Combo)10,WNBA,347638,Kiah Stokes + Paige Bueckers,C,GSV/DAL,Rebounds (Combo),10,N/A,10/2/2026,12/30/1899,pre_game,WNBA,standard,https://static.prizepicks.com/images/players/CMBO_group_RarhWiohYwhHjeRaEhbnvlNB.webp,15382518,,,,,,,,,,,,Wings @ Valkyries,2026-10-03T01:00:00Z,Fri 09:00pm,N/A,N/A,ESPN2,,,10/2/2026,,,,,No,,,0,,,,0,,0,,0,0,10,0,Push
Kayla Thornton + Awak KuierRebounds(Combo),Kayla Thornton + Awak KuierRebounds(Combo)10,WNBA,347640,Kayla Thornton + Awak Kuier,F,GSV/DAL,Rebounds (Combo),10,N/A,10/2/2026,12/30/1899,pre_game,WNBA,standard,https://static.prizepicks.com/images/players/CMBO_group_RfhCMIwMN7l9jjQPMTcgX4Ok.webp,15382519,,,,,,,,,,,,Wings @ Valkyries,2026-10-03T01:00:00Z,Fri 09:00pm,N/A,N/A,ESPN2,,,10/2/2026,,,,,No,,,0,,,,0,,0,,0,0,10,0,Push
Aziaha JamesPts+Rebs+Asts,Aziaha JamesPts+Rebs+Asts10,WNBA,245587,Aziaha James,G,DAL,Pts+Rebs+Asts,10,TRUE,10/2/2026,12/30/1899,pre_game,WNBA,standard,https://static.prizepicks.com/images/players/WNBA/Aziaha_James_WNBA_player_YTq6qCG2PgU73b0QUQItJH5H.webp,15382839,9.86,51.38,48.62,-9.19,51.38,Under,https://www.freeiconspng.com/img/1934,,No,8.2,159.7,Wings @ Valkyries,2026-10-03T01:00:00Z,Fri 09:00pm,N/A,N/A,ESPN2,,,10/2/2026,9.86,,,,No,GOL,12.64,12,47.55297315,52.44702685,52.45,9.86,,0,,9.86,9.86,9.89,0,Push
Kiah StokesPts+Rebs,Kiah StokesPts+Rebs9.5,WNBA,317423,Kiah Stokes,C,GSV,Pts+Rebs,9.5,TRUE,10/2/2026,12/30/1899,pre_game,WNBA,standard,https://static.prizepicks.com/images/players/WNBA/Kiah_Stokes_WNBA_player_ndf93Nxv7e15yD38rl5xBPni.webp,15366603,9.5,47.78,52.22,-5.59,52.22,Under,https://www.freeiconspng.com/img/1934,,,,,Wings @ Valkyries,2026-10-03T01:00:00Z,Fri 09:00pm,N/A,N/A,ESPN2,,,10/2/2026,9.5,,,,No,,18.53,21,47.78,52.22,52.22,9.5,,0,,9.5,9.5,9.5,0,Push
Cecilia ZandalasiniPts+Rebs,Cecilia ZandalasiniPts+Rebs9.5,WNBA,249153,Cecilia Zandalasini,F,GSV,Pts+Rebs,9.5,TRUE,10/2/2026,12/30/1899,pre_game,WNBA,standard,https://static.prizepicks.com/images/players/WNBA/Cecilia_Zandalasini_WNBA_player_J9EZms55fyBgGOFTRR36l10v.webp,15366611,9.5,51.33,48.67,-9.14,51.33,Over,https://www.freeiconspng.com/img/1934,,,,,Wings @ Valkyries,2026-10-03T01:00:00Z,Fri 09:00pm,N/A,N/A,ESPN2,,,10/2/2026,9.5,,,,No,,13.41,17,51.33,48.67,51.33,9.5,,0,,9.5,9.5,9.5,0,Push
Cecilia ZandalasiniPts+Asts,Cecilia ZandalasiniPts+Asts9.5,WNBA,249153,Cecilia Zandalasini,F,GSV,Pts+Asts,9.5,TRUE,10/2/2026,12/30/1899,pre_game,WNBA,standard,https://static.prizepicks.com/images/players/WNBA/Cecilia_Zandalasini_WNBA_player_J9EZms55fyBgGOFTRR36l10v.webp,15366618,9.5,48.96,51.04,-6.77,51.04,Under,https://www.freeiconspng.com/img/1934,,,,,Wings @ Valkyries,2026-10-03T01:00:00Z,Fri 09:00pm,N/A,N/A,ESPN2,,,10/2/2026,9.5,,,,No,,13.41,17,48.96,51.04,51.04,9.5,,0,,9.5,9.5,9.5,0,Push
Veronica BurtonFGAttempted,Veronica BurtonFGAttempted9.5,WNBA,238261,Veronica Burton,G,GSV,FG Attempted,9.5,N/A,10/2/2026,12/30/1899,pre_game,WNBA,standard,https://static.prizepicks.com/images/players/WNBA/Veronica_Burton_WNBA_player_PgQhWXIUPjwd5ndjpucEaD8E.webp,15388624,,,,,,,,,,,,Wings @ Valkyries,2026-10-03T01:00:00Z,Fri 09:00pm,N/A,N/A,ESPN2,,,10/2/2026,,,,,No,,28.83,31,,,,0,,0,,0,0,9.5,9.5,Push
Paige BueckersTwoPointersAttempted,Paige BueckersTwoPointersAttempted9.5,WNBA,237836,Paige Bueckers,G,DAL,Two Pointers Attempted,9.5,N/A,10/2/2026,12/30/1899,pre_game,WNBA,standard,https://static.prizepicks.com/images/players/WNBA/Paige_Bueckers_WNBA_player_9Y8nnqPB9PRhUk1Zb4Mlsb5c.webp,15388663,,,,,,,,,No,8.2,159.7,Wings @ Valkyries,2026-10-03T01:00:00Z,Fri 09:00pm,N/A,N/A,ESPN2,,,10/2/2026,,,,,No,GOL,32.51,33,,,,0,,0,,0,0,9.5,0,Push
Paige BueckersRebs+Asts,Paige BueckersRebs+Asts9,WNBA,237836,Paige Bueckers,G,DAL,Rebs+Asts,9,N/A,10/2/2026,12/30/1899,pre_game,WNBA,standard,https://static.prizepicks.com/images/players/WNBA/Paige_Bueckers_WNBA_player_9Y8nnqPB9PRhUk1Zb4Mlsb5c.webp,15382048,8.94,50.07,49.93,-7.74,50.07,Over,https://www.freeiconspng.com/img/1934,,No,8.2,159.7,Wings @ Valkyries,2026-10-03T01:00:00Z,Fri 09:00pm,N/A,N/A,ESPN2,,,10/2/2026,8.94,,,,No,GOL,32.51,33,50.07,49.93,50.07,8.94,,0,,8.94,8.94,8.96,0,Push
Kayla Thornton + Paige BueckersRebounds(Combo),Kayla Thornton + Paige BueckersRebounds(Combo)9,WNBA,347641,Kayla Thornton + Paige Bueckers,F,GSV/DAL,Rebounds (Combo),9,N/A,10/2/2026,12/30/1899,pre_game,WNBA,standard,https://static.prizepicks.com/images/players/CMBO_group_TDyQA9V9a0EGPIKeNqbjBhsL.webp,15382531,,,,,,,,,,,,Wings @ Valkyries,2026-10-03T01:00:00Z,Fri 09:00pm,N/A,N/A,ESPN2,,,10/2/2026,,,,,No,,,0,,,,0,,0,,0,0,9,0,Push
Gabby Williams + Paige BueckersAssists(Combo),Gabby Williams + Paige BueckersAssists(Combo)9,WNBA,324287,Gabby Williams + Paige Bueckers,F,GSV/DAL,Assists (Combo),9,N/A,10/2/2026,12/30/1899,pre_game,WNBA,standard,https://static.prizepicks.com/images/manual/Gabby Williams + Paige Bueckers.png,15382533,,,,,,,,,,,,Wings @ Valkyries,2026-10-03T01:00:00Z,Fri 09:00pm,N/A,N/A,ESPN2,,,10/2/2026,,,,,No,,,0,,,,0,,0,,0,0,9,0,Push
Kayla ThorntonPts+Asts,Kayla ThorntonPts+Asts8.5,WNBA,238102,Kayla Thornton,F,GSV,Pts+Asts,8.5,TRUE,10/2/2026,12/30/1899,pre_game,WNBA,standard,https://static.prizepicks.com/images/players/WNBA/Kayla_Thornton_WNBA_player_LW0QKyGiDE0bVq5F3TkgEtm8.webp,15372352,8.5,50.78,49.22,-8.59,50.78,Over,https://www.freeiconspng.com/img/1934,,,,,Wings @ Valkyries,2026-10-03T01:00:00Z,Fri 09:00pm,N/A,N/A,ESPN2,,,10/2/2026,8.5,,,,No,,19.04,28,50.78,49.22,50.78,8.5,,0,,8.5,8.5,8.5,0,Push
Gabby Williams + Jessica ShepardAssists(Combo),Gabby Williams + Jessica ShepardAssists(Combo)8.5,WNBA,334904,Gabby Williams + Jessica Shepard,F,GSV/DAL,Assists (Combo),8.5,N/A,10/2/2026,12/30/1899,pre_game,WNBA,standard,https://static.prizepicks.com/images/manual/Gabby Williams + Jessica Shepard.png,15382532,,,,,,,,,,,,Wings @ Valkyries,2026-10-03T01:00:00Z,Fri 09:00pm,N/A,N/A,ESPN2,,,10/2/2026,,,,,No,,,0,,,,0,,0,,0,0,8.5,0,Push
Janelle SalaünFGAttempted,Janelle SalaünFGAttempted8.5,WNBA,240424,Janelle Salaün,F,GSV,FG Attempted,8.5,N/A,10/2/2026,12/30/1899,pre_game,WNBA,standard,https://static.prizepicks.com/images/players/WNBA/Janelle_Sala%C3%BCn_WNBA_player_TJWeCgZ3Bq8UPDeH4ehDuDYm.webp,15388621,,,,,,,,,,,,Wings @ Valkyries,2026-10-03T01:00:00Z,Fri 09:00pm,N/A,N/A,ESPN2,,,10/2/2026,,,,,No,,19.48,28,,,,0,,0,,0,0,8.5,8.5,Push
Jessica ShepardDefensiveRebounds,Jessica ShepardDefensiveRebounds8,WNBA,317279,Jessica Shepard,F,DAL,Defensive Rebounds,8,N/A,10/2/2026,12/30/1899,pre_game,WNBA,standard,https://static.prizepicks.com/images/manual/JessShep.png,15383035,,,,,,,,,No,8.2,159.7,Wings @ Valkyries,2026-10-03T01:00:00Z,Fri 09:00pm,N/A,N/A,ESPN2,,,10/2/2026,,,,,No,GOL,29.6,31,,,,0,,0,,0,0,8,0,Push
Arike OgunbowaleTwoPointersAttempted,Arike OgunbowaleTwoPointersAttempted8,WNBA,237835,Arike Ogunbowale,G,DAL,Two Pointers Attempted,8,N/A,10/2/2026,12/30/1899,pre_game,WNBA,standard,https://static.prizepicks.com/images/players/WNBA/Arike_Ogunbowale_WNBA_player_li5EkQnXby20K9Lhu8gX4Ygc.webp,15388661,,,,,,,,,No,8.2,159.7,Wings @ Valkyries,2026-10-03T01:00:00Z,Fri 09:00pm,N/A,N/A,ESPN2,,,10/2/2026,,,,,No,GOL,25.36,32,,,,0,,0,,0,0,8,0,Push
Kayla ThorntonPoints,Kayla ThorntonPoints7.5,WNBA,238102,Kayla Thornton,F,GSV,Points,7.5,TRUE,10/2/2026,12/30/1899,pre_game,WNBA,standard,https://static.prizepicks.com/images/players/WNBA/Kayla_Thornton_WNBA_player_LW0QKyGiDE0bVq5F3TkgEtm8.webp,15364863,7.5,51.57,48.43,-9.38,51.57,Over,https://www.freeiconspng.com/img/1934,,,,,Wings @ Valkyries,2026-10-03T01:00:00Z,Fri 09:00pm,N/A,N/A,ESPN2,,,10/2/2026,7.5,,,,No,,19.04,28,51.57,48.43,51.57,7.5,,0,,7.5,7.5,7.5,7.5,Push
Cecilia ZandalasiniPoints,Cecilia ZandalasiniPoints7.5,WNBA,249153,Cecilia Zandalasini,F,GSV,Points,7.5,TRUE,10/2/2026,12/30/1899,pre_game,WNBA,standard,https://static.prizepicks.com/images/players/WNBA/Cecilia_Zandalasini_WNBA_player_J9EZms55fyBgGOFTRR36l10v.webp,15366647,7.5,49.67,50.33,-7.48,50.33,Under,https://www.freeiconspng.com/img/1934,,,,,Wings @ Valkyries,2026-10-03T01:00:00Z,Fri 09:00pm,N/A,N/A,ESPN2,,,10/2/2026,7.5,,,,No,,13.41,17,49.67,50.33,50.33,7.5,,0,,7.5,7.5,7.5,7.5,Best Bet
Kiah StokesRebs+Asts,Kiah StokesRebs+Asts7.5,WNBA,317423,Kiah Stokes,C,GSV,Rebs+Asts,7.5,TRUE,10/2/2026,12/30/1899,pre_game,WNBA,standard,https://static.prizepicks.com/images/players/WNBA/Kiah_Stokes_WNBA_player_ndf93Nxv7e15yD38rl5xBPni.webp,15373830,7.5,49.64,50.36,-7.45,50.36,Under,https://www.freeiconspng.com/img/1934,,,,,Wings @ Valkyries,2026-10-03T01:00:00Z,Fri 09:00pm,N/A,N/A,ESPN2,,,10/2/2026,7.5,,,,No,,18.53,21,49.64,50.36,50.36,7.5,,0,,7.5,7.5,7.5,0,Push
Gabby WilliamsFGMade,Gabby WilliamsFGMade7.5,WNBA,316568,Gabby Williams,F,GSV,FG Made,7.5,N/A,10/2/2026,12/30/1899,pre_game,WNBA,standard,https://static.prizepicks.com/images/manual/Gabby Williams .png,15388614,,,,,,,,,,,,Wings @ Valkyries,2026-10-03T01:00:00Z,Fri 09:00pm,N/A,N/A,ESPN2,,,10/2/2026,,,,,No,,33.32,30,,,,0,,0,,0,0,7.5,0,Push
Paige BueckersFGMade,Paige BueckersFGMade7.5,WNBA,237836,Paige Bueckers,G,DAL,FG Made,7.5,N/A,10/2/2026,12/30/1899,pre_game,WNBA,standard,https://static.prizepicks.com/images/players/WNBA/Paige_Bueckers_WNBA_player_9Y8nnqPB9PRhUk1Zb4Mlsb5c.webp,15388617,,,,,,,,,No,8.2,159.7,Wings @ Valkyries,2026-10-03T01:00:00Z,Fri 09:00pm,N/A,N/A,ESPN2,,,10/2/2026,,,,,No,GOL,32.51,33,,,,0,,0,,0,0,7.5,0,Push
Jessica ShepardFGAttempted,Jessica ShepardFGAttempted7.5,WNBA,317279,Jessica Shepard,F,DAL,FG Attempted,7.5,N/A,10/2/2026,12/30/1899,pre_game,WNBA,standard,https://static.prizepicks.com/images/manual/JessShep.png,15388622,,,,,,,,,No,8.2,159.7,Wings @ Valkyries,2026-10-03T01:00:00Z,Fri 09:00pm,N/A,N/A,ESPN2,,,10/2/2026,,,,,No,GOL,29.6,31,,,,0,,0,,0,0,7.5,7.5,Push
Arike OgunbowaleRebs+Asts,Arike OgunbowaleRebs+Asts6.5,WNBA,237835,Arike Ogunbowale,G,DAL,Rebs+Asts,6.5,TRUE,10/2/2026,12/30/1899,pre_game,WNBA,standard,https://static.prizepicks.com/images/players/WNBA/Arike_Ogunbowale_WNBA_player_li5EkQnXby20K9Lhu8gX4Ygc.webp,15373597,6.5,49.69,50.31,-7.5,50.31,Under,https://www.freeiconspng.com/img/1934,,No,8.2,159.7,Wings @ Valkyries,2026-10-03T01:00:00Z,Fri 09:00pm,N/A,N/A,ESPN2,,,10/2/2026,6.5,,,,No,GOL,25.36,32,49.69,50.31,50.31,6.5,,0,,6.5,6.5,6.5,0,Push
Awak KuierPoints,Awak KuierPoints6.5,WNBA,65822,Awak Kuier,F,DAL,Points,6.5,N/A,10/2/2026,12/30/1899,pre_game,WNBA,standard,https://static.prizepicks.com/images/players/WNBA/Awak_Kuier_WNBA_player_zbz8CS8qtfJhA8khFf9GM1PD.webp,15380793,6.5,51.72,48.28,,51.72,Over,https://www.freeiconspng.com/img/1934,,No,8.2,159.7,Wings @ Valkyries,2026-10-03T01:00:00Z,Fri 09:00pm,N/A,N/A,ESPN2,,,10/2/2026,6.5,,,,No,GOL,18.94,20,51.72,48.28,51.72,6.5,,0,,6.5,6.5,6.5,6.5,Push
Kiah StokesRebounds,Kiah StokesRebounds6,WNBA,317423,Kiah Stokes,C,GSV,Rebounds,6,TRUE,10/2/2026,12/30/1899,pre_game,WNBA,standard,https://static.prizepicks.com/images/players/WNBA/Kiah_Stokes_WNBA_player_ndf93Nxv7e15yD38rl5xBPni.webp,15380607,5.73,51.82,48.18,-9.27,51.82,Under,https://www.freeiconspng.com/img/1934,,,,,Wings @ Valkyries,2026-10-03T01:00:00Z,Fri 09:00pm,N/A,N/A,ESPN2,,,10/2/2026,5.73,,,,No,,18.53,21,46.83092963,53.16907037,53.17,5.73,,0,,5.73,5.73,5.74,5.5,Best Bet
Veronica BurtonAssists,Veronica BurtonAssists6,WNBA,238261,Veronica Burton,G,GSV,Assists,6,N/A,10/2/2026,12/30/1899,pre_game,WNBA,standard,https://static.prizepicks.com/images/players/WNBA/Veronica_Burton_WNBA_player_PgQhWXIUPjwd5ndjpucEaD8E.webp,15381828,6.13,47.76,52.24,-11.75,52.24,Under,https://www.freeiconspng.com/img/1934,,,,,Wings @ Valkyries,2026-10-03T01:00:00Z,Fri 09:00pm,N/A,N/A,ESPN2,,,10/2/2026,6.13,,,,No,,28.83,31,46.88523772,53.11476228,53.11,6.13,,0,,6.13,6.13,6.18,6.5,Push
Awak KuierRebs+Asts,Awak KuierRebs+Asts6,WNBA,65822,Awak Kuier,F,DAL,Rebs+Asts,6,N/A,10/2/2026,12/30/1899,pre_game,WNBA,standard,https://static.prizepicks.com/images/players/WNBA/Awak_Kuier_WNBA_player_zbz8CS8qtfJhA8khFf9GM1PD.webp,15382047,6.5,46.47,53.53,-5.32,53.53,Under,https://www.freeiconspng.com/img/1934,,No,8.2,159.7,Wings @ Valkyries,2026-10-03T01:00:00Z,Fri 09:00pm,N/A,N/A,ESPN2,,,10/2/2026,6.5,,,,No,GOL,18.94,20,46.93220541,53.06779459,53.07,6.5,,0,,6.5,6.5,6.38,0,Push
Kayla ThorntonRebs+Asts,Kayla ThorntonRebs+Asts6,WNBA,238102,Kayla Thornton,F,GSV,Rebs+Asts,6,N/A,10/2/2026,12/30/1899,pre_game,WNBA,standard,https://static.prizepicks.com/images/players/WNBA/Kayla_Thornton_WNBA_player_LW0QKyGiDE0bVq5F3TkgEtm8.webp,15382049,6,50.15,49.85,-7.96,50.15,Over,https://www.freeiconspng.com/img/1934,,,,,Wings @ Valkyries,2026-10-03T01:00:00Z,Fri 09:00pm,N/A,N/A,ESPN2,,,10/2/2026,6,,,,No,,19.04,28,50.15,49.85,50.15,6,,0,,6,6,6,0,Push
Arike Ogunbowale3-PTAttempted,Arike Ogunbowale3-PTAttempted6,WNBA,237835,Arike Ogunbowale,G,DAL,3-PT Attempted,6,N/A,10/2/2026,12/30/1899,pre_game,WNBA,standard,https://static.prizepicks.com/images/players/WNBA/Arike_Ogunbowale_WNBA_player_li5EkQnXby20K9Lhu8gX4Ygc.webp,15388625,,,,,,,,,No,8.2,159.7,Wings @ Valkyries,2026-10-03T01:00:00Z,Fri 09:00pm,N/A,N/A,ESPN2,,,10/2/2026,,,,,No,GOL,25.36,32,,,,0,,0,,0,0,6,0,Push
Gabby Williams3-PTAttempted,Gabby Williams3-PTAttempted6,WNBA,316568,Gabby Williams,F,GSV,3-PT Attempted,6,N/A,10/2/2026,12/30/1899,pre_game,WNBA,standard,https://static.prizepicks.com/images/manual/Gabby Williams .png,15388626,,,,,,,,,,,,Wings @ Valkyries,2026-10-03T01:00:00Z,Fri 09:00pm,N/A,N/A,ESPN2,,,10/2/2026,,,,,No,,33.32,30,,,,0,,0,,0,0,6,0,Push
Paige BueckersTwoPointersMade,Paige BueckersTwoPointersMade6,WNBA,237836,Paige Bueckers,G,DAL,Two Pointers Made,6,N/A,10/2/2026,12/30/1899,pre_game,WNBA,standard,https://static.prizepicks.com/images/players/WNBA/Paige_Bueckers_WNBA_player_9Y8nnqPB9PRhUk1Zb4Mlsb5c.webp,15388659,,,,,,,,,No,8.2,159.7,Wings @ Valkyries,2026-10-03T01:00:00Z,Fri 09:00pm,N/A,N/A,ESPN2,,,10/2/2026,,,,,No,GOL,32.51,33,,,,0,,0,,0,0,6,0,Push
Aziaha JamesPoints,Aziaha JamesPoints5.5,WNBA,245587,Aziaha James,G,DAL,Points,5.5,TRUE,10/2/2026,12/30/1899,pre_game,WNBA,standard,https://static.prizepicks.com/images/players/WNBA/Aziaha_James_WNBA_player_YTq6qCG2PgU73b0QUQItJH5H.webp,15369405,5.78,48.94,51.06,-6.75,51.06,Under,https://www.freeiconspng.com/img/1934,,No,8.2,159.7,Wings @ Valkyries,2026-10-03T01:00:00Z,Fri 09:00pm,N/A,N/A,ESPN2,,,10/2/2026,5.78,,,,No,GOL,12.64,12,47.5224401,52.4775599,52.48,5.78,,0,,5.78,5.78,5.47,4.5,Push
Alysha ClarkPoints,Alysha ClarkPoints5.5,WNBA,333607,Alysha Clark,F,DAL,Points,5.5,TRUE,10/2/2026,12/30/1899,pre_game,WNBA,standard,https://static.prizepicks.com/images/manual/Alysha_Clark-removebg-preview.png,15373895,5.5,48.9,51.1,-6.71,51.1,Under,https://www.freeiconspng.com/img/1934,,No,8.2,159.7,Wings @ Valkyries,2026-10-03T01:00:00Z,Fri 09:00pm,N/A,N/A,ESPN2,,,10/2/2026,5.5,,,,No,GOL,9.55,5,48.9,51.1,51.1,5.5,,0,,5.5,5.5,5.5,5.5,Best Bet
Kaila CharlesPoints,Kaila CharlesPoints5.5,WNBA,259687,Kaila Charles,GF,GSV,Points,5.5,TRUE,10/2/2026,12/30/1899,pre_game,WNBA,standard,https://static.prizepicks.com/images/players/NBA/Kaila_Charles_WNBA_player_vxM5bpXnub73N8SOOIjBxlFf.webp,15385972,5.5,49.68,50.32,-2.51,50.32,Under,https://www.freeiconspng.com/img/1934,,,,,Wings @ Valkyries,2026-10-03T01:00:00Z,Fri 09:00pm,N/A,N/A,ESPN2,,,10/2/2026,5.5,,,,No,,13.02,15,49.68,50.32,50.32,5.5,,0,,5.5,5.5,5.5,5.5,Best Bet
Arike OgunbowaleFGMade,Arike OgunbowaleFGMade5.5,WNBA,237835,Arike Ogunbowale,G,DAL,FG Made,5.5,N/A,10/2/2026,12/30/1899,pre_game,WNBA,standard,https://static.prizepicks.com/images/players/WNBA/Arike_Ogunbowale_WNBA_player_li5EkQnXby20K9Lhu8gX4Ygc.webp,15388613,,,,,,,,,No,8.2,159.7,Wings @ Valkyries,2026-10-03T01:00:00Z,Fri 09:00pm,N/A,N/A,ESPN2,,,10/2/2026,,,,,No,GOL,25.36,32,,,,0,,0,,0,0,5.5,0,Push
Veronica BurtonTwoPointersAttempted,Veronica BurtonTwoPointersAttempted5.5,WNBA,238261,Veronica Burton,G,GSV,Two Pointers Attempted,5.5,N/A,10/2/2026,12/30/1899,pre_game,WNBA,standard,https://static.prizepicks.com/images/players/WNBA/Veronica_Burton_WNBA_player_PgQhWXIUPjwd5ndjpucEaD8E.webp,15388664,,,,,,,,,,,,Wings @ Valkyries,2026-10-03T01:00:00Z,Fri 09:00pm,N/A,N/A,ESPN2,,,10/2/2026,,,,,No,,28.83,31,,,,0,,0,,0,0,5.5,0,Push
Paige BueckersAssists,Paige BueckersAssists5,WNBA,237836,Paige Bueckers,G,DAL,Assists,5,TRUE,10/2/2026,12/30/1899,pre_game,WNBA,standard,https://static.prizepicks.com/images/players/WNBA/Paige_Bueckers_WNBA_player_9Y8nnqPB9PRhUk1Zb4Mlsb5c.webp,15364870,4.5,53.81,46.19,,53.81,Under,https://www.freeiconspng.com/img/1934,,No,8.2,159.7,Wings @ Valkyries,2026-10-03T01:00:00Z,Fri 09:00pm,N/A,N/A,ESPN2,,,10/2/2026,4.5,,,,No,GOL,32.51,33,48.77770988,51.22229012,50,4.5,,0,,4.5,4.5,4.6,4.5,Best Bet
Awak KuierRebounds,Awak KuierRebounds5,WNBA,65822,Awak Kuier,F,DAL,Rebounds,5,N/A,10/2/2026,12/30/1899,pre_game,WNBA,standard,https://static.prizepicks.com/images/players/WNBA/Awak_Kuier_WNBA_player_zbz8CS8qtfJhA8khFf9GM1PD.webp,15380805,4.5,55.03,44.97,-3.99,55.03,Under,https://www.freeiconspng.com/img/1934,,No,8.2,159.7,Wings @ Valkyries,2026-10-03T01:00:00Z,Fri 09:00pm,N/A,N/A,ESPN2,,,10/2/2026,4.5,,,,No,GOL,18.94,20,49.32670988,50.67329012,50,4.5,,0,,4.5,4.5,4.6,4.5,Best Bet
Kayla ThorntonRebounds,Kayla ThorntonRebounds5,WNBA,238102,Kayla Thornton,F,GSV,Rebounds,5,N/A,10/2/2026,12/30/1899,pre_game,WNBA,standard,https://static.prizepicks.com/images/players/WNBA/Kayla_Thornton_WNBA_player_LW0QKyGiDE0bVq5F3TkgEtm8.webp,15380808,4.75,51.76,48.24,-14.45,51.76,Under,https://www.freeiconspng.com/img/1934,,,,,Wings @ Valkyries,2026-10-03T01:00:00Z,Fri 09:00pm,N/A,N/A,ESPN2,,,10/2/2026,4.75,,,,No,,19.04,28,46.67324363,53.32675637,53.33,4.75,,0,,4.75,4.75,4.75,4.5,Best Bet
Kiah StokesDefensiveRebounds,Kiah StokesDefensiveRebounds5,WNBA,317423,Kiah Stokes,C,GSV,Defensive Rebounds,5,N/A,10/2/2026,12/30/1899,pre_game,WNBA,standard,https://static.prizepicks.com/images/players/WNBA/Kiah_Stokes_WNBA_player_ndf93Nxv7e15yD38rl5xBPni.webp,15383037,,,,,,,,,,,,Wings @ Valkyries,2026-10-03T01:00:00Z,Fri 09:00pm,N/A,N/A,ESPN2,,,10/2/2026,,,,,No,,18.53,21,,,,0,,0,,0,0,5,0,Push
Paige Bueckers3-PTAttempted,Paige Bueckers3-PTAttempted5,WNBA,237836,Paige Bueckers,G,DAL,3-PT Attempted,5,N/A,10/2/2026,12/30/1899,pre_game,WNBA,standard,https://static.prizepicks.com/images/players/WNBA/Paige_Bueckers_WNBA_player_9Y8nnqPB9PRhUk1Zb4Mlsb5c.webp,15388633,,,,,,,,,No,8.2,159.7,Wings @ Valkyries,2026-10-03T01:00:00Z,Fri 09:00pm,N/A,N/A,ESPN2,,,10/2/2026,,,,,No,GOL,32.51,33,,,,0,,0,,0,0,5,0,Push
Arike OgunbowaleFreeThrowsAttempted,Arike OgunbowaleFreeThrowsAttempted5,WNBA,237835,Arike Ogunbowale,G,DAL,Free Throws Attempted,5,N/A,10/2/2026,12/30/1899,pre_game,WNBA,standard,https://static.prizepicks.com/images/players/WNBA/Arike_Ogunbowale_WNBA_player_li5EkQnXby20K9Lhu8gX4Ygc.webp,15388637,,,,,,,,,No,8.2,159.7,Wings @ Valkyries,2026-10-03T01:00:00Z,Fri 09:00pm,N/A,N/A,ESPN2,,,10/2/2026,,,,,No,GOL,25.36,32,,,,0,,0,,0,0,5,0,Push
Kiah StokesPts+Asts,Kiah StokesPts+Asts4.5,WNBA,317423,Kiah Stokes,C,GSV,Pts+Asts,4.5,TRUE,10/2/2026,12/30/1899,pre_game,WNBA,standard,https://static.prizepicks.com/images/players/WNBA/Kiah_Stokes_WNBA_player_ndf93Nxv7e15yD38rl5xBPni.webp,15376133,4.5,49.97,50.03,-7.78,50.03,Under,https://www.freeiconspng.com/img/1934,,,,,Wings @ Valkyries,2026-10-03T01:00:00Z,Fri 09:00pm,N/A,N/A,ESPN2,,,10/2/2026,4.5,,,,No,,18.53,21,49.97,50.03,50.03,4.5,,0,,4.5,4.5,4.5,0,Push
Arike OgunbowaleFreeThrowsMade,Arike OgunbowaleFreeThrowsMade4.5,WNBA,237835,Arike Ogunbowale,G,DAL,Free Throws Made,4.5,N/A,10/2/2026,12/30/1899,pre_game,WNBA,standard,https://static.prizepicks.com/images/players/WNBA/Arike_Ogunbowale_WNBA_player_li5EkQnXby20K9Lhu8gX4Ygc.webp,15388607,,,,,,,,,No,8.2,159.7,Wings @ Valkyries,2026-10-03T01:00:00Z,Fri 09:00pm,N/A,N/A,ESPN2,,,10/2/2026,,,,,No,GOL,25.36,32,,,,0,,0,,0,0,4.5,4.5,Push
Veronica BurtonFGMade,Veronica BurtonFGMade4.5,WNBA,238261,Veronica Burton,G,GSV,FG Made,4.5,N/A,10/2/2026,12/30/1899,pre_game,WNBA,standard,https://static.prizepicks.com/images/players/WNBA/Veronica_Burton_WNBA_player_PgQhWXIUPjwd5ndjpucEaD8E.webp,15388618,,,,,,,,,,,,Wings @ Valkyries,2026-10-03T01:00:00Z,Fri 09:00pm,N/A,N/A,ESPN2,,,10/2/2026,,,,,No,,28.83,31,,,,0,,0,,0,0,4.5,0,Push
Janelle Salaün3-PTAttempted,Janelle Salaün3-PTAttempted4.5,WNBA,240424,Janelle Salaün,F,GSV,3-PT Attempted,4.5,N/A,10/2/2026,12/30/1899,pre_game,WNBA,standard,https://static.prizepicks.com/images/players/WNBA/Janelle_Sala%C3%BCn_WNBA_player_TJWeCgZ3Bq8UPDeH4ehDuDYm.webp,15388629,,,,,,,,,,,,Wings @ Valkyries,2026-10-03T01:00:00Z,Fri 09:00pm,N/A,N/A,ESPN2,,,10/2/2026,,,,,No,,19.48,28,,,,0,,0,,0,0,4.5,0,Push
Paige BueckersRebounds,Paige BueckersRebounds4,WNBA,237836,Paige Bueckers,G,DAL,Rebounds,4,N/A,10/2/2026,12/30/1899,pre_game,WNBA,standard,https://static.prizepicks.com/images/players/WNBA/Paige_Bueckers_WNBA_player_9Y8nnqPB9PRhUk1Zb4Mlsb5c.webp,15380807,4.21,47.93,52.07,-10.48,52.07,Under,https://www.freeiconspng.com/img/1934,,No,8.2,159.7,Wings @ Valkyries,2026-10-03T01:00:00Z,Fri 09:00pm,N/A,N/A,ESPN2,,,10/2/2026,4.21,,,,No,GOL,32.51,33,46.85928022,53.14071978,53.14,4.21,,0,,4.21,4.21,4.23,4.5,Push
Gabby WilliamsAssists,Gabby WilliamsAssists4,WNBA,316568,Gabby Williams,F,GSV,Assists,4,N/A,10/2/2026,12/30/1899,pre_game,WNBA,standard,https://static.prizepicks.com/images/manual/Gabby Williams .png,15381829,3.5,56.64,43.36,-2.21,56.64,Under,https://www.freeiconspng.com/img/1934,,,,,Wings @ Valkyries,2026-10-03T01:00:00Z,Fri 09:00pm,N/A,N/A,ESPN2,,,10/2/2026,3.5,,,,No,,33.32,30,49.85922066,50.14077934,50,3.5,,0,,3.5,3.5,3.6,3.5,Best Bet
Gabby Williams + Arike Ogunbowale3-PTMade(Combo),Gabby Williams + Arike Ogunbowale3-PTMade(Combo)4,WNBA,324284,Gabby Williams + Arike Ogunbowale,F,GSV/DAL,3-PT Made (Combo),4,N/A,10/2/2026,12/30/1899,pre_game,WNBA,standard,https://static.prizepicks.com/images/manual/Gabby Williams + Arike Ogunbowale.png,15382536,,,,,,,,,,,,Wings @ Valkyries,2026-10-03T01:00:00Z,Fri 09:00pm,N/A,N/A,ESPN2,,,10/2/2026,,,,,No,,,0,,,,0,,0,,0,0,4,0,Push
Janelle Salaün + Arike Ogunbowale3-PTMade(Combo),Janelle Salaün + Arike Ogunbowale3-PTMade(Combo)4,WNBA,324285,Janelle Salaün + Arike Ogunbowale,F,GSV/DAL,3-PT Made (Combo),4,N/A,10/2/2026,12/30/1899,pre_game,WNBA,standard,https://static.prizepicks.com/images/players/CMBO_group_XLplZ6yNAuwutg0oWAXlvHEs.webp,15382537,,,,,,,,,,,,Wings @ Valkyries,2026-10-03T01:00:00Z,Fri 09:00pm,N/A,N/A,ESPN2,,,10/2/2026,,,,,No,,,0,,,,0,,0,,0,0,4,0,Push
Gabby Williams + Paige Bueckers3-PTMade(Combo),Gabby Williams + Paige Bueckers3-PTMade(Combo)4,WNBA,324287,Gabby Williams + Paige Bueckers,F,GSV/DAL,3-PT Made (Combo),4,N/A,10/2/2026,12/30/1899,pre_game,WNBA,standard,https://static.prizepicks.com/images/manual/Gabby Williams + Paige Bueckers.png,15382538,,,,,,,,,,,,Wings @ Valkyries,2026-10-03T01:00:00Z,Fri 09:00pm,N/A,N/A,ESPN2,,,10/2/2026,,,,,No,,,0,,,,0,,0,,0,0,4,0,Push
Janelle Salaün + Paige Bueckers3-PTMade(Combo),Janelle Salaün + Paige Bueckers3-PTMade(Combo)4,WNBA,324289,Janelle Salaün + Paige Bueckers,F,GSV/DAL,3-PT Made (Combo),4,N/A,10/2/2026,12/30/1899,pre_game,WNBA,standard,https://static.prizepicks.com/images/players/CMBO_group_MKdG6UY3KGnFT4q0BpMeZNIw.webp,15382539,,,,,,,,,,,,Wings @ Valkyries,2026-10-03T01:00:00Z,Fri 09:00pm,N/A,N/A,ESPN2,,,10/2/2026,,,,,No,,,0,,,,0,,0,,0,0,4,0,Push
Veronica Burton3-PTAttempted,Veronica Burton3-PTAttempted4,WNBA,238261,Veronica Burton,G,GSV,3-PT Attempted,4,N/A,10/2/2026,12/30/1899,pre_game,WNBA,standard,https://static.prizepicks.com/images/players/WNBA/Veronica_Burton_WNBA_player_PgQhWXIUPjwd5ndjpucEaD8E.webp,15388636,,,,,,,,,,,,Wings @ Valkyries,2026-10-03T01:00:00Z,Fri 09:00pm,N/A,N/A,ESPN2,,,10/2/2026,,,,,No,,28.83,31,,,,0,,0,,0,0,4,0,Push
Janelle SalaünRebounds,Janelle SalaünRebounds3.5,WNBA,240424,Janelle Salaün,F,GSV,Rebounds,3.5,TRUE,10/2/2026,12/30/1899,pre_game,WNBA,standard,https://static.prizepicks.com/images/players/WNBA/Janelle_Sala%C3%BCn_WNBA_player_TJWeCgZ3Bq8UPDeH4ehDuDYm.webp,15366300,3.5,52.11,47.89,,52.11,Over,https://www.freeiconspng.com/img/1934,,,,,Wings @ Valkyries,2026-10-03T01:00:00Z,Fri 09:00pm,N/A,N/A,ESPN2,,,10/2/2026,3.5,,,,No,,19.48,28,52.11,47.89,52.11,3.5,,0,,3.5,3.5,3.5,3.5,Push
Cecilia ZandalasiniRebs+Asts,Cecilia ZandalasiniRebs+Asts3.5,WNBA,249153,Cecilia Zandalasini,F,GSV,Rebs+Asts,3.5,TRUE,10/2/2026,12/30/1899,pre_game,WNBA,standard,https://static.prizepicks.com/images/players/WNBA/Cecilia_Zandalasini_WNBA_player_J9EZms55fyBgGOFTRR36l10v.webp,15374835,3.5,50.3,49.7,-8.11,50.3,Over,https://www.freeiconspng.com/img/1934,,,,,Wings @ Valkyries,2026-10-03T01:00:00Z,Fri 09:00pm,N/A,N/A,ESPN2,,,10/2/2026,3.5,,,,No,,13.41,17,50.3,49.7,50.3,3.5,,0,,3.5,3.5,3.5,0,Push
Veronica BurtonRebounds,Veronica BurtonRebounds3.5,WNBA,238261,Veronica Burton,G,GSV,Rebounds,3.5,N/A,10/2/2026,12/30/1899,pre_game,WNBA,standard,https://static.prizepicks.com/images/players/WNBA/Veronica_Burton_WNBA_player_PgQhWXIUPjwd5ndjpucEaD8E.webp,15380809,3.5,52.11,47.89,-9.92,52.11,Over,https://www.freeiconspng.com/img/1934,,,,,Wings @ Valkyries,2026-10-03T01:00:00Z,Fri 09:00pm,N/A,N/A,ESPN2,,,10/2/2026,3.5,,,,No,,28.83,31,52.11,47.89,52.11,3.5,,0,,3.5,3.5,3.5,3.5,Push
Veronica BurtonFreeThrowsAttempted,Veronica BurtonFreeThrowsAttempted3.5,WNBA,238261,Veronica Burton,G,GSV,Free Throws Attempted,3.5,N/A,10/2/2026,12/30/1899,pre_game,WNBA,standard,https://static.prizepicks.com/images/players/WNBA/Veronica_Burton_WNBA_player_PgQhWXIUPjwd5ndjpucEaD8E.webp,15388652,,,,,,,,,,,,Wings @ Valkyries,2026-10-03T01:00:00Z,Fri 09:00pm,N/A,N/A,ESPN2,,,10/2/2026,,,,,No,,28.83,31,,,,0,,0,,0,0,3.5,0,Push
Arike OgunbowaleRebounds,Arike OgunbowaleRebounds3,WNBA,237835,Arike Ogunbowale,G,DAL,Rebounds,3,N/A,10/2/2026,12/30/1899,pre_game,WNBA,standard,https://static.prizepicks.com/images/players/WNBA/Arike_Ogunbowale_WNBA_player_li5EkQnXby20K9Lhu8gX4Ygc.webp,15390158,3,49.4,50.6,-11.99,50.6,Under,https://www.freeiconspng.com/img/1934,,No,8.2,159.7,Wings @ Valkyries,2026-10-03T01:00:00Z,Fri 09:00pm,N/A,N/A,ESPN2,,,10/2/2026,3,,,,No,GOL,25.36,32,49.4,50.6,50.6,3,,0,,3,3,3.1,3.5,Great Bet
Paige BueckersFreeThrowsMade,Paige BueckersFreeThrowsMade2.5,WNBA,237836,Paige Bueckers,G,DAL,Free Throws Made,2.5,N/A,10/2/2026,12/30/1899,pre_game,WNBA,standard,https://static.prizepicks.com/images/players/WNBA/Paige_Bueckers_WNBA_player_9Y8nnqPB9PRhUk1Zb4Mlsb5c.webp,15388611,,,,,,,,,No,8.2,159.7,Wings @ Valkyries,2026-10-03T01:00:00Z,Fri 09:00pm,N/A,N/A,ESPN2,,,10/2/2026,,,,,No,GOL,32.51,33,,,,0,,0,,0,0,2.5,2.5,Push
Cecilia ZandalasiniAssists,Cecilia ZandalasiniAssists1.5,WNBA,249153,Cecilia Zandalasini,F,GSV,Assists,1.5,TRUE,10/2/2026,12/30/1899,pre_game,WNBA,standard,https://static.prizepicks.com/images/players/WNBA/Cecilia_Zandalasini_WNBA_player_J9EZms55fyBgGOFTRR36l10v.webp,15374828,1.5,47.84,52.16,-5.65,52.16,Under,https://www.freeiconspng.com/img/1934,,,,,Wings @ Valkyries,2026-10-03T01:00:00Z,Fri 09:00pm,N/A,N/A,ESPN2,,,10/2/2026,1.5,,,,No,,13.41,17,47.84,52.16,52.16,1.5,,0,,1.5,1.5,1.5,1.5,Best Bet
Arike OgunbowaleTurnovers,Arike OgunbowaleTurnovers1.5,WNBA,237835,Arike Ogunbowale,G,DAL,Turnovers,1.5,N/A,10/2/2026,12/30/1899,pre_game,WNBA,standard,https://static.prizepicks.com/images/players/WNBA/Arike_Ogunbowale_WNBA_player_li5EkQnXby20K9Lhu8gX4Ygc.webp,15383135,,,,,,,,,No,8.2,159.7,Wings @ Valkyries,2026-10-03T01:00:00Z,Fri 09:00pm,N/A,N/A,ESPN2,,,10/2/2026,,,,,No,GOL,25.36,32,,,,0,,0,,0,0,1.5,0,Push
Janelle SalaünTurnovers,Janelle SalaünTurnovers0.5,WNBA,240424,Janelle Salaün,F,GSV,Turnovers,0.5,N/A,10/2/2026,12/30/1899,pre_game,WNBA,standard,https://static.prizepicks.com/images/players/WNBA/Janelle_Sala%C3%BCn_WNBA_player_TJWeCgZ3Bq8UPDeH4ehDuDYm.webp,15383137,,,,,,,,,,,,Wings @ Valkyries,2026-10-03T01:00:00Z,Fri 09:00pm,N/A,N/A,ESPN2,,,10/2/2026,,,,,No,,19.48,28,,,,0,,0,,0,0,0.5,0,Push
Rhyne Howard + Breanna StewartPoints(Combo),Rhyne Howard + Breanna StewartPoints(Combo)41.5,WNBA,323273,Rhyne Howard + Breanna Stewart,G,ATL/NYL,Points (Combo),41.5,N/A,10/4/2026,12/30/1899,pre_game,WNBA,standard,https://static.prizepicks.com/images/players/CMBO_group_Gyfxcu5ATm2gQAr8GLAq8Gnd.webp,15383055,,,,,,,,,Yes,-3.1,173.2,,,,,,,,,10/4/2026,,,,,No,,,0,,,,0,,0,,0,0,41.5,0,Push
Allisha Gray + Breanna StewartPoints(Combo),Allisha Gray + Breanna StewartPoints(Combo)41.5,WNBA,323274,Allisha Gray + Breanna Stewart,G,ATL/NYL,Points (Combo),41.5,N/A,10/4/2026,12/30/1899,pre_game,WNBA,standard,https://static.prizepicks.com/images/players/CMBO_group_opJiDT3GCLdnsCzm8bpRcA0X.webp,15383067,,,,,,,,,Yes,-3.1,173.2,,,,,,,,,10/4/2026,,,,,No,,,0,,,,0,,0,,0,0,41.5,0,Push
Angel Reese + Breanna StewartPoints(Combo),Angel Reese + Breanna StewartPoints(Combo)38,WNBA,323275,Angel Reese + Breanna Stewart,F,ATL/NYL,Points (Combo),38,N/A,10/4/2026,12/30/1899,pre_game,WNBA,standard,https://static.prizepicks.com/images/players/CMBO_group_0eS8OvgMk9SRq95ymj8EIsKw.webp,15383057,,,,,,,,,Yes,-3.1,173.2,,,,,,,,,10/4/2026,,,,,No,,,0,,,,0,,0,,0,0,38,0,Push
Allisha Gray + Sabrina IonescuPoints(Combo),Allisha Gray + Sabrina IonescuPoints(Combo)34.5,WNBA,348914,Allisha Gray + Sabrina Ionescu,G,ATL/NYL,Points (Combo),34.5,N/A,10/4/2026,12/30/1899,pre_game,WNBA,standard,https://static.prizepicks.com/images/players/CMBO_group_PBNwK0tgJLpi53ZsxyTlOudd.webp,15383054,,,,,,,,,Yes,-3.1,173.2,,,,,,,,,10/4/2026,,,,,No,,,0,,,,0,,0,,0,0,34.5,0,Push
Rhyne Howard + Sabrina IonescuPoints(Combo),Rhyne Howard + Sabrina IonescuPoints(Combo)34.5,WNBA,348915,Rhyne Howard + Sabrina Ionescu,G,ATL/NYL,Points (Combo),34.5,N/A,10/4/2026,12/30/1899,pre_game,WNBA,standard,https://static.prizepicks.com/images/players/CMBO_group_wvIUJFE0Ut5icusRss6gtOG0.webp,15383068,,,,,,,,,Yes,-3.1,173.2,,,,,,,,,10/4/2026,,,,,No,,,0,,,,0,,0,,0,0,34.5,0,Push
Allisha Gray + Jonquel JonesPoints(Combo),Allisha Gray + Jonquel JonesPoints(Combo)33.5,WNBA,323276,Allisha Gray + Jonquel Jones,G,ATL/NYL,Points (Combo),33.5,N/A,10/4/2026,12/30/1899,pre_game,WNBA,standard,https://static.prizepicks.com/images/players/CMBO_group_bucbaJu5N1zxEGcxj7C3TfeW.webp,15383056,,,,,,,,,Yes,-3.1,173.2,,,,,,,,,10/4/2026,,,,,No,,,0,,,,0,,0,,0,0,33.5,0,Push
Rhyne Howard + Jonquel JonesPoints(Combo),Rhyne Howard + Jonquel JonesPoints(Combo)33.5,WNBA,323277,Rhyne Howard + Jonquel Jones,G,ATL/NYL,Points (Combo),33.5,N/A,10/4/2026,12/30/1899,pre_game,WNBA,standard,https://static.prizepicks.com/images/players/CMBO_group_RyEms1IpokRFjr4E7ylDNeHQ.webp,15383058,,,,,,,,,Yes,-3.1,173.2,,,,,,,,,10/4/2026,,,,,No,,,0,,,,0,,0,,0,0,33.5,0,Push
Angel Reese + Sabrina IonescuPoints(Combo),Angel Reese + Sabrina IonescuPoints(Combo)30.5,WNBA,348916,Angel Reese + Sabrina Ionescu,F,ATL/NYL,Points (Combo),30.5,N/A,10/4/2026,12/30/1899,pre_game,WNBA,standard,https://static.prizepicks.com/images/players/CMBO_group_OGM25pjO8XVG49UrZeYVznuR.webp,15383069,,,,,,,,,Yes,-3.1,173.2,,,,,,,,,10/4/2026,,,,,No,,,0,,,,0,,0,,0,0,30.5,0,Push
Jordin Canada + Sabrina IonescuAssists(Combo),Jordin Canada + Sabrina IonescuAssists(Combo)12.5,WNBA,348919,Jordin Canada + Sabrina Ionescu,G,ATL/NYL,Assists (Combo),12.5,N/A,10/4/2026,12/30/1899,pre_game,WNBA,standard,https://static.prizepicks.com/images/players/CMBO_group_qoq67yjhe9BigXWZuKgSOp1g.webp,15383082,,,,,,,,,Yes,-3.1,173.2,,,,,,,,,10/4/2026,,,,,No,,,0,,,,0,,0,,0,0,12.5,0,Push
Rhyne Howard + Sabrina IonescuAssists(Combo),Rhyne Howard + Sabrina IonescuAssists(Combo)8.5,WNBA,348915,Rhyne Howard + Sabrina Ionescu,G,ATL/NYL,Assists (Combo),8.5,N/A,10/4/2026,12/30/1899,pre_game,WNBA,standard,https://static.prizepicks.com/images/players/CMBO_group_wvIUJFE0Ut5icusRss6gtOG0.webp,15383080,,,,,,,,,Yes,-3.1,173.2,,,,,,,,,10/4/2026,,,,,No,,,0,,,,0,,0,,0,0,8.5,0,Push
Naz Hillmon + Sabrina IonescuRebounds(Combo),Naz Hillmon + Sabrina IonescuRebounds(Combo)7.5,WNBA,348917,Naz Hillmon + Sabrina Ionescu,F,ATL/NYL,Rebounds (Combo),7.5,N/A,10/4/2026,12/30/1899,pre_game,WNBA,standard,https://static.prizepicks.com/images/players/CMBO_group_PX6G8pOZ1JJF52I2EREOvnC8.webp,15383078,,,,,,,,,Yes,-3.1,173.2,,,,,,,,,10/4/2026,,,,,No,,,0,,,,0,,0,,0,0,7.5,0,Push
Rhyne Howard + Breanna StewartAssists(Combo),Rhyne Howard + Breanna StewartAssists(Combo)7,WNBA,323273,Rhyne Howard + Breanna Stewart,G,ATL/NYL,Assists (Combo),7,N/A,10/4/2026,12/30/1899,pre_game,WNBA,standard,https://static.prizepicks.com/images/players/CMBO_group_Gyfxcu5ATm2gQAr8GLAq8Gnd.webp,15383079,,,,,,,,,Yes,-3.1,173.2,,,,,,,,,10/4/2026,,,,,No,,,0,,,,0,,0,,0,0,7,0,Push
Rhyne Howard + Pauline AstierAssists(Combo),Rhyne Howard + Pauline AstierAssists(Combo)6.5,WNBA,348918,Rhyne Howard + Pauline Astier,G,ATL/NYL,Assists (Combo),6.5,N/A,10/4/2026,12/30/1899,pre_game,WNBA,standard,https://static.prizepicks.com/images/players/CMBO_group_l2MPIHhaIdADK8db7zqzOemz.webp,15383081,,,,,,,,,Yes,-3.1,173.2,,,,,,,,,10/4/2026,,,,,No,,,0,,,,0,,0,,0,0,6.5,0,Push
Rhyne Howard + Sabrina Ionescu3-PTMade(Combo),Rhyne Howard + Sabrina Ionescu3-PTMade(Combo)5.5,WNBA,348915,Rhyne Howard + Sabrina Ionescu,G,ATL/NYL,3-PT Made (Combo),5.5,N/A,10/4/2026,12/30/1899,pre_game,WNBA,standard,https://static.prizepicks.com/images/players/CMBO_group_wvIUJFE0Ut5icusRss6gtOG0.webp,15383083,,,,,,,,,Yes,-3.1,173.2,,,,,,,,,10/4/2026,,,,,No,,,0,,,,0,,0,,0,0,5.5,0,Push
Rhyne Howard + Leonie Fiebich3-PTMade(Combo),Rhyne Howard + Leonie Fiebich3-PTMade(Combo)5,WNBA,348925,Rhyne Howard + Leonie Fiebich,G,ATL/NYL,3-PT Made (Combo),5,N/A,10/4/2026,12/30/1899,pre_game,WNBA,standard,https://static.prizepicks.com/images/manual/Rhyne Howard + Leonie Fiebich.png,15383093,,,,,,,,,Yes,-3.1,173.2,,,,,,,,,10/4/2026,,,,,No,,,0,,,,0,,0,,0,0,5,0,Push
Rhyne Howard + Jonquel Jones3-PTMade(Combo),Rhyne Howard + Jonquel Jones3-PTMade(Combo)5,WNBA,323277,Rhyne Howard + Jonquel Jones,G,ATL/NYL,3-PT Made (Combo),5,N/A,10/4/2026,12/30/1899,pre_game,WNBA,standard,https://static.prizepicks.com/images/players/CMBO_group_RyEms1IpokRFjr4E7ylDNeHQ.webp,15383094,,,,,,,,,Yes,-3.1,173.2,,,,,,,,,10/4/2026,,,,,No,,,0,,,,0,,0,,0,0,5,0,Push
Allisha Gray + Jonquel Jones3-PTMade(Combo),Allisha Gray + Jonquel Jones3-PTMade(Combo)3.5,WNBA,323276,Allisha Gray + Jonquel Jones,G,ATL/NYL,3-PT Made (Combo),3.5,N/A,10/4/2026,12/30/1899,pre_game,WNBA,standard,https://static.prizepicks.com/images/players/CMBO_group_bucbaJu5N1zxEGcxj7C3TfeW.webp,15383097,,,,,,,,,Yes,-3.1,173.2,,,,,,,,,10/4/2026,,,,,No,,,0,,,,0,,0,,0,0,3.5,0,Push
Gabby WilliamsPts+Rebs+Asts,Gabby WilliamsPts+Rebs+Asts46.5,WNBA,316568,Gabby Williams,F,GSV,Pts+Rebs+Asts,46.5,TRUE,10/2/2026,12/30/1899,pre_game,WNBA,demon,https://static.prizepicks.com/images/manual/Gabby Williams .png,15366364,27.5,48.33,51.67,-6.14,51.67,Under,https://www.freeiconspng.com/img/1934,,,,,Wings @ Valkyries,2026-10-03T01:00:00Z,Fri 09:00pm,N/A,N/A,ESPN2,,,10/2/2026,27.5,,,,No,,33.32,30,,100,,27.5,,0,,27.5,27.5,32.25,0,Push
Paige BueckersPts+Rebs+Asts,Paige BueckersPts+Rebs+Asts45.5,WNBA,237836,Paige Bueckers,G,DAL,Pts+Rebs+Asts,45.5,TRUE,10/2/2026,12/30/1899,pre_game,WNBA,demon,https://static.prizepicks.com/images/players/WNBA/Paige_Bueckers_WNBA_player_9Y8nnqPB9PRhUk1Zb4Mlsb5c.webp,15383632,27.96,50.25,49.75,-8.06,50.25,Over,https://www.freeiconspng.com/img/1934,,No,8.2,159.7,Wings @ Valkyries,2026-10-03T01:00:00Z,Fri 09:00pm,N/A,N/A,ESPN2,,,10/2/2026,27.96,,,,No,GOL,32.51,33,,100,,27.96,,0,,27.96,27.96,32.34,0,Push
Jessica ShepardPts+Rebs+Asts,Jessica ShepardPts+Rebs+Asts44.5,WNBA,317279,Jessica Shepard,F,DAL,Pts+Rebs+Asts,44.5,TRUE,10/2/2026,12/30/1899,pre_game,WNBA,demon,https://static.prizepicks.com/images/manual/JessShep.png,15367168,24.5,49.84,50.16,-7.65,50.16,Under,https://www.freeiconspng.com/img/1934,,No,8.2,159.7,Wings @ Valkyries,2026-10-03T01:00:00Z,Fri 09:00pm,N/A,N/A,ESPN2,,,10/2/2026,24.5,,,,No,GOL,29.6,31,,100,,24.5,,0,,24.5,24.5,29.5,0,Push
Arike OgunbowalePts+Rebs+Asts,Arike OgunbowalePts+Rebs+Asts41.5,WNBA,237835,Arike Ogunbowale,G,DAL,Pts+Rebs+Asts,41.5,TRUE,10/2/2026,12/30/1899,pre_game,WNBA,demon,https://static.prizepicks.com/images/players/WNBA/Arike_Ogunbowale_WNBA_player_li5EkQnXby20K9Lhu8gX4Ygc.webp,15364412,22.5,47.96,52.04,-5.77,52.04,Under,https://www.freeiconspng.com/img/1934,,No,8.2,159.7,Wings @ Valkyries,2026-10-03T01:00:00Z,Fri 09:00pm,N/A,N/A,ESPN2,,,10/2/2026,22.5,,,,No,GOL,25.36,32,,100,,22.5,,0,,22.5,22.5,27.25,0,Push
Gabby WilliamsFantasyScore,Gabby WilliamsFantasyScore39.5,WNBA,316568,Gabby Williams,F,GSV,Fantasy Score,39.5,TRUE,10/2/2026,12/30/1899,pre_game,WNBA,demon,https://static.prizepicks.com/images/manual/Gabby Williams .png,15382298,,,,,,Push,,,,,,Wings @ Valkyries,2026-10-03T01:00:00Z,Fri 09:00pm,N/A,N/A,ESPN2,,,10/2/2026,33.32,,,,No,,33.32,30,50,50,50,33.32,,0,,33.32,33.32,34.9,35.05,Push
Paige BueckersFantasyScore,Paige BueckersFantasyScore38,WNBA,237836,Paige Bueckers,G,DAL,Fantasy Score,38,TRUE,10/2/2026,12/30/1899,pre_game,WNBA,demon,https://static.prizepicks.com/images/players/WNBA/Paige_Bueckers_WNBA_player_9Y8nnqPB9PRhUk1Zb4Mlsb5c.webp,15382296,,,,,,Push,,,No,8.2,159.7,Wings @ Valkyries,2026-10-03T01:00:00Z,Fri 09:00pm,N/A,N/A,ESPN2,,,10/2/2026,32.51,,,,No,GOL,32.51,33,50,50,50,32.51,,0,,32.51,32.51,33.62,32.55,Push
Veronica BurtonPts+Rebs+Asts,Veronica BurtonPts+Rebs+Asts36.5,WNBA,238261,Veronica Burton,G,GSV,Pts+Rebs+Asts,36.5,TRUE,10/2/2026,12/30/1899,pre_game,WNBA,demon,https://static.prizepicks.com/images/players/WNBA/Veronica_Burton_WNBA_player_PgQhWXIUPjwd5ndjpucEaD8E.webp,15366351,22.5,49.59,50.41,-7.4,50.41,Under,https://www.freeiconspng.com/img/1934,,,,,Wings @ Valkyries,2026-10-03T01:00:00Z,Fri 09:00pm,N/A,N/A,ESPN2,,,10/2/2026,22.5,,,,No,,28.83,31,,100,,22.5,,0,,22.5,22.5,26,0,Push
Veronica BurtonFantasyScore,Veronica BurtonFantasyScore36,WNBA,238261,Veronica Burton,G,GSV,Fantasy Score,36,TRUE,10/2/2026,12/30/1899,pre_game,WNBA,demon,https://static.prizepicks.com/images/players/WNBA/Veronica_Burton_WNBA_player_PgQhWXIUPjwd5ndjpucEaD8E.webp,15382301,,,,,,Push,,,,,,Wings @ Valkyries,2026-10-03T01:00:00Z,Fri 09:00pm,N/A,N/A,ESPN2,,,10/2/2026,28.83,,,,No,,28.83,31,50,50,50,28.83,,0,,28.83,28.83,30.62,0,Push
Paige BueckersPts+Asts,Paige BueckersPts+Asts34.5,WNBA,237836,Paige Bueckers,G,DAL,Pts+Asts,34.5,TRUE,10/2/2026,12/30/1899,pre_game,WNBA,demon,https://static.prizepicks.com/images/players/WNBA/Paige_Bueckers_WNBA_player_9Y8nnqPB9PRhUk1Zb4Mlsb5c.webp,15364429,23.83,50.36,49.64,-8.17,50.36,Over,https://www.freeiconspng.com/img/1934,,No,8.2,159.7,Wings @ Valkyries,2026-10-03T01:00:00Z,Fri 09:00pm,N/A,N/A,ESPN2,,,10/2/2026,23.83,,,,No,GOL,32.51,33,,100,,23.83,,0,,23.83,23.83,26.5,0,Push
Paige BueckersPts+Rebs,Paige BueckersPts+Rebs34.5,WNBA,237836,Paige Bueckers,G,DAL,Pts+Rebs,34.5,TRUE,10/2/2026,12/30/1899,pre_game,WNBA,demon,https://static.prizepicks.com/images/players/WNBA/Paige_Bueckers_WNBA_player_9Y8nnqPB9PRhUk1Zb4Mlsb5c.webp,15364437,23.14,49.48,50.52,-7.29,50.52,Under,https://www.freeiconspng.com/img/1934,,No,8.2,159.7,Wings @ Valkyries,2026-10-03T01:00:00Z,Fri 09:00pm,N/A,N/A,ESPN2,,,10/2/2026,23.14,,,,No,GOL,32.51,33,,100,,23.14,,0,,23.14,23.14,25.98,0,Push
Gabby WilliamsPoints,Gabby WilliamsPoints34.5,WNBA,316568,Gabby Williams,F,GSV,Points,34.5,TRUE,10/2/2026,12/30/1899,pre_game,WNBA,demon,https://static.prizepicks.com/images/manual/Gabby Williams .png,15365490,19.5,48.64,51.36,-6.45,51.36,Under,https://www.freeiconspng.com/img/1934,,,,,Wings @ Valkyries,2026-10-03T01:00:00Z,Fri 09:00pm,N/A,N/A,ESPN2,,,10/2/2026,19.5,,,,No,,33.32,30,,100,,19.5,,0,,19.5,19.5,22.5,19.5,Best Bet
Paige BueckersPoints,Paige BueckersPoints34.5,WNBA,237836,Paige Bueckers,G,DAL,Points,34.5,TRUE,10/2/2026,12/30/1899,pre_game,WNBA,demon,https://static.prizepicks.com/images/players/WNBA/Paige_Bueckers_WNBA_player_9Y8nnqPB9PRhUk1Zb4Mlsb5c.webp,15365495,19.15,49.31,50.69,-7.12,50.69,Under,https://www.freeiconspng.com/img/1934,,No,8.2,159.7,Wings @ Valkyries,2026-10-03T01:00:00Z,Fri 09:00pm,N/A,N/A,ESPN2,,,10/2/2026,19.15,,,,No,GOL,32.51,33,,100,,19.15,,0,,19.15,19.15,22.29,19.5,Best Bet
Gabby WilliamsPts+Rebs,Gabby WilliamsPts+Rebs34.5,WNBA,316568,Gabby Williams,F,GSV,Pts+Rebs,34.5,TRUE,10/2/2026,12/30/1899,pre_game,WNBA,demon,https://static.prizepicks.com/images/manual/Gabby Williams .png,15366354,23.75,48.57,51.43,-6.38,51.43,Under,https://www.freeiconspng.com/img/1934,,,,,Wings @ Valkyries,2026-10-03T01:00:00Z,Fri 09:00pm,N/A,N/A,ESPN2,,,10/2/2026,23.75,,,,No,,33.32,30,,100,,23.75,,0,,23.75,23.75,26.44,0,Push
Gabby WilliamsPts+Rebs+Asts,Gabby WilliamsPts+Rebs+Asts34.5,WNBA,316568,Gabby Williams,F,GSV,Pts+Rebs+Asts,34.5,TRUE,10/2/2026,12/30/1899,pre_game,WNBA,demon,https://static.prizepicks.com/images/manual/Gabby Williams .png,15366363,27.5,48.33,51.67,-6.14,51.67,Under,https://www.freeiconspng.com/img/1934,,,,,Wings @ Valkyries,2026-10-03T01:00:00Z,Fri 09:00pm,N/A,N/A,ESPN2,,,10/2/2026,27.5,,,,No,,33.32,30,,100,,27.5,,0,,27.5,27.5,29.25,0,Push
Gabby WilliamsPts+Asts,Gabby WilliamsPts+Asts34.5,WNBA,316568,Gabby Williams,F,GSV,Pts+Asts,34.5,TRUE,10/2/2026,12/30/1899,pre_game,WNBA,demon,https://static.prizepicks.com/images/manual/Gabby Williams .png,15366612,23.79,48.68,51.32,-6.27,51.32,Under,https://www.freeiconspng.com/img/1934,,,,,Wings @ Valkyries,2026-10-03T01:00:00Z,Fri 09:00pm,N/A,N/A,ESPN2,,,10/2/2026,23.79,,,,No,,33.32,30,,100,,23.79,,0,,23.79,23.79,26.47,0,Push
Paige BueckersPts+Rebs+Asts,Paige BueckersPts+Rebs+Asts34.5,WNBA,237836,Paige Bueckers,G,DAL,Pts+Rebs+Asts,34.5,TRUE,10/2/2026,12/30/1899,pre_game,WNBA,demon,https://static.prizepicks.com/images/players/WNBA/Paige_Bueckers_WNBA_player_9Y8nnqPB9PRhUk1Zb4Mlsb5c.webp,15367156,27.96,50.25,49.75,-8.06,50.25,Over,https://www.freeiconspng.com/img/1934,,No,8.2,159.7,Wings @ Valkyries,2026-10-03T01:00:00Z,Fri 09:00pm,N/A,N/A,ESPN2,,,10/2/2026,27.96,,,,No,GOL,32.51,33,,100,,27.96,,0,,27.96,27.96,29.59,0,Push
Veronica BurtonPts+Rebs+Asts,Veronica BurtonPts+Rebs+Asts34.5,WNBA,238261,Veronica Burton,G,GSV,Pts+Rebs+Asts,34.5,TRUE,10/2/2026,12/30/1899,pre_game,WNBA,demon,https://static.prizepicks.com/images/players/WNBA/Veronica_Burton_WNBA_player_PgQhWXIUPjwd5ndjpucEaD8E.webp,15394333,22.5,49.59,50.41,-7.4,50.41,Under,https://www.freeiconspng.com/img/1934,,,,,Wings @ Valkyries,2026-10-03T01:00:00Z,Fri 09:00pm,N/A,N/A,ESPN2,,,10/2/2026,22.5,,,,No,,28.83,31,,100,,22.5,,0,,22.5,22.5,25.5,0,Push
Jessica ShepardFantasyScore,Jessica ShepardFantasyScore33.5,WNBA,317279,Jessica Shepard,F,DAL,Fantasy Score,33.5,TRUE,10/2/2026,12/30/1899,pre_game,WNBA,demon,https://static.prizepicks.com/images/manual/JessShep.png,15382289,,,,,,Push,,,No,8.2,159.7,Wings @ Valkyries,2026-10-03T01:00:00Z,Fri 09:00pm,N/A,N/A,ESPN2,,,10/2/2026,29.6,,,,No,GOL,29.6,31,50,50,50,29.6,,0,,29.6,29.6,30.58,0,Push
Arike OgunbowaleFantasyScore,Arike OgunbowaleFantasyScore32,WNBA,237835,Arike Ogunbowale,G,DAL,Fantasy Score,32,TRUE,10/2/2026,12/30/1899,pre_game,WNBA,demon,https://static.prizepicks.com/images/players/WNBA/Arike_Ogunbowale_WNBA_player_li5EkQnXby20K9Lhu8gX4Ygc.webp,15382284,,,,,,Push,,,No,8.2,159.7,Wings @ Valkyries,2026-10-03T01:00:00Z,Fri 09:00pm,N/A,N/A,ESPN2,,,10/2/2026,25.36,,,,No,GOL,25.36,32,50,50,50,25.36,,0,,25.36,25.36,26.93,26.55,Push
Arike OgunbowalePoints,Arike OgunbowalePoints31.5,WNBA,237835,Arike Ogunbowale,G,DAL,Points,31.5,TRUE,10/2/2026,12/30/1899,pre_game,WNBA,demon,https://static.prizepicks.com/images/players/WNBA/Arike_Ogunbowale_WNBA_player_li5EkQnXby20K9Lhu8gX4Ygc.webp,15365493,15.5,49.37,50.63,-7.18,50.63,Under,https://www.freeiconspng.com/img/1934,,No,8.2,159.7,Wings @ Valkyries,2026-10-03T01:00:00Z,Fri 09:00pm,N/A,N/A,ESPN2,,,10/2/2026,15.5,,,,No,GOL,25.36,32,,100,,15.5,,0,,15.5,15.5,18.7,15.5,Best Bet
Janelle SalaünPts+Rebs+Asts,Janelle SalaünPts+Rebs+Asts30.5,WNBA,240424,Janelle Salaün,F,GSV,Pts+Rebs+Asts,30.5,TRUE,10/2/2026,12/30/1899,pre_game,WNBA,demon,https://static.prizepicks.com/images/players/WNBA/Janelle_Sala%C3%BCn_WNBA_player_TJWeCgZ3Bq8UPDeH4ehDuDYm.webp,15388571,16.38,49.38,50.62,-7.19,50.62,Under,https://www.freeiconspng.com/img/1934,,,,,Wings @ Valkyries,2026-10-03T01:00:00Z,Fri 09:00pm,N/A,N/A,ESPN2,,,10/2/2026,16.38,,,,No,,19.48,28,,100,,16.38,,0,,16.38,16.38,19.91,0,Push
Paige BueckersPts+Asts,Paige BueckersPts+Asts29.5,WNBA,237836,Paige Bueckers,G,DAL,Pts+Asts,29.5,TRUE,10/2/2026,12/30/1899,pre_game,WNBA,demon,https://static.prizepicks.com/images/players/WNBA/Paige_Bueckers_WNBA_player_9Y8nnqPB9PRhUk1Zb4Mlsb5c.webp,15364408,23.83,50.36,49.64,-8.17,50.36,Over,https://www.freeiconspng.com/img/1934,,No,8.2,159.7,Wings @ Valkyries,2026-10-03T01:00:00Z,Fri 09:00pm,N/A,N/A,ESPN2,,,10/2/2026,23.83,,,,No,GOL,32.51,33,,100,,23.83,,0,,23.83,23.83,25.25,0,Push
Arike OgunbowalePts+Rebs,Arike OgunbowalePts+Rebs29.5,WNBA,237835,Arike Ogunbowale,G,DAL,Pts+Rebs,29.5,TRUE,10/2/2026,12/30/1899,pre_game,WNBA,demon,https://static.prizepicks.com/images/players/WNBA/Arike_Ogunbowale_WNBA_player_li5EkQnXby20K9Lhu8gX4Ygc.webp,15364417,18.5,50.58,49.42,-8.39,50.58,Over,https://www.freeiconspng.com/img/1934,,No,8.2,159.7,Wings @ Valkyries,2026-10-03T01:00:00Z,Fri 09:00pm,N/A,N/A,ESPN2,,,10/2/2026,18.5,,,,No,GOL,25.36,32,,100,,18.5,,0,,18.5,18.5,21.25,0,Push
Jessica ShepardPts+Rebs,Jessica ShepardPts+Rebs29.5,WNBA,317279,Jessica Shepard,F,DAL,Pts+Rebs,29.5,TRUE,10/2/2026,12/30/1899,pre_game,WNBA,demon,https://static.prizepicks.com/images/manual/JessShep.png,15364418,19.79,50.59,49.41,-7.11,50.59,Over,https://www.freeiconspng.com/img/1934,,No,8.2,159.7,Wings @ Valkyries,2026-10-03T01:00:00Z,Fri 09:00pm,N/A,N/A,ESPN2,,,10/2/2026,19.79,,,,No,GOL,29.6,31,,100,,19.79,,0,,19.79,19.79,22.22,0,Push
Arike OgunbowalePts+Asts,Arike OgunbowalePts+Asts29.5,WNBA,237835,Arike Ogunbowale,G,DAL,Pts+Asts,29.5,TRUE,10/2/2026,12/30/1899,pre_game,WNBA,demon,https://static.prizepicks.com/images/players/WNBA/Arike_Ogunbowale_WNBA_player_li5EkQnXby20K9Lhu8gX4Ygc.webp,15364420,18.5,52.34,47.66,-10.15,52.34,Over,https://www.freeiconspng.com/img/1934,,No,8.2,159.7,Wings @ Valkyries,2026-10-03T01:00:00Z,Fri 09:00pm,N/A,N/A,ESPN2,,,10/2/2026,18.5,,,,No,GOL,25.36,32,,100,,18.5,,0,,18.5,18.5,21.25,0,Push
Veronica BurtonPts+Asts,Veronica BurtonPts+Asts29.5,WNBA,238261,Veronica Burton,G,GSV,Pts+Asts,29.5,TRUE,10/2/2026,12/30/1899,pre_game,WNBA,demon,https://static.prizepicks.com/images/players/WNBA/Veronica_Burton_WNBA_player_PgQhWXIUPjwd5ndjpucEaD8E.webp,15364433,18.5,49.79,50.21,-7.6,50.21,Under,https://www.freeiconspng.com/img/1934,,,,,Wings @ Valkyries,2026-10-03T01:00:00Z,Fri 09:00pm,N/A,N/A,ESPN2,,,10/2/2026,18.5,,,,No,,28.83,31,,100,,18.5,,0,,18.5,18.5,21.25,0,Push
Kayla ThorntonPts+Rebs+Asts,Kayla ThorntonPts+Rebs+Asts29.5,WNBA,238102,Kayla Thornton,F,GSV,Pts+Rebs+Asts,29.5,TRUE,10/2/2026,12/30/1899,pre_game,WNBA,demon,https://static.prizepicks.com/images/players/WNBA/Kayla_Thornton_WNBA_player_LW0QKyGiDE0bVq5F3TkgEtm8.webp,15364434,13.5,50.55,49.45,-8.36,50.55,Over,https://www.freeiconspng.com/img/1934,,,,,Wings @ Valkyries,2026-10-03T01:00:00Z,Fri 09:00pm,N/A,N/A,ESPN2,,,10/2/2026,13.5,,,,No,,19.04,28,,100,,13.5,,0,,13.5,13.5,17.5,0,Push
Paige BueckersPoints,Paige BueckersPoints29.5,WNBA,237836,Paige Bueckers,G,DAL,Points,29.5,TRUE,10/2/2026,12/30/1899,pre_game,WNBA,demon,https://static.prizepicks.com/images/players/WNBA/Paige_Bueckers_WNBA_player_9Y8nnqPB9PRhUk1Zb4Mlsb5c.webp,15364465,19.15,49.31,50.69,-7.12,50.69,Under,https://www.freeiconspng.com/img/1934,,No,8.2,159.7,Wings @ Valkyries,2026-10-03T01:00:00Z,Fri 09:00pm,N/A,N/A,ESPN2,,,10/2/2026,19.15,,,,No,GOL,32.51,33,,100,,19.15,,0,,19.15,19.15,21.29,19.5,Best Bet
Gabby WilliamsPoints,Gabby WilliamsPoints29.5,WNBA,316568,Gabby Williams,F,GSV,Points,29.5,TRUE,10/2/2026,12/30/1899,pre_game,WNBA,demon,https://static.prizepicks.com/images/manual/Gabby Williams .png,15365504,19.5,48.64,51.36,-6.45,51.36,Under,https://www.freeiconspng.com/img/1934,,,,,Wings @ Valkyries,2026-10-03T01:00:00Z,Fri 09:00pm,N/A,N/A,ESPN2,,,10/2/2026,19.5,,,,No,,33.32,30,,100,,19.5,,0,,19.5,19.5,21.5,19.5,Best Bet
Gabby WilliamsPts+Rebs,Gabby WilliamsPts+Rebs29.5,WNBA,316568,Gabby Williams,F,GSV,Pts+Rebs,29.5,TRUE,10/2/2026,12/30/1899,pre_game,WNBA,demon,https://static.prizepicks.com/images/manual/Gabby Williams .png,15366343,23.75,48.57,51.43,-6.38,51.43,Under,https://www.freeiconspng.com/img/1934,,,,,Wings @ Valkyries,2026-10-03T01:00:00Z,Fri 09:00pm,N/A,N/A,ESPN2,,,10/2/2026,23.75,,,,No,,33.32,30,,100,,23.75,,0,,23.75,23.75,25.19,0,Push
Gabby WilliamsPts+Asts,Gabby WilliamsPts+Asts29.5,WNBA,316568,Gabby Williams,F,GSV,Pts+Asts,29.5,TRUE,10/2/2026,12/30/1899,pre_game,WNBA,demon,https://static.prizepicks.com/images/manual/Gabby Williams .png,15366588,23.79,48.68,51.32,-6.27,51.32,Under,https://www.freeiconspng.com/img/1934,,,,,Wings @ Valkyries,2026-10-03T01:00:00Z,Fri 09:00pm,N/A,N/A,ESPN2,,,10/2/2026,23.79,,,,No,,33.32,30,,100,,23.79,,0,,23.79,23.79,25.22,0,Push
Jessica ShepardPts+Rebs+Asts,Jessica ShepardPts+Rebs+Asts29.5,WNBA,317279,Jessica Shepard,F,DAL,Pts+Rebs+Asts,29.5,TRUE,10/2/2026,12/30/1899,pre_game,WNBA,demon,https://static.prizepicks.com/images/manual/JessShep.png,15367163,24.5,49.84,50.16,-7.65,50.16,Under,https://www.freeiconspng.com/img/1934,,No,8.2,159.7,Wings @ Valkyries,2026-10-03T01:00:00Z,Fri 09:00pm,N/A,N/A,ESPN2,,,10/2/2026,24.5,,,,No,GOL,29.6,31,,100,,24.5,,0,,24.5,24.5,25.75,0,Push
Paige BueckersPts+Rebs+Asts,Paige BueckersPts+Rebs+Asts29.5,WNBA,237836,Paige Bueckers,G,DAL,Pts+Rebs+Asts,29.5,TRUE,10/2/2026,12/30/1899,pre_game,WNBA,demon,https://static.prizepicks.com/images/players/WNBA/Paige_Bueckers_WNBA_player_9Y8nnqPB9PRhUk1Zb4Mlsb5c.webp,15367166,27.96,50.25,49.75,-8.06,50.25,Over,https://www.freeiconspng.com/img/1934,,No,8.2,159.7,Wings @ Valkyries,2026-10-03T01:00:00Z,Fri 09:00pm,N/A,N/A,ESPN2,,,10/2/2026,27.96,,,,No,GOL,32.51,33,,100,,27.96,,0,,27.96,27.96,28.34,0,Push
Gabby WilliamsPts+Rebs+Asts,Gabby WilliamsPts+Rebs+Asts29.5,WNBA,316568,Gabby Williams,F,GSV,Pts+Rebs+Asts,29.5,TRUE,10/2/2026,12/30/1899,pre_game,WNBA,demon,https://static.prizepicks.com/images/manual/Gabby Williams .png,15373836,27.5,48.33,51.67,-6.14,51.67,Under,https://www.freeiconspng.com/img/1934,,,,,Wings @ Valkyries,2026-10-03T01:00:00Z,Fri 09:00pm,N/A,N/A,ESPN2,,,10/2/2026,27.5,,,,No,,33.32,30,,100,,27.5,,0,,27.5,27.5,28,0,Push
Jessica ShepardPts+Rebs+Asts,Jessica ShepardPts+Rebs+Asts26.5,WNBA,317279,Jessica Shepard,F,DAL,Pts+Rebs+Asts,26.5,TRUE,10/2/2026,12/30/1899,pre_game,WNBA,demon,https://static.prizepicks.com/images/manual/JessShep.png,15390920,24.5,49.84,50.16,-7.65,50.16,Under,https://www.freeiconspng.com/img/1934,,No,8.2,159.7,Wings @ Valkyries,2026-10-03T01:00:00Z,Fri 09:00pm,N/A,N/A,ESPN2,,,10/2/2026,24.5,,,,No,GOL,29.6,31,,100,,24.5,,0,,24.5,24.5,25,0,Push
Jessica ShepardPts+Rebs,Jessica ShepardPts+Rebs24.5,WNBA,317279,Jessica Shepard,F,DAL,Pts+Rebs,24.5,TRUE,10/2/2026,12/30/1899,pre_game,WNBA,demon,https://static.prizepicks.com/images/manual/JessShep.png,15364401,19.79,50.59,49.41,-7.11,50.59,Over,https://www.freeiconspng.com/img/1934,,No,8.2,159.7,Wings @ Valkyries,2026-10-03T01:00:00Z,Fri 09:00pm,N/A,N/A,ESPN2,,,10/2/2026,19.79,,,,No,GOL,29.6,31,,100,,19.79,,0,,19.79,19.79,20.97,0,Push
Veronica BurtonPts+Asts,Veronica BurtonPts+Asts24.5,WNBA,238261,Veronica Burton,G,GSV,Pts+Asts,24.5,TRUE,10/2/2026,12/30/1899,pre_game,WNBA,demon,https://static.prizepicks.com/images/players/WNBA/Veronica_Burton_WNBA_player_PgQhWXIUPjwd5ndjpucEaD8E.webp,15364406,18.5,49.79,50.21,-7.6,50.21,Under,https://www.freeiconspng.com/img/1934,,,,,Wings @ Valkyries,2026-10-03T01:00:00Z,Fri 09:00pm,N/A,N/A,ESPN2,,,10/2/2026,18.5,,,,No,,28.83,31,,100,,18.5,,0,,18.5,18.5,20,0,Push
Arike OgunbowalePts+Asts,Arike OgunbowalePts+Asts24.5,WNBA,237835,Arike Ogunbowale,G,DAL,Pts+Asts,24.5,TRUE,10/2/2026,12/30/1899,pre_game,WNBA,demon,https://static.prizepicks.com/images/players/WNBA/Arike_Ogunbowale_WNBA_player_li5EkQnXby20K9Lhu8gX4Ygc.webp,15364409,18.5,52.34,47.66,-10.15,52.34,Over,https://www.freeiconspng.com/img/1934,,No,8.2,159.7,Wings @ Valkyries,2026-10-03T01:00:00Z,Fri 09:00pm,N/A,N/A,ESPN2,,,10/2/2026,18.5,,,,No,GOL,25.36,32,,100,,18.5,,0,,18.5,18.5,20,0,Push
Paige BueckersPts+Rebs,Paige BueckersPts+Rebs24.5,WNBA,237836,Paige Bueckers,G,DAL,Pts+Rebs,24.5,TRUE,10/2/2026,12/30/1899,pre_game,WNBA,demon,https://static.prizepicks.com/images/players/WNBA/Paige_Bueckers_WNBA_player_9Y8nnqPB9PRhUk1Zb4Mlsb5c.webp,15364436,23.14,49.48,50.52,-7.29,50.52,Under,https://www.freeiconspng.com/img/1934,,No,8.2,159.7,Wings @ Valkyries,2026-10-03T01:00:00Z,Fri 09:00pm,N/A,N/A,ESPN2,,,10/2/2026,23.14,,,,No,GOL,32.51,33,,100,,23.14,,0,,23.14,23.14,23.48,0,Push
Arike OgunbowalePts+Rebs,Arike OgunbowalePts+Rebs24.5,WNBA,237835,Arike Ogunbowale,G,DAL,Pts+Rebs,24.5,TRUE,10/2/2026,12/30/1899,pre_game,WNBA,demon,https://static.prizepicks.com/images/players/WNBA/Arike_Ogunbowale_WNBA_player_li5EkQnXby20K9Lhu8gX4Ygc.webp,15364438,18.5,50.58,49.42,-8.39,50.58,Over,https://www.freeiconspng.com/img/1934,,No,8.2,159.7,Wings @ Valkyries,2026-10-03T01:00:00Z,Fri 09:00pm,N/A,N/A,ESPN2,,,10/2/2026,18.5,,,,No,GOL,25.36,32,,100,,18.5,,0,,18.5,18.5,20,0,Push
Paige BueckersPoints,Paige BueckersPoints24.5,WNBA,237836,Paige Bueckers,G,DAL,Points,24.5,TRUE,10/2/2026,12/30/1899,pre_game,WNBA,demon,https://static.prizepicks.com/images/players/WNBA/Paige_Bueckers_WNBA_player_9Y8nnqPB9PRhUk1Zb4Mlsb5c.webp,15364467,19.15,49.31,50.69,-7.12,50.69,Under,https://www.freeiconspng.com/img/1934,,No,8.2,159.7,Wings @ Valkyries,2026-10-03T01:00:00Z,Fri 09:00pm,N/A,N/A,ESPN2,,,10/2/2026,19.15,,,,No,GOL,32.51,33,,100,,19.15,,0,,19.15,19.15,20.29,19.5,Best Bet
Arike OgunbowalePoints,Arike OgunbowalePoints24.5,WNBA,237835,Arike Ogunbowale,G,DAL,Points,24.5,TRUE,10/2/2026,12/30/1899,pre_game,WNBA,demon,https://static.prizepicks.com/images/players/WNBA/Arike_Ogunbowale_WNBA_player_li5EkQnXby20K9Lhu8gX4Ygc.webp,15364468,15.5,49.37,50.63,-7.18,50.63,Under,https://www.freeiconspng.com/img/1934,,No,8.2,159.7,Wings @ Valkyries,2026-10-03T01:00:00Z,Fri 09:00pm,N/A,N/A,ESPN2,,,10/2/2026,15.5,,,,No,GOL,25.36,32,,100,,15.5,,0,,15.5,15.5,17.3,15.5,Best Bet
Gabby WilliamsPoints,Gabby WilliamsPoints24.5,WNBA,316568,Gabby Williams,F,GSV,Points,24.5,TRUE,10/2/2026,12/30/1899,pre_game,WNBA,demon,https://static.prizepicks.com/images/manual/Gabby Williams .png,15364865,19.5,48.64,51.36,-6.45,51.36,Under,https://www.freeiconspng.com/img/1934,,,,,Wings @ Valkyries,2026-10-03T01:00:00Z,Fri 09:00pm,N/A,N/A,ESPN2,,,10/2/2026,19.5,,,,No,,33.32,30,,100,,19.5,,0,,19.5,19.5,20.5,19.5,Best Bet
Veronica BurtonPoints,Veronica BurtonPoints24.5,WNBA,238261,Veronica Burton,G,GSV,Points,24.5,TRUE,10/2/2026,12/30/1899,pre_game,WNBA,demon,https://static.prizepicks.com/images/players/WNBA/Veronica_Burton_WNBA_player_PgQhWXIUPjwd5ndjpucEaD8E.webp,15365502,12.5,48.18,51.82,-5.99,51.82,Under,https://www.freeiconspng.com/img/1934,,,,,Wings @ Valkyries,2026-10-03T01:00:00Z,Fri 09:00pm,N/A,N/A,ESPN2,,,10/2/2026,12.5,,,,No,,28.83,31,,100,,12.5,,0,,12.5,12.5,14.9,12.5,Best Bet
Veronica BurtonPts+Rebs+Asts,Veronica BurtonPts+Rebs+Asts24.5,WNBA,238261,Veronica Burton,G,GSV,Pts+Rebs+Asts,24.5,TRUE,10/2/2026,12/30/1899,pre_game,WNBA,demon,https://static.prizepicks.com/images/players/WNBA/Veronica_Burton_WNBA_player_PgQhWXIUPjwd5ndjpucEaD8E.webp,15366352,22.5,49.59,50.41,-7.4,50.41,Under,https://www.freeiconspng.com/img/1934,,,,,Wings @ Valkyries,2026-10-03T01:00:00Z,Fri 09:00pm,N/A,N/A,ESPN2,,,10/2/2026,22.5,,,,No,,28.83,31,,100,,22.5,,0,,22.5,22.5,23,0,Push
Veronica BurtonPts+Rebs,Veronica BurtonPts+Rebs24.5,WNBA,238261,Veronica Burton,G,GSV,Pts+Rebs,24.5,TRUE,10/2/2026,12/30/1899,pre_game,WNBA,demon,https://static.prizepicks.com/images/players/WNBA/Veronica_Burton_WNBA_player_PgQhWXIUPjwd5ndjpucEaD8E.webp,15366356,16.5,46.86,53.14,-5.02,53.14,Under,https://www.freeiconspng.com/img/1934,,,,,Wings @ Valkyries,2026-10-03T01:00:00Z,Fri 09:00pm,N/A,N/A,ESPN2,,,10/2/2026,16.5,,,,No,,28.83,31,,100,,16.5,,0,,16.5,16.5,18.5,0,Push
Janelle SalaünPts+Rebs+Asts,Janelle SalaünPts+Rebs+Asts24.5,WNBA,240424,Janelle Salaün,F,GSV,Pts+Rebs+Asts,24.5,TRUE,10/2/2026,12/30/1899,pre_game,WNBA,demon,https://static.prizepicks.com/images/players/WNBA/Janelle_Sala%C3%BCn_WNBA_player_TJWeCgZ3Bq8UPDeH4ehDuDYm.webp,15366590,16.38,49.38,50.62,-7.19,50.62,Under,https://www.freeiconspng.com/img/1934,,,,,Wings @ Valkyries,2026-10-03T01:00:00Z,Fri 09:00pm,N/A,N/A,ESPN2,,,10/2/2026,16.38,,,,No,,19.48,28,,100,,16.38,,0,,16.38,16.38,18.41,0,Push
Janelle SalaünPts+Rebs,Janelle SalaünPts+Rebs24.5,WNBA,240424,Janelle Salaün,F,GSV,Pts+Rebs,24.5,TRUE,10/2/2026,12/30/1899,pre_game,WNBA,demon,https://static.prizepicks.com/images/players/WNBA/Janelle_Sala%C3%BCn_WNBA_player_TJWeCgZ3Bq8UPDeH4ehDuDYm.webp,15366600,14.5,50.78,49.22,-8.59,50.78,Over,https://www.freeiconspng.com/img/1934,,,,,Wings @ Valkyries,2026-10-03T01:00:00Z,Fri 09:00pm,N/A,N/A,ESPN2,,,10/2/2026,14.5,,,,No,,19.48,28,,100,,14.5,,0,,14.5,14.5,17,0,Push
Jessica ShepardPts+Asts,Jessica ShepardPts+Asts24.5,WNBA,317279,Jessica Shepard,F,DAL,Pts+Asts,24.5,TRUE,10/2/2026,12/30/1899,pre_game,WNBA,demon,https://static.prizepicks.com/images/manual/JessShep.png,15367175,14.5,50.01,49.99,-7.82,50.01,Over,https://www.freeiconspng.com/img/1934,,No,8.2,159.7,Wings @ Valkyries,2026-10-03T01:00:00Z,Fri 09:00pm,N/A,N/A,ESPN2,,,10/2/2026,14.5,,,,No,GOL,29.6,31,,100,,14.5,,0,,14.5,14.5,17,0,Push
Jessica ShepardRebs+Asts,Jessica ShepardRebs+Asts24.5,WNBA,317279,Jessica Shepard,F,DAL,Rebs+Asts,24.5,TRUE,10/2/2026,12/30/1899,pre_game,WNBA,demon,https://static.prizepicks.com/images/manual/JessShep.png,15367178,14.75,49.47,50.53,-7.28,50.53,Under,https://www.freeiconspng.com/img/1934,,No,8.2,159.7,Wings @ Valkyries,2026-10-03T01:00:00Z,Fri 09:00pm,N/A,N/A,ESPN2,,,10/2/2026,14.75,,,,No,GOL,29.6,31,,100,,14.75,,0,,14.75,14.75,17.19,0,Push
Gabby WilliamsPts+Rebs,Gabby WilliamsPts+Rebs24.5,WNBA,316568,Gabby Williams,F,GSV,Pts+Rebs,24.5,TRUE,10/2/2026,12/30/1899,pre_game,WNBA,demon,https://static.prizepicks.com/images/manual/Gabby Williams .png,15376029,23.75,48.57,51.43,-6.38,51.43,Under,https://www.freeiconspng.com/img/1934,,,,,Wings @ Valkyries,2026-10-03T01:00:00Z,Fri 09:00pm,N/A,N/A,ESPN2,,,10/2/2026,23.75,,,,No,,33.32,30,,100,,23.75,,0,,23.75,23.75,23.94,0,Push
Arike OgunbowalePts+Rebs+Asts,Arike OgunbowalePts+Rebs+Asts23.5,WNBA,237835,Arike Ogunbowale,G,DAL,Pts+Rebs+Asts,23.5,TRUE,10/2/2026,12/30/1899,pre_game,WNBA,demon,https://static.prizepicks.com/images/players/WNBA/Arike_Ogunbowale_WNBA_player_li5EkQnXby20K9Lhu8gX4Ygc.webp,15379007,22.5,47.96,52.04,-5.77,52.04,Under,https://www.freeiconspng.com/img/1934,,No,8.2,159.7,Wings @ Valkyries,2026-10-03T01:00:00Z,Fri 09:00pm,N/A,N/A,ESPN2,,,10/2/2026,22.5,,,,No,GOL,25.36,32,,100,,22.5,,0,,22.5,22.5,22.75,0,Push
Awak KuierFantasyScore,Awak KuierFantasyScore23,WNBA,65822,Awak Kuier,F,DAL,Fantasy Score,23,TRUE,10/2/2026,12/30/1899,pre_game,WNBA,demon,https://static.prizepicks.com/images/players/WNBA/Awak_Kuier_WNBA_player_zbz8CS8qtfJhA8khFf9GM1PD.webp,15382291,,,,,,Push,,,No,8.2,159.7,Wings @ Valkyries,2026-10-03T01:00:00Z,Fri 09:00pm,N/A,N/A,ESPN2,,,10/2/2026,18.94,,,,No,GOL,18.94,20,50,50,50,18.94,,0,,18.94,18.94,19.96,0,Push
Janelle SalaünFantasyScore,Janelle SalaünFantasyScore23,WNBA,240424,Janelle Salaün,F,GSV,Fantasy Score,23,TRUE,10/2/2026,12/30/1899,pre_game,WNBA,demon,https://static.prizepicks.com/images/players/WNBA/Janelle_Sala%C3%BCn_WNBA_player_TJWeCgZ3Bq8UPDeH4ehDuDYm.webp,15395468,,,,,,Push,,,,,,Wings @ Valkyries,2026-10-03T01:00:00Z,Fri 09:00pm,N/A,N/A,ESPN2,,,10/2/2026,19.48,,,,No,,19.48,28,50,50,50,19.48,,0,,19.48,19.48,20.36,0,Push
Janelle SalaünPoints,Janelle SalaünPoints22.5,WNBA,240424,Janelle Salaün,F,GSV,Points,22.5,TRUE,10/2/2026,12/30/1899,pre_game,WNBA,demon,https://static.prizepicks.com/images/players/WNBA/Janelle_Sala%C3%BCn_WNBA_player_TJWeCgZ3Bq8UPDeH4ehDuDYm.webp,15364908,10.5,51.51,48.49,-9.32,51.51,Over,https://www.freeiconspng.com/img/1934,,,,,Wings @ Valkyries,2026-10-03T01:00:00Z,Fri 09:00pm,N/A,N/A,ESPN2,,,10/2/2026,10.5,,,,No,,19.48,28,,100,,10.5,,0,,10.5,10.5,12.9,10.5,Push
Gabby WilliamsPoints,Gabby WilliamsPoints21.5,WNBA,316568,Gabby Williams,F,GSV,Points,21.5,TRUE,10/2/2026,12/30/1899,pre_game,WNBA,demon,https://static.prizepicks.com/images/manual/Gabby Williams .png,15365533,19.5,48.64,51.36,-6.45,51.36,Under,https://www.freeiconspng.com/img/1934,,,,,Wings @ Valkyries,2026-10-03T01:00:00Z,Fri 09:00pm,N/A,N/A,ESPN2,,,10/2/2026,19.5,,,,No,,33.32,30,,100,,19.5,,0,,19.5,19.5,19.9,19.5,Best Bet
Tiffany HayesPoints,Tiffany HayesPoints21.5,WNBA,238101,Tiffany Hayes,G,GSV,Points,21.5,TRUE,10/2/2026,12/30/1899,pre_game,WNBA,demon,https://static.prizepicks.com/images/players/WNBA/Tiffany_Hayes_WNBA_player_JZ73QF6RKriqG7DeqAWWKcDH.webp,15383579,8.75,48.08,51.92,,51.92,Under,https://www.freeiconspng.com/img/1934,,,,,Wings @ Valkyries,2026-10-03T01:00:00Z,Fri 09:00pm,N/A,N/A,ESPN2,,,10/2/2026,8.75,,,,No,,13.79,20,,100,,8.75,,0,,8.75,8.75,11.25,8.5,Best Bet
Kayla ThorntonFantasyScore,Kayla ThorntonFantasyScore21,WNBA,238102,Kayla Thornton,F,GSV,Fantasy Score,21,TRUE,10/2/2026,12/30/1899,pre_game,WNBA,demon,https://static.prizepicks.com/images/players/WNBA/Kayla_Thornton_WNBA_player_LW0QKyGiDE0bVq5F3TkgEtm8.webp,15395546,,,,,,Push,,,,,,Wings @ Valkyries,2026-10-03T01:00:00Z,Fri 09:00pm,N/A,N/A,ESPN2,,,10/2/2026,19.04,,,,No,,19.04,28,50,50,50,19.04,,0,,19.04,19.04,19.53,0,Push
Kiah StokesPts+Rebs+Asts,Kiah StokesPts+Rebs+Asts20.5,WNBA,317423,Kiah Stokes,C,GSV,Pts+Rebs+Asts,20.5,TRUE,10/2/2026,12/30/1899,pre_game,WNBA,demon,https://static.prizepicks.com/images/players/WNBA/Kiah_Stokes_WNBA_player_ndf93Nxv7e15yD38rl5xBPni.webp,15366621,10.5,51.41,48.59,-9.22,51.41,Over,https://www.freeiconspng.com/img/1934,,,,,Wings @ Valkyries,2026-10-03T01:00:00Z,Fri 09:00pm,N/A,N/A,ESPN2,,,10/2/2026,10.5,,,,No,,18.53,21,,100,,10.5,,0,,10.5,10.5,13,0,Push
Paige BueckersPoints,Paige BueckersPoints20.5,WNBA,237836,Paige Bueckers,G,DAL,Points,20.5,TRUE,10/2/2026,12/30/1899,pre_game,WNBA,demon,https://static.prizepicks.com/images/players/WNBA/Paige_Bueckers_WNBA_player_9Y8nnqPB9PRhUk1Zb4Mlsb5c.webp,15379008,19.15,49.31,50.69,-7.12,50.69,Under,https://www.freeiconspng.com/img/1934,,No,8.2,159.7,Wings @ Valkyries,2026-10-03T01:00:00Z,Fri 09:00pm,N/A,N/A,ESPN2,,,10/2/2026,19.15,,,,No,GOL,32.51,33,,100,,19.15,,0,,19.15,19.15,19.49,19.5,Best Bet
Tiffany HayesFantasyScore,Tiffany HayesFantasyScore20.5,WNBA,238101,Tiffany Hayes,G,GSV,Fantasy Score,20.5,TRUE,10/2/2026,12/30/1899,pre_game,WNBA,demon,https://static.prizepicks.com/images/players/WNBA/Tiffany_Hayes_WNBA_player_JZ73QF6RKriqG7DeqAWWKcDH.webp,15395593,,,,,,Push,,,,,,Wings @ Valkyries,2026-10-03T01:00:00Z,Fri 09:00pm,N/A,N/A,ESPN2,,,10/2/2026,13.79,,,,No,,13.79,20,50,50,50,13.79,,0,,13.79,13.79,15.47,0,Push
Arike OgunbowalePts+Rebs,Arike OgunbowalePts+Rebs19.5,WNBA,237835,Arike Ogunbowale,G,DAL,Pts+Rebs,19.5,TRUE,10/2/2026,12/30/1899,pre_game,WNBA,demon,https://static.prizepicks.com/images/players/WNBA/Arike_Ogunbowale_WNBA_player_li5EkQnXby20K9Lhu8gX4Ygc.webp,15364416,18.5,50.58,49.42,-8.39,50.58,Over,https://www.freeiconspng.com/img/1934,,No,8.2,159.7,Wings @ Valkyries,2026-10-03T01:00:00Z,Fri 09:00pm,N/A,N/A,ESPN2,,,10/2/2026,18.5,,,,No,GOL,25.36,32,,100,,18.5,,0,,18.5,18.5,18.75,0,Push
Veronica BurtonPts+Asts,Veronica BurtonPts+Asts19.5,WNBA,238261,Veronica Burton,G,GSV,Pts+Asts,19.5,TRUE,10/2/2026,12/30/1899,pre_game,WNBA,demon,https://static.prizepicks.com/images/players/WNBA/Veronica_Burton_WNBA_player_PgQhWXIUPjwd5ndjpucEaD8E.webp,15364430,18.5,49.79,50.21,-7.6,50.21,Under,https://www.freeiconspng.com/img/1934,,,,,Wings @ Valkyries,2026-10-03T01:00:00Z,Fri 09:00pm,N/A,N/A,ESPN2,,,10/2/2026,18.5,,,,No,,28.83,31,,100,,18.5,,0,,18.5,18.5,18.75,0,Push
Arike OgunbowalePoints,Arike OgunbowalePoints19.5,WNBA,237835,Arike Ogunbowale,G,DAL,Points,19.5,TRUE,10/2/2026,12/30/1899,pre_game,WNBA,demon,https://static.prizepicks.com/images/players/WNBA/Arike_Ogunbowale_WNBA_player_li5EkQnXby20K9Lhu8gX4Ygc.webp,15364460,15.5,49.37,50.63,-7.18,50.63,Under,https://www.freeiconspng.com/img/1934,,No,8.2,159.7,Wings @ Valkyries,2026-10-03T01:00:00Z,Fri 09:00pm,N/A,N/A,ESPN2,,,10/2/2026,15.5,,,,No,GOL,25.36,32,,100,,15.5,,0,,15.5,15.5,16.3,15.5,Best Bet
Veronica BurtonPoints,Veronica BurtonPoints19.5,WNBA,238261,Veronica Burton,G,GSV,Points,19.5,TRUE,10/2/2026,12/30/1899,pre_game,WNBA,demon,https://static.prizepicks.com/images/players/WNBA/Veronica_Burton_WNBA_player_PgQhWXIUPjwd5ndjpucEaD8E.webp,15364915,12.5,48.18,51.82,-5.99,51.82,Under,https://www.freeiconspng.com/img/1934,,,,,Wings @ Valkyries,2026-10-03T01:00:00Z,Fri 09:00pm,N/A,N/A,ESPN2,,,10/2/2026,12.5,,,,No,,28.83,31,,100,,12.5,,0,,12.5,12.5,13.9,12.5,Best Bet
Kayla ThorntonPoints,Kayla ThorntonPoints19.5,WNBA,238102,Kayla Thornton,F,GSV,Points,19.5,TRUE,10/2/2026,12/30/1899,pre_game,WNBA,demon,https://static.prizepicks.com/images/players/WNBA/Kayla_Thornton_WNBA_player_LW0QKyGiDE0bVq5F3TkgEtm8.webp,15365486,7.5,51.57,48.43,-9.38,51.57,Over,https://www.freeiconspng.com/img/1934,,,,,Wings @ Valkyries,2026-10-03T01:00:00Z,Fri 09:00pm,N/A,N/A,ESPN2,,,10/2/2026,7.5,,,,No,,19.04,28,,100,,7.5,,0,,7.5,7.5,9.9,7.5,Push
Jessica ShepardPoints,Jessica ShepardPoints19.5,WNBA,317279,Jessica Shepard,F,DAL,Points,19.5,TRUE,10/2/2026,12/30/1899,pre_game,WNBA,demon,https://static.prizepicks.com/images/manual/JessShep.png,15365505,9.5,51.19,48.81,-9,51.19,Over,https://www.freeiconspng.com/img/1934,,No,8.2,159.7,Wings @ Valkyries,2026-10-03T01:00:00Z,Fri 09:00pm,N/A,N/A,ESPN2,,,10/2/2026,9.5,,,,No,GOL,29.6,31,,100,,9.5,,0,,9.5,9.5,11.5,9.5,Push
Veronica BurtonPts+Rebs,Veronica BurtonPts+Rebs19.5,WNBA,238261,Veronica Burton,G,GSV,Pts+Rebs,19.5,TRUE,10/2/2026,12/30/1899,pre_game,WNBA,demon,https://static.prizepicks.com/images/players/WNBA/Veronica_Burton_WNBA_player_PgQhWXIUPjwd5ndjpucEaD8E.webp,15366344,16.5,46.86,53.14,-5.02,53.14,Under,https://www.freeiconspng.com/img/1934,,,,,Wings @ Valkyries,2026-10-03T01:00:00Z,Fri 09:00pm,N/A,N/A,ESPN2,,,10/2/2026,16.5,,,,No,,28.83,31,,100,,16.5,,0,,16.5,16.5,17.25,0,Push
Kayla ThorntonPts+Rebs,Kayla ThorntonPts+Rebs19.5,WNBA,238102,Kayla Thornton,F,GSV,Pts+Rebs,19.5,TRUE,10/2/2026,12/30/1899,pre_game,WNBA,demon,https://static.prizepicks.com/images/players/WNBA/Kayla_Thornton_WNBA_player_LW0QKyGiDE0bVq5F3TkgEtm8.webp,15366359,12.81,50.22,49.78,-8.03,50.22,Over,https://www.freeiconspng.com/img/1934,,,,,Wings @ Valkyries,2026-10-03T01:00:00Z,Fri 09:00pm,N/A,N/A,ESPN2,,,10/2/2026,12.81,,,,No,,19.04,28,,100,,12.81,,0,,12.81,12.81,14.48,0,Push
Cecilia ZandalasiniPts+Rebs,Cecilia ZandalasiniPts+Rebs19.5,WNBA,249153,Cecilia Zandalasini,F,GSV,Pts+Rebs,19.5,TRUE,10/2/2026,12/30/1899,pre_game,WNBA,demon,https://static.prizepicks.com/images/players/WNBA/Cecilia_Zandalasini_WNBA_player_J9EZms55fyBgGOFTRR36l10v.webp,15366585,9.5,51.33,48.67,-9.14,51.33,Over,https://www.freeiconspng.com/img/1934,,,,,Wings @ Valkyries,2026-10-03T01:00:00Z,Fri 09:00pm,N/A,N/A,ESPN2,,,10/2/2026,9.5,,,,No,,13.41,17,,100,,9.5,,0,,9.5,9.5,12,0,Push
Janelle SalaünPts+Rebs,Janelle SalaünPts+Rebs19.5,WNBA,240424,Janelle Salaün,F,GSV,Pts+Rebs,19.5,TRUE,10/2/2026,12/30/1899,pre_game,WNBA,demon,https://static.prizepicks.com/images/players/WNBA/Janelle_Sala%C3%BCn_WNBA_player_TJWeCgZ3Bq8UPDeH4ehDuDYm.webp,15366602,14.5,50.78,49.22,-8.59,50.78,Over,https://www.freeiconspng.com/img/1934,,,,,Wings @ Valkyries,2026-10-03T01:00:00Z,Fri 09:00pm,N/A,N/A,ESPN2,,,10/2/2026,14.5,,,,No,,19.48,28,,100,,14.5,,0,,14.5,14.5,15.75,0,Push
Janelle SalaünPts+Asts,Janelle SalaünPts+Asts19.5,WNBA,240424,Janelle Salaün,F,GSV,Pts+Asts,19.5,TRUE,10/2/2026,12/30/1899,pre_game,WNBA,demon,https://static.prizepicks.com/images/players/WNBA/Janelle_Sala%C3%BCn_WNBA_player_TJWeCgZ3Bq8UPDeH4ehDuDYm.webp,15366606,12.5,49.61,50.39,-7.42,50.39,Under,https://www.freeiconspng.com/img/1934,,,,,Wings @ Valkyries,2026-10-03T01:00:00Z,Fri 09:00pm,N/A,N/A,ESPN2,,,10/2/2026,12.5,,,,No,,19.48,28,,100,,12.5,,0,,12.5,12.5,14.25,0,Push
Cecilia ZandalasiniPoints,Cecilia ZandalasiniPoints19.5,WNBA,249153,Cecilia Zandalasini,F,GSV,Points,19.5,TRUE,10/2/2026,12/30/1899,pre_game,WNBA,demon,https://static.prizepicks.com/images/players/WNBA/Cecilia_Zandalasini_WNBA_player_J9EZms55fyBgGOFTRR36l10v.webp,15366616,7.5,49.67,50.33,-7.48,50.33,Under,https://www.freeiconspng.com/img/1934,,,,,Wings @ Valkyries,2026-10-03T01:00:00Z,Fri 09:00pm,N/A,N/A,ESPN2,,,10/2/2026,7.5,,,,No,,13.41,17,,100,,7.5,,0,,7.5,7.5,9.9,7.5,Best Bet
Cecilia ZandalasiniPts+Rebs+Asts,Cecilia ZandalasiniPts+Rebs+Asts19.5,WNBA,249153,Cecilia Zandalasini,F,GSV,Pts+Rebs+Asts,19.5,TRUE,10/2/2026,12/30/1899,pre_game,WNBA,demon,https://static.prizepicks.com/images/players/WNBA/Cecilia_Zandalasini_WNBA_player_J9EZms55fyBgGOFTRR36l10v.webp,15366641,11.13,50.64,49.36,-8.45,50.64,Over,https://www.freeiconspng.com/img/1934,,,,,Wings @ Valkyries,2026-10-03T01:00:00Z,Fri 09:00pm,N/A,N/A,ESPN2,,,10/2/2026,11.13,,,,No,,13.41,17,,100,,11.13,,0,,11.13,11.13,13.22,0,Push
Jessica ShepardRebs+Asts,Jessica ShepardRebs+Asts19.5,WNBA,317279,Jessica Shepard,F,DAL,Rebs+Asts,19.5,TRUE,10/2/2026,12/30/1899,pre_game,WNBA,demon,https://static.prizepicks.com/images/manual/JessShep.png,15367151,14.75,49.47,50.53,-7.28,50.53,Under,https://www.freeiconspng.com/img/1934,,No,8.2,159.7,Wings @ Valkyries,2026-10-03T01:00:00Z,Fri 09:00pm,N/A,N/A,ESPN2,,,10/2/2026,14.75,,,,No,GOL,29.6,31,,100,,14.75,,0,,14.75,14.75,15.94,0,Push
Jessica ShepardPts+Asts,Jessica ShepardPts+Asts19.5,WNBA,317279,Jessica Shepard,F,DAL,Pts+Asts,19.5,TRUE,10/2/2026,12/30/1899,pre_game,WNBA,demon,https://static.prizepicks.com/images/manual/JessShep.png,15367174,14.5,50.01,49.99,-7.82,50.01,Over,https://www.freeiconspng.com/img/1934,,No,8.2,159.7,Wings @ Valkyries,2026-10-03T01:00:00Z,Fri 09:00pm,N/A,N/A,ESPN2,,,10/2/2026,14.5,,,,No,GOL,29.6,31,,100,,14.5,,0,,14.5,14.5,15.75,0,Push
Cecilia ZandalasiniPts+Asts,Cecilia ZandalasiniPts+Asts19.5,WNBA,249153,Cecilia Zandalasini,F,GSV,Pts+Asts,19.5,TRUE,10/2/2026,12/30/1899,pre_game,WNBA,demon,https://static.prizepicks.com/images/players/WNBA/Cecilia_Zandalasini_WNBA_player_J9EZms55fyBgGOFTRR36l10v.webp,15371583,9.5,48.96,51.04,-6.77,51.04,Under,https://www.freeiconspng.com/img/1934,,,,,Wings @ Valkyries,2026-10-03T01:00:00Z,Fri 09:00pm,N/A,N/A,ESPN2,,,10/2/2026,9.5,,,,No,,13.41,17,,100,,9.5,,0,,9.5,9.5,12,0,Push
Aziaha JamesPoints,Aziaha JamesPoints19.5,WNBA,245587,Aziaha James,G,DAL,Points,19.5,TRUE,10/2/2026,12/30/1899,pre_game,WNBA,demon,https://static.prizepicks.com/images/players/WNBA/Aziaha_James_WNBA_player_YTq6qCG2PgU73b0QUQItJH5H.webp,15373903,5.78,48.94,51.06,-6.75,51.06,Under,https://www.freeiconspng.com/img/1934,,No,8.2,159.7,Wings @ Valkyries,2026-10-03T01:00:00Z,Fri 09:00pm,N/A,N/A,ESPN2,,,10/2/2026,5.78,,,,No,GOL,12.64,12,,100,,5.78,,0,,5.78,5.78,8.27,4.5,Best Bet
Kaila CharlesPts+Rebs,Kaila CharlesPts+Rebs19.5,WNBA,259687,Kaila Charles,GF,GSV,Pts+Rebs,19.5,TRUE,10/2/2026,12/30/1899,pre_game,WNBA,demon,https://static.prizepicks.com/images/players/NBA/Kaila_Charles_WNBA_player_vxM5bpXnub73N8SOOIjBxlFf.webp,15383624,,,,,,,,,,,,Wings @ Valkyries,2026-10-03T01:00:00Z,Fri 09:00pm,N/A,N/A,ESPN2,,,10/2/2026,,,,,No,,13.02,15,,,,0,,0,,0,0,19.5,0,Push
Aziaha JamesPts+Rebs+Asts,Aziaha JamesPts+Rebs+Asts19.5,WNBA,245587,Aziaha James,G,DAL,Pts+Rebs+Asts,19.5,TRUE,10/2/2026,12/30/1899,pre_game,WNBA,demon,https://static.prizepicks.com/images/players/WNBA/Aziaha_James_WNBA_player_YTq6qCG2PgU73b0QUQItJH5H.webp,15383635,9.86,51.38,48.62,-9.19,51.38,Over,https://www.freeiconspng.com/img/1934,,No,8.2,159.7,Wings @ Valkyries,2026-10-03T01:00:00Z,Fri 09:00pm,N/A,N/A,ESPN2,,,10/2/2026,9.86,,,,No,GOL,12.64,12,,100,,9.86,,0,,9.86,9.86,12.27,0,Push
Tiffany HayesPoints,Tiffany HayesPoints19.5,WNBA,238101,Tiffany Hayes,G,GSV,Points,19.5,TRUE,10/2/2026,12/30/1899,pre_game,WNBA,demon,https://static.prizepicks.com/images/players/WNBA/Tiffany_Hayes_WNBA_player_JZ73QF6RKriqG7DeqAWWKcDH.webp,15395049,8.75,48.08,51.92,,51.92,Under,https://www.freeiconspng.com/img/1934,,,,,Wings @ Valkyries,2026-10-03T01:00:00Z,Fri 09:00pm,N/A,N/A,ESPN2,,,10/2/2026,8.75,,,,No,,13.79,20,,100,,8.75,,0,,8.75,8.75,10.85,8.5,Best Bet
Janelle SalaünPoints,Janelle SalaünPoints19.5,WNBA,240424,Janelle Salaün,F,GSV,Points,19.5,TRUE,10/2/2026,12/30/1899,pre_game,WNBA,demon,https://static.prizepicks.com/images/players/WNBA/Janelle_Sala%C3%BCn_WNBA_player_TJWeCgZ3Bq8UPDeH4ehDuDYm.webp,15395152,10.5,51.51,48.49,-9.32,51.51,Over,https://www.freeiconspng.com/img/1934,,,,,Wings @ Valkyries,2026-10-03T01:00:00Z,Fri 09:00pm,N/A,N/A,ESPN2,,,10/2/2026,10.5,,,,No,,19.48,28,,100,,10.5,,0,,10.5,10.5,12.3,10.5,Push
Janelle SalaünPts+Rebs+Asts,Janelle SalaünPts+Rebs+Asts18.5,WNBA,240424,Janelle Salaün,F,GSV,Pts+Rebs+Asts,18.5,TRUE,10/2/2026,12/30/1899,pre_game,WNBA,demon,https://static.prizepicks.com/images/players/WNBA/Janelle_Sala%C3%BCn_WNBA_player_TJWeCgZ3Bq8UPDeH4ehDuDYm.webp,15388569,16.38,49.38,50.62,-7.19,50.62,Under,https://www.freeiconspng.com/img/1934,,,,,Wings @ Valkyries,2026-10-03T01:00:00Z,Fri 09:00pm,N/A,N/A,ESPN2,,,10/2/2026,16.38,,,,No,,19.48,28,,100,,16.38,,0,,16.38,16.38,16.91,0,Push
Gabby WilliamsFGAttempted,Gabby WilliamsFGAttempted18.5,WNBA,316568,Gabby Williams,F,GSV,FG Attempted,18.5,TRUE,10/2/2026,12/30/1899,pre_game,WNBA,demon,https://static.prizepicks.com/images/manual/Gabby Williams .png,15388630,,,,,,,,,,,,Wings @ Valkyries,2026-10-03T01:00:00Z,Fri 09:00pm,N/A,N/A,ESPN2,,,10/2/2026,,,,,No,,33.32,30,,,,0,,0,,0,0,17.5,16.5,Push
Jessica ShepardRebounds,Jessica ShepardRebounds17.5,WNBA,317279,Jessica Shepard,F,DAL,Rebounds,17.5,TRUE,10/2/2026,12/30/1899,pre_game,WNBA,demon,https://static.prizepicks.com/images/manual/JessShep.png,15364809,10.19,48.44,51.56,,51.56,Under,https://www.freeiconspng.com/img/1934,,No,8.2,159.7,Wings @ Valkyries,2026-10-03T01:00:00Z,Fri 09:00pm,N/A,N/A,ESPN2,,,10/2/2026,10.19,,,,No,GOL,29.6,31,,100,,10.19,,0,,10.19,10.19,11.71,10.5,Best Bet
Jessica ShepardRebs+Asts,Jessica ShepardRebs+Asts17.5,WNBA,317279,Jessica Shepard,F,DAL,Rebs+Asts,17.5,TRUE,10/2/2026,12/30/1899,pre_game,WNBA,demon,https://static.prizepicks.com/images/manual/JessShep.png,15367176,14.75,49.47,50.53,-7.28,50.53,Under,https://www.freeiconspng.com/img/1934,,No,8.2,159.7,Wings @ Valkyries,2026-10-03T01:00:00Z,Fri 09:00pm,N/A,N/A,ESPN2,,,10/2/2026,14.75,,,,No,GOL,29.6,31,,100,,14.75,,0,,14.75,14.75,15.44,0,Push
Alysha ClarkPoints,Alysha ClarkPoints17.5,WNBA,333607,Alysha Clark,F,DAL,Points,17.5,TRUE,10/2/2026,12/30/1899,pre_game,WNBA,demon,https://static.prizepicks.com/images/manual/Alysha_Clark-removebg-preview.png,15373900,5.5,48.9,51.1,-6.71,51.1,Under,https://www.freeiconspng.com/img/1934,,No,8.2,159.7,Wings @ Valkyries,2026-10-03T01:00:00Z,Fri 09:00pm,N/A,N/A,ESPN2,,,10/2/2026,5.5,,,,No,GOL,9.55,5,,100,,5.5,,0,,5.5,5.5,7.9,5.5,Best Bet
Paige BueckersFGAttempted,Paige BueckersFGAttempted17.5,WNBA,237836,Paige Bueckers,G,DAL,FG Attempted,17.5,TRUE,10/2/2026,12/30/1899,pre_game,WNBA,demon,https://static.prizepicks.com/images/players/WNBA/Paige_Bueckers_WNBA_player_9Y8nnqPB9PRhUk1Zb4Mlsb5c.webp,15388638,,,,,,,,,No,8.2,159.7,Wings @ Valkyries,2026-10-03T01:00:00Z,Fri 09:00pm,N/A,N/A,ESPN2,,,10/2/2026,,,,,No,GOL,32.51,33,,,,0,,0,,0,0,16,14.5,Push
Arike OgunbowalePoints,Arike OgunbowalePoints16.5,WNBA,237835,Arike Ogunbowale,G,DAL,Points,16.5,TRUE,10/2/2026,12/30/1899,pre_game,WNBA,demon,https://static.prizepicks.com/images/players/WNBA/Arike_Ogunbowale_WNBA_player_li5EkQnXby20K9Lhu8gX4Ygc.webp,15373317,15.5,49.37,50.63,-7.18,50.63,Under,https://www.freeiconspng.com/img/1934,,No,8.2,159.7,Wings @ Valkyries,2026-10-03T01:00:00Z,Fri 09:00pm,N/A,N/A,ESPN2,,,10/2/2026,15.5,,,,No,GOL,25.36,32,,100,,15.5,,0,,15.5,15.5,15.7,15.5,Best Bet
Arike OgunbowaleFGAttempted,Arike OgunbowaleFGAttempted16.5,WNBA,237835,Arike Ogunbowale,G,DAL,FG Attempted,16.5,TRUE,10/2/2026,12/30/1899,pre_game,WNBA,demon,https://static.prizepicks.com/images/players/WNBA/Arike_Ogunbowale_WNBA_player_li5EkQnXby20K9Lhu8gX4Ygc.webp,15388627,,,,,,,,,No,8.2,159.7,Wings @ Valkyries,2026-10-03T01:00:00Z,Fri 09:00pm,N/A,N/A,ESPN2,,,10/2/2026,,,,,No,GOL,25.36,32,,,,0,,0,,0,0,14.5,12.5,Push
Kayla ThorntonPts+Rebs+Asts,Kayla ThorntonPts+Rebs+Asts15.5,WNBA,238102,Kayla Thornton,F,GSV,Pts+Rebs+Asts,15.5,TRUE,10/2/2026,12/30/1899,pre_game,WNBA,demon,https://static.prizepicks.com/images/players/WNBA/Kayla_Thornton_WNBA_player_LW0QKyGiDE0bVq5F3TkgEtm8.webp,15388682,13.5,50.55,49.45,-8.36,50.55,Over,https://www.freeiconspng.com/img/1934,,,,,Wings @ Valkyries,2026-10-03T01:00:00Z,Fri 09:00pm,N/A,N/A,ESPN2,,,10/2/2026,13.5,,,,No,,19.04,28,,100,,13.5,,0,,13.5,13.5,14,0,Push
Kayla ThorntonPts+Rebs+Asts,Kayla ThorntonPts+Rebs+Asts14.5,WNBA,238102,Kayla Thornton,F,GSV,Pts+Rebs+Asts,14.5,TRUE,10/2/2026,12/30/1899,pre_game,WNBA,demon,https://static.prizepicks.com/images/players/WNBA/Kayla_Thornton_WNBA_player_LW0QKyGiDE0bVq5F3TkgEtm8.webp,15364414,13.5,50.55,49.45,-8.36,50.55,Over,https://www.freeiconspng.com/img/1934,,,,,Wings @ Valkyries,2026-10-03T01:00:00Z,Fri 09:00pm,N/A,N/A,ESPN2,,,10/2/2026,13.5,,,,No,,19.04,28,,100,,13.5,,0,,13.5,13.5,13.75,0,Push
Jessica ShepardPoints,Jessica ShepardPoints14.5,WNBA,317279,Jessica Shepard,F,DAL,Points,14.5,TRUE,10/2/2026,12/30/1899,pre_game,WNBA,demon,https://static.prizepicks.com/images/manual/JessShep.png,15364849,9.5,51.19,48.81,-9,51.19,Over,https://www.freeiconspng.com/img/1934,,No,8.2,159.7,Wings @ Valkyries,2026-10-03T01:00:00Z,Fri 09:00pm,N/A,N/A,ESPN2,,,10/2/2026,9.5,,,,No,GOL,29.6,31,,100,,9.5,,0,,9.5,9.5,10.5,9.5,Push
Cecilia ZandalasiniPoints,Cecilia ZandalasiniPoints14.5,WNBA,249153,Cecilia Zandalasini,F,GSV,Points,14.5,TRUE,10/2/2026,12/30/1899,pre_game,WNBA,demon,https://static.prizepicks.com/images/players/WNBA/Cecilia_Zandalasini_WNBA_player_J9EZms55fyBgGOFTRR36l10v.webp,15364851,7.5,49.67,50.33,-7.48,50.33,Under,https://www.freeiconspng.com/img/1934,,,,,Wings @ Valkyries,2026-10-03T01:00:00Z,Fri 09:00pm,N/A,N/A,ESPN2,,,10/2/2026,7.5,,,,No,,13.41,17,,100,,7.5,,0,,7.5,7.5,8.9,7.5,Best Bet
Veronica BurtonPoints,Veronica BurtonPoints14.5,WNBA,238261,Veronica Burton,G,GSV,Points,14.5,TRUE,10/2/2026,12/30/1899,pre_game,WNBA,demon,https://static.prizepicks.com/images/players/WNBA/Veronica_Burton_WNBA_player_PgQhWXIUPjwd5ndjpucEaD8E.webp,15364860,12.5,48.18,51.82,-5.99,51.82,Under,https://www.freeiconspng.com/img/1934,,,,,Wings @ Valkyries,2026-10-03T01:00:00Z,Fri 09:00pm,N/A,N/A,ESPN2,,,10/2/2026,12.5,,,,No,,28.83,31,,100,,12.5,,0,,12.5,12.5,12.9,12.5,Best Bet
Janelle SalaünPoints,Janelle SalaünPoints14.5,WNBA,240424,Janelle Salaün,F,GSV,Points,14.5,TRUE,10/2/2026,12/30/1899,pre_game,WNBA,demon,https://static.prizepicks.com/images/players/WNBA/Janelle_Sala%C3%BCn_WNBA_player_TJWeCgZ3Bq8UPDeH4ehDuDYm.webp,15364878,10.5,51.51,48.49,-9.32,51.51,Over,https://www.freeiconspng.com/img/1934,,,,,Wings @ Valkyries,2026-10-03T01:00:00Z,Fri 09:00pm,N/A,N/A,ESPN2,,,10/2/2026,10.5,,,,No,,19.48,28,,100,,10.5,,0,,10.5,10.5,11.3,10.5,Push
Kayla ThorntonPoints,Kayla ThorntonPoints14.5,WNBA,238102,Kayla Thornton,F,GSV,Points,14.5,TRUE,10/2/2026,12/30/1899,pre_game,WNBA,demon,https://static.prizepicks.com/images/players/WNBA/Kayla_Thornton_WNBA_player_LW0QKyGiDE0bVq5F3TkgEtm8.webp,15365461,7.5,51.57,48.43,-9.38,51.57,Over,https://www.freeiconspng.com/img/1934,,,,,Wings @ Valkyries,2026-10-03T01:00:00Z,Fri 09:00pm,N/A,N/A,ESPN2,,,10/2/2026,7.5,,,,No,,19.04,28,,100,,7.5,,0,,7.5,7.5,8.9,7.5,Push
Kiah StokesPts+Rebs,Kiah StokesPts+Rebs14.5,WNBA,317423,Kiah Stokes,C,GSV,Pts+Rebs,14.5,TRUE,10/2/2026,12/30/1899,pre_game,WNBA,demon,https://static.prizepicks.com/images/players/WNBA/Kiah_Stokes_WNBA_player_ndf93Nxv7e15yD38rl5xBPni.webp,15366342,9.5,47.78,52.22,-5.59,52.22,Under,https://www.freeiconspng.com/img/1934,,,,,Wings @ Valkyries,2026-10-03T01:00:00Z,Fri 09:00pm,N/A,N/A,ESPN2,,,10/2/2026,9.5,,,,No,,18.53,21,,100,,9.5,,0,,9.5,9.5,10.75,0,Push
Kayla ThorntonPts+Rebs,Kayla ThorntonPts+Rebs14.5,WNBA,238102,Kayla Thornton,F,GSV,Pts+Rebs,14.5,TRUE,10/2/2026,12/30/1899,pre_game,WNBA,demon,https://static.prizepicks.com/images/players/WNBA/Kayla_Thornton_WNBA_player_LW0QKyGiDE0bVq5F3TkgEtm8.webp,15366362,12.81,50.22,49.78,-8.03,50.22,Over,https://www.freeiconspng.com/img/1934,,,,,Wings @ Valkyries,2026-10-03T01:00:00Z,Fri 09:00pm,N/A,N/A,ESPN2,,,10/2/2026,12.81,,,,No,,19.04,28,,100,,12.81,,0,,12.81,12.81,13.23,0,Push
Cecilia ZandalasiniPts+Asts,Cecilia ZandalasiniPts+Asts14.5,WNBA,249153,Cecilia Zandalasini,F,GSV,Pts+Asts,14.5,TRUE,10/2/2026,12/30/1899,pre_game,WNBA,demon,https://static.prizepicks.com/images/players/WNBA/Cecilia_Zandalasini_WNBA_player_J9EZms55fyBgGOFTRR36l10v.webp,15366589,9.5,48.96,51.04,-6.77,51.04,Under,https://www.freeiconspng.com/img/1934,,,,,Wings @ Valkyries,2026-10-03T01:00:00Z,Fri 09:00pm,N/A,N/A,ESPN2,,,10/2/2026,9.5,,,,No,,13.41,17,,100,,9.5,,0,,9.5,9.5,10.75,0,Push
Kayla ThorntonPts+Asts,Kayla ThorntonPts+Asts14.5,WNBA,238102,Kayla Thornton,F,GSV,Pts+Asts,14.5,TRUE,10/2/2026,12/30/1899,pre_game,WNBA,demon,https://static.prizepicks.com/images/players/WNBA/Kayla_Thornton_WNBA_player_LW0QKyGiDE0bVq5F3TkgEtm8.webp,15366592,8.5,50.78,49.22,-8.59,50.78,Over,https://www.freeiconspng.com/img/1934,,,,,Wings @ Valkyries,2026-10-03T01:00:00Z,Fri 09:00pm,N/A,N/A,ESPN2,,,10/2/2026,8.5,,,,No,,19.04,28,,100,,8.5,,0,,8.5,8.5,10,0,Push
Janelle SalaünPts+Asts,Janelle SalaünPts+Asts14.5,WNBA,240424,Janelle Salaün,F,GSV,Pts+Asts,14.5,TRUE,10/2/2026,12/30/1899,pre_game,WNBA,demon,https://static.prizepicks.com/images/players/WNBA/Janelle_Sala%C3%BCn_WNBA_player_TJWeCgZ3Bq8UPDeH4ehDuDYm.webp,15366593,12.5,49.61,50.39,-7.42,50.39,Under,https://www.freeiconspng.com/img/1934,,,,,Wings @ Valkyries,2026-10-03T01:00:00Z,Fri 09:00pm,N/A,N/A,ESPN2,,,10/2/2026,12.5,,,,No,,19.48,28,,100,,12.5,,0,,12.5,12.5,13,0,Push
Cecilia ZandalasiniPts+Rebs,Cecilia ZandalasiniPts+Rebs14.5,WNBA,249153,Cecilia Zandalasini,F,GSV,Pts+Rebs,14.5,TRUE,10/2/2026,12/30/1899,pre_game,WNBA,demon,https://static.prizepicks.com/images/players/WNBA/Cecilia_Zandalasini_WNBA_player_J9EZms55fyBgGOFTRR36l10v.webp,15366598,9.5,51.33,48.67,-9.14,51.33,Over,https://www.freeiconspng.com/img/1934,,,,,Wings @ Valkyries,2026-10-03T01:00:00Z,Fri 09:00pm,N/A,N/A,ESPN2,,,10/2/2026,9.5,,,,No,,13.41,17,,100,,9.5,,0,,9.5,9.5,10.75,0,Push
Kiah StokesPts+Rebs+Asts,Kiah StokesPts+Rebs+Asts14.5,WNBA,317423,Kiah Stokes,C,GSV,Pts+Rebs+Asts,14.5,TRUE,10/2/2026,12/30/1899,pre_game,WNBA,demon,https://static.prizepicks.com/images/players/WNBA/Kiah_Stokes_WNBA_player_ndf93Nxv7e15yD38rl5xBPni.webp,15366599,10.5,51.41,48.59,-9.22,51.41,Over,https://www.freeiconspng.com/img/1934,,,,,Wings @ Valkyries,2026-10-03T01:00:00Z,Fri 09:00pm,N/A,N/A,ESPN2,,,10/2/2026,10.5,,,,No,,18.53,21,,100,,10.5,,0,,10.5,10.5,11.5,0,Push
Cecilia ZandalasiniPts+Rebs+Asts,Cecilia ZandalasiniPts+Rebs+Asts14.5,WNBA,249153,Cecilia Zandalasini,F,GSV,Pts+Rebs+Asts,14.5,TRUE,10/2/2026,12/30/1899,pre_game,WNBA,demon,https://static.prizepicks.com/images/players/WNBA/Cecilia_Zandalasini_WNBA_player_J9EZms55fyBgGOFTRR36l10v.webp,15366642,11.13,50.64,49.36,-8.45,50.64,Over,https://www.freeiconspng.com/img/1934,,,,,Wings @ Valkyries,2026-10-03T01:00:00Z,Fri 09:00pm,N/A,N/A,ESPN2,,,10/2/2026,11.13,,,,No,,13.41,17,,100,,11.13,,0,,11.13,11.13,11.97,0,Push
Paige BueckersRebs+Asts,Paige BueckersRebs+Asts14.5,WNBA,237836,Paige Bueckers,G,DAL,Rebs+Asts,14.5,TRUE,10/2/2026,12/30/1899,pre_game,WNBA,demon,https://static.prizepicks.com/images/players/WNBA/Paige_Bueckers_WNBA_player_9Y8nnqPB9PRhUk1Zb4Mlsb5c.webp,15367162,8.94,50.07,49.93,-7.74,50.07,Over,https://www.freeiconspng.com/img/1934,,No,8.2,159.7,Wings @ Valkyries,2026-10-03T01:00:00Z,Fri 09:00pm,N/A,N/A,ESPN2,,,10/2/2026,8.94,,,,No,GOL,32.51,33,,100,,8.94,,0,,8.94,8.94,10.33,0,Push
Veronica BurtonRebs+Asts,Veronica BurtonRebs+Asts14.5,WNBA,238261,Veronica Burton,G,GSV,Rebs+Asts,14.5,TRUE,10/2/2026,12/30/1899,pre_game,WNBA,demon,https://static.prizepicks.com/images/players/WNBA/Veronica_Burton_WNBA_player_PgQhWXIUPjwd5ndjpucEaD8E.webp,15367173,9.5,53.44,46.56,-3.46,53.44,Over,https://www.freeiconspng.com/img/1934,,,,,Wings @ Valkyries,2026-10-03T01:00:00Z,Fri 09:00pm,N/A,N/A,ESPN2,,,10/2/2026,9.5,,,,No,,28.83,31,,100,,9.5,,0,,9.5,9.5,10.75,0,Push
Tiffany HayesPoints,Tiffany HayesPoints14.5,WNBA,238101,Tiffany Hayes,G,GSV,Points,14.5,TRUE,10/2/2026,12/30/1899,pre_game,WNBA,demon,https://static.prizepicks.com/images/players/WNBA/Tiffany_Hayes_WNBA_player_JZ73QF6RKriqG7DeqAWWKcDH.webp,15382872,8.75,48.08,51.92,,51.92,Under,https://www.freeiconspng.com/img/1934,,,,,Wings @ Valkyries,2026-10-03T01:00:00Z,Fri 09:00pm,N/A,N/A,ESPN2,,,10/2/2026,8.75,,,,No,,13.79,20,,100,,8.75,,0,,8.75,8.75,9.85,8.5,Best Bet
Kaila CharlesPts+Rebs,Kaila CharlesPts+Rebs14.5,WNBA,259687,Kaila Charles,GF,GSV,Pts+Rebs,14.5,TRUE,10/2/2026,12/30/1899,pre_game,WNBA,demon,https://static.prizepicks.com/images/players/NBA/Kaila_Charles_WNBA_player_vxM5bpXnub73N8SOOIjBxlFf.webp,15383617,,,,,,,,,,,,Wings @ Valkyries,2026-10-03T01:00:00Z,Fri 09:00pm,N/A,N/A,ESPN2,,,10/2/2026,,,,,No,,13.02,15,,,,0,,0,,0,0,14.5,0,Push
Aziaha JamesPts+Rebs+Asts,Aziaha JamesPts+Rebs+Asts14.5,WNBA,245587,Aziaha James,G,DAL,Pts+Rebs+Asts,14.5,TRUE,10/2/2026,12/30/1899,pre_game,WNBA,demon,https://static.prizepicks.com/images/players/WNBA/Aziaha_James_WNBA_player_YTq6qCG2PgU73b0QUQItJH5H.webp,15383634,9.86,51.38,48.62,-9.19,51.38,Over,https://www.freeiconspng.com/img/1934,,No,8.2,159.7,Wings @ Valkyries,2026-10-03T01:00:00Z,Fri 09:00pm,N/A,N/A,ESPN2,,,10/2/2026,9.86,,,,No,GOL,12.64,12,,100,,9.86,,0,,9.86,9.86,11.02,0,Push
Aziaha JamesPts+Asts,Aziaha JamesPts+Asts14.5,WNBA,245587,Aziaha James,G,DAL,Pts+Asts,14.5,TRUE,10/2/2026,12/30/1899,pre_game,WNBA,demon,https://static.prizepicks.com/images/players/WNBA/Aziaha_James_WNBA_player_YTq6qCG2PgU73b0QUQItJH5H.webp,15383721,,,,,,,https://www.freeiconspng.com/img/1934,,No,8.2,159.7,Wings @ Valkyries,2026-10-03T01:00:00Z,Fri 09:00pm,N/A,N/A,ESPN2,,,10/2/2026,,,,,No,GOL,12.64,12,,,,0,,0,,0,0,14.5,0,Push
Veronica BurtonPoints,Veronica BurtonPoints13.5,WNBA,238261,Veronica Burton,G,GSV,Points,13.5,TRUE,10/2/2026,12/30/1899,pre_game,WNBA,demon,https://static.prizepicks.com/images/players/WNBA/Veronica_Burton_WNBA_player_PgQhWXIUPjwd5ndjpucEaD8E.webp,15366307,12.5,48.18,51.82,-5.99,51.82,Under,https://www.freeiconspng.com/img/1934,,,,,Wings @ Valkyries,2026-10-03T01:00:00Z,Fri 09:00pm,N/A,N/A,ESPN2,,,10/2/2026,12.5,,,,No,,28.83,31,,100,,12.5,,0,,12.5,12.5,12.7,12.5,Best Bet
Jessica ShepardRebounds,Jessica ShepardRebounds13.5,WNBA,317279,Jessica Shepard,F,DAL,Rebounds,13.5,TRUE,10/2/2026,12/30/1899,pre_game,WNBA,demon,https://static.prizepicks.com/images/manual/JessShep.png,15367158,10.19,48.44,51.56,,51.56,Under,https://www.freeiconspng.com/img/1934,,No,8.2,159.7,Wings @ Valkyries,2026-10-03T01:00:00Z,Fri 09:00pm,N/A,N/A,ESPN2,,,10/2/2026,10.19,,,,No,GOL,29.6,31,,100,,10.19,,0,,10.19,10.19,10.91,10.5,Best Bet
Kaila CharlesPoints,Kaila CharlesPoints13.5,WNBA,259687,Kaila Charles,GF,GSV,Points,13.5,TRUE,10/2/2026,12/30/1899,pre_game,WNBA,demon,https://static.prizepicks.com/images/players/NBA/Kaila_Charles_WNBA_player_vxM5bpXnub73N8SOOIjBxlFf.webp,15388334,5.5,49.68,50.32,-2.51,50.32,Under,https://www.freeiconspng.com/img/1934,,,,,Wings @ Valkyries,2026-10-03T01:00:00Z,Fri 09:00pm,N/A,N/A,ESPN2,,,10/2/2026,5.5,,,,No,,13.02,15,,100,,5.5,,0,,5.5,5.5,7.1,5.5,Best Bet
Cecilia ZandalasiniPts+Rebs+Asts,Cecilia ZandalasiniPts+Rebs+Asts13.5,WNBA,249153,Cecilia Zandalasini,F,GSV,Pts+Rebs+Asts,13.5,TRUE,10/2/2026,12/30/1899,pre_game,WNBA,demon,https://static.prizepicks.com/images/players/WNBA/Cecilia_Zandalasini_WNBA_player_J9EZms55fyBgGOFTRR36l10v.webp,15390426,11.13,50.64,49.36,-8.45,50.64,Over,https://www.freeiconspng.com/img/1934,,,,,Wings @ Valkyries,2026-10-03T01:00:00Z,Fri 09:00pm,N/A,N/A,ESPN2,,,10/2/2026,11.13,,,,No,,13.41,17,,100,,11.13,,0,,11.13,11.13,11.72,0,Push
Arike OgunbowaleRebs+Asts,Arike OgunbowaleRebs+Asts12.5,WNBA,237835,Arike Ogunbowale,G,DAL,Rebs+Asts,12.5,TRUE,10/2/2026,12/30/1899,pre_game,WNBA,demon,https://static.prizepicks.com/images/players/WNBA/Arike_Ogunbowale_WNBA_player_li5EkQnXby20K9Lhu8gX4Ygc.webp,15376112,6.5,49.69,50.31,-7.5,50.31,Under,https://www.freeiconspng.com/img/1934,,No,8.2,159.7,Wings @ Valkyries,2026-10-03T01:00:00Z,Fri 09:00pm,N/A,N/A,ESPN2,,,10/2/2026,6.5,,,,No,GOL,25.36,32,,100,,6.5,,0,,6.5,6.5,8,0,Push
Kiah StokesPts+Rebs+Asts,Kiah StokesPts+Rebs+Asts12.5,WNBA,317423,Kiah Stokes,C,GSV,Pts+Rebs+Asts,12.5,TRUE,10/2/2026,12/30/1899,pre_game,WNBA,demon,https://static.prizepicks.com/images/players/WNBA/Kiah_Stokes_WNBA_player_ndf93Nxv7e15yD38rl5xBPni.webp,15389257,10.5,51.41,48.59,-9.22,51.41,Over,https://www.freeiconspng.com/img/1934,,,,,Wings @ Valkyries,2026-10-03T01:00:00Z,Fri 09:00pm,N/A,N/A,ESPN2,,,10/2/2026,10.5,,,,No,,18.53,21,,100,,10.5,,0,,10.5,10.5,11,0,Push
Jessica ShepardRebounds,Jessica ShepardRebounds11.5,WNBA,317279,Jessica Shepard,F,DAL,Rebounds,11.5,TRUE,10/2/2026,12/30/1899,pre_game,WNBA,demon,https://static.prizepicks.com/images/manual/JessShep.png,15364838,10.19,48.44,51.56,,51.56,Under,https://www.freeiconspng.com/img/1934,,No,8.2,159.7,Wings @ Valkyries,2026-10-03T01:00:00Z,Fri 09:00pm,N/A,N/A,ESPN2,,,10/2/2026,10.19,,,,No,GOL,29.6,31,,100,,10.19,,0,,10.19,10.19,10.51,10.5,Best Bet
Jessica ShepardPoints,Jessica ShepardPoints11.5,WNBA,317279,Jessica Shepard,F,DAL,Points,11.5,TRUE,10/2/2026,12/30/1899,pre_game,WNBA,demon,https://static.prizepicks.com/images/manual/JessShep.png,15365514,9.5,51.19,48.81,-9,51.19,Over,https://www.freeiconspng.com/img/1934,,No,8.2,159.7,Wings @ Valkyries,2026-10-03T01:00:00Z,Fri 09:00pm,N/A,N/A,ESPN2,,,10/2/2026,9.5,,,,No,GOL,29.6,31,,100,,9.5,,0,,9.5,9.5,9.9,9.5,Push
Janelle SalaünPoints,Janelle SalaünPoints11.5,WNBA,240424,Janelle Salaün,F,GSV,Points,11.5,TRUE,10/2/2026,12/30/1899,pre_game,WNBA,demon,https://static.prizepicks.com/images/players/WNBA/Janelle_Sala%C3%BCn_WNBA_player_TJWeCgZ3Bq8UPDeH4ehDuDYm.webp,15366288,10.5,51.51,48.49,-9.32,51.51,Over,https://www.freeiconspng.com/img/1934,,,,,Wings @ Valkyries,2026-10-03T01:00:00Z,Fri 09:00pm,N/A,N/A,ESPN2,,,10/2/2026,10.5,,,,No,,19.48,28,,100,,10.5,,0,,10.5,10.5,10.7,10.5,Push
Kiah StokesRebounds,Kiah StokesRebounds11.5,WNBA,317423,Kiah Stokes,C,GSV,Rebounds,11.5,TRUE,10/2/2026,12/30/1899,pre_game,WNBA,demon,https://static.prizepicks.com/images/players/WNBA/Kiah_Stokes_WNBA_player_ndf93Nxv7e15yD38rl5xBPni.webp,15366358,5.73,51.82,48.18,-9.27,51.82,Over,https://www.freeiconspng.com/img/1934,,,,,Wings @ Valkyries,2026-10-03T01:00:00Z,Fri 09:00pm,N/A,N/A,ESPN2,,,10/2/2026,5.73,,,,No,,18.53,21,,100,,5.73,,0,,5.73,5.73,6.84,5.5,Push
Gabby WilliamsRebs+Asts,Gabby WilliamsRebs+Asts11.5,WNBA,316568,Gabby Williams,F,GSV,Rebs+Asts,11.5,TRUE,10/2/2026,12/30/1899,pre_game,WNBA,demon,https://static.prizepicks.com/images/manual/Gabby Williams .png,15366372,7.83,50.65,49.35,-11.43,50.65,Over,https://www.freeiconspng.com/img/1934,,,,,Wings @ Valkyries,2026-10-03T01:00:00Z,Fri 09:00pm,N/A,N/A,ESPN2,,,10/2/2026,7.83,,,,No,,33.32,30,,100,,7.83,,0,,7.83,7.83,8.75,0,Push
Veronica BurtonRebs+Asts,Veronica BurtonRebs+Asts11.5,WNBA,238261,Veronica Burton,G,GSV,Rebs+Asts,11.5,TRUE,10/2/2026,12/30/1899,pre_game,WNBA,demon,https://static.prizepicks.com/images/players/WNBA/Veronica_Burton_WNBA_player_PgQhWXIUPjwd5ndjpucEaD8E.webp,15367152,9.5,53.44,46.56,-3.46,53.44,Over,https://www.freeiconspng.com/img/1934,,,,,Wings @ Valkyries,2026-10-03T01:00:00Z,Fri 09:00pm,N/A,N/A,ESPN2,,,10/2/2026,9.5,,,,No,,28.83,31,,100,,9.5,,0,,9.5,9.5,10,0,Push
Kiah StokesRebs+Asts,Kiah StokesRebs+Asts11.5,WNBA,317423,Kiah Stokes,C,GSV,Rebs+Asts,11.5,TRUE,10/2/2026,12/30/1899,pre_game,WNBA,demon,https://static.prizepicks.com/images/players/WNBA/Kiah_Stokes_WNBA_player_ndf93Nxv7e15yD38rl5xBPni.webp,15367154,7.5,49.64,50.36,-7.45,50.36,Under,https://www.freeiconspng.com/img/1934,,,,,Wings @ Valkyries,2026-10-03T01:00:00Z,Fri 09:00pm,N/A,N/A,ESPN2,,,10/2/2026,7.5,,,,No,,18.53,21,,100,,7.5,,0,,7.5,7.5,8.5,0,Push
Paige BueckersRebs+Asts,Paige BueckersRebs+Asts11.5,WNBA,237836,Paige Bueckers,G,DAL,Rebs+Asts,11.5,TRUE,10/2/2026,12/30/1899,pre_game,WNBA,demon,https://static.prizepicks.com/images/players/WNBA/Paige_Bueckers_WNBA_player_9Y8nnqPB9PRhUk1Zb4Mlsb5c.webp,15367157,8.94,50.07,49.93,-7.74,50.07,Over,https://www.freeiconspng.com/img/1934,,No,8.2,159.7,Wings @ Valkyries,2026-10-03T01:00:00Z,Fri 09:00pm,N/A,N/A,ESPN2,,,10/2/2026,8.94,,,,No,GOL,32.51,33,,100,,8.94,,0,,8.94,8.94,9.58,0,Push
Veronica BurtonAssists,Veronica BurtonAssists11.5,WNBA,238261,Veronica Burton,G,GSV,Assists,11.5,TRUE,10/2/2026,12/30/1899,pre_game,WNBA,demon,https://static.prizepicks.com/images/players/WNBA/Veronica_Burton_WNBA_player_PgQhWXIUPjwd5ndjpucEaD8E.webp,15367180,6.13,47.76,52.24,-11.75,52.24,Under,https://www.freeiconspng.com/img/1934,,,,,Wings @ Valkyries,2026-10-03T01:00:00Z,Fri 09:00pm,N/A,N/A,ESPN2,,,10/2/2026,6.13,,,,No,,28.83,31,,100,,6.13,,0,,6.13,6.13,7.28,6.5,Best Bet
Kaila CharlesPoints,Kaila CharlesPoints11.5,WNBA,259687,Kaila Charles,GF,GSV,Points,11.5,TRUE,10/2/2026,12/30/1899,pre_game,WNBA,demon,https://static.prizepicks.com/images/players/NBA/Kaila_Charles_WNBA_player_vxM5bpXnub73N8SOOIjBxlFf.webp,15383578,5.5,49.68,50.32,-2.51,50.32,Under,https://www.freeiconspng.com/img/1934,,,,,Wings @ Valkyries,2026-10-03T01:00:00Z,Fri 09:00pm,N/A,N/A,ESPN2,,,10/2/2026,5.5,,,,No,,13.02,15,,100,,5.5,,0,,5.5,5.5,6.7,5.5,Best Bet
Veronica BurtonFGAttempted,Veronica BurtonFGAttempted11.5,WNBA,238261,Veronica Burton,G,GSV,FG Attempted,11.5,TRUE,10/2/2026,12/30/1899,pre_game,WNBA,demon,https://static.prizepicks.com/images/players/WNBA/Veronica_Burton_WNBA_player_PgQhWXIUPjwd5ndjpucEaD8E.webp,15388644,,,,,,,,,,,,Wings @ Valkyries,2026-10-03T01:00:00Z,Fri 09:00pm,N/A,N/A,ESPN2,,,10/2/2026,,,,,No,,28.83,31,,,,0,,0,,0,0,10.5,9.5,Push
Jessica ShepardRebounds,Jessica ShepardRebounds10.5,WNBA,317279,Jessica Shepard,F,DAL,Rebounds,10.5,TRUE,10/2/2026,12/30/1899,pre_game,WNBA,demon,https://static.prizepicks.com/images/manual/JessShep.png,15365462,10.19,48.44,51.56,,51.56,Under,https://www.freeiconspng.com/img/1934,,No,8.2,159.7,Wings @ Valkyries,2026-10-03T01:00:00Z,Fri 09:00pm,N/A,N/A,ESPN2,,,10/2/2026,10.19,,,,No,GOL,29.6,31,,100,,10.19,,0,,10.19,10.19,10.31,10.5,Best Bet
Jessica ShepardPoints,Jessica ShepardPoints10.5,WNBA,317279,Jessica Shepard,F,DAL,Points,10.5,TRUE,10/2/2026,12/30/1899,pre_game,WNBA,demon,https://static.prizepicks.com/images/manual/JessShep.png,15365524,9.5,51.19,48.81,-9,51.19,Over,https://www.freeiconspng.com/img/1934,,No,8.2,159.7,Wings @ Valkyries,2026-10-03T01:00:00Z,Fri 09:00pm,N/A,N/A,ESPN2,,,10/2/2026,9.5,,,,No,GOL,29.6,31,,100,,9.5,,0,,9.5,9.5,9.7,9.5,Push
Janelle SalaünFGAttempted,Janelle SalaünFGAttempted10.5,WNBA,240424,Janelle Salaün,F,GSV,FG Attempted,10.5,TRUE,10/2/2026,12/30/1899,pre_game,WNBA,demon,https://static.prizepicks.com/images/players/WNBA/Janelle_Sala%C3%BCn_WNBA_player_TJWeCgZ3Bq8UPDeH4ehDuDYm.webp,15388634,,,,,,,,,,,,Wings @ Valkyries,2026-10-03T01:00:00Z,Fri 09:00pm,N/A,N/A,ESPN2,,,10/2/2026,,,,,No,,19.48,28,,,,0,,0,,0,0,9.5,8.5,Push
Kayla ThorntonRebounds,Kayla ThorntonRebounds10.5,WNBA,238102,Kayla Thornton,F,GSV,Rebounds,10.5,TRUE,10/2/2026,12/30/1899,pre_game,WNBA,demon,https://static.prizepicks.com/images/players/WNBA/Kayla_Thornton_WNBA_player_LW0QKyGiDE0bVq5F3TkgEtm8.webp,15389860,4.75,51.76,48.24,-14.45,51.76,Over,https://www.freeiconspng.com/img/1934,,,,,Wings @ Valkyries,2026-10-03T01:00:00Z,Fri 09:00pm,N/A,N/A,ESPN2,,,10/2/2026,4.75,,,,No,,19.04,28,,100,,4.75,,0,,4.75,4.75,5.85,4.5,Push
Veronica BurtonAssists,Veronica BurtonAssists9.5,WNBA,238261,Veronica Burton,G,GSV,Assists,9.5,TRUE,10/2/2026,12/30/1899,pre_game,WNBA,demon,https://static.prizepicks.com/images/players/WNBA/Veronica_Burton_WNBA_player_PgQhWXIUPjwd5ndjpucEaD8E.webp,15364789,6.13,47.76,52.24,-11.75,52.24,Under,https://www.freeiconspng.com/img/1934,,,,,Wings @ Valkyries,2026-10-03T01:00:00Z,Fri 09:00pm,N/A,N/A,ESPN2,,,10/2/2026,6.13,,,,No,,28.83,31,,100,,6.13,,0,,6.13,6.13,6.88,6.5,Best Bet
Jessica ShepardAssists,Jessica ShepardAssists9.5,WNBA,317279,Jessica Shepard,F,DAL,Assists,9.5,TRUE,10/2/2026,12/30/1899,pre_game,WNBA,demon,https://static.prizepicks.com/images/manual/JessShep.png,15364792,4.5,51,49,-8.81,51,Over,https://www.freeiconspng.com/img/1934,,No,8.2,159.7,Wings @ Valkyries,2026-10-03T01:00:00Z,Fri 09:00pm,N/A,N/A,ESPN2,,,10/2/2026,4.5,,,,No,GOL,29.6,31,,100,,4.5,,0,,4.5,4.5,5.5,4.5,Push
Kayla ThorntonRebounds,Kayla ThorntonRebounds9.5,WNBA,238102,Kayla Thornton,F,GSV,Rebounds,9.5,TRUE,10/2/2026,12/30/1899,pre_game,WNBA,demon,https://static.prizepicks.com/images/players/WNBA/Kayla_Thornton_WNBA_player_LW0QKyGiDE0bVq5F3TkgEtm8.webp,15364805,4.75,51.76,48.24,-14.45,51.76,Over,https://www.freeiconspng.com/img/1934,,,,,Wings @ Valkyries,2026-10-03T01:00:00Z,Fri 09:00pm,N/A,N/A,ESPN2,,,10/2/2026,4.75,,,,No,,19.04,28,,100,,4.75,,0,,4.75,4.75,5.65,4.5,Push
Alysha ClarkPoints,Alysha ClarkPoints9.5,WNBA,333607,Alysha Clark,F,DAL,Points,9.5,TRUE,10/2/2026,12/30/1899,pre_game,WNBA,demon,https://static.prizepicks.com/images/manual/Alysha_Clark-removebg-preview.png,15364831,5.5,48.9,51.1,-6.71,51.1,Under,https://www.freeiconspng.com/img/1934,,No,8.2,159.7,Wings @ Valkyries,2026-10-03T01:00:00Z,Fri 09:00pm,N/A,N/A,ESPN2,,,10/2/2026,5.5,,,,No,GOL,9.55,5,,100,,5.5,,0,,5.5,5.5,6.3,5.5,Best Bet
Kiah StokesRebounds,Kiah StokesRebounds9.5,WNBA,317423,Kiah Stokes,C,GSV,Rebounds,9.5,TRUE,10/2/2026,12/30/1899,pre_game,WNBA,demon,https://static.prizepicks.com/images/players/WNBA/Kiah_Stokes_WNBA_player_ndf93Nxv7e15yD38rl5xBPni.webp,15364836,5.73,51.82,48.18,-9.27,51.82,Over,https://www.freeiconspng.com/img/1934,,,,,Wings @ Valkyries,2026-10-03T01:00:00Z,Fri 09:00pm,N/A,N/A,ESPN2,,,10/2/2026,5.73,,,,No,,18.53,21,,100,,5.73,,0,,5.73,5.73,6.44,5.5,Push
Aziaha JamesPoints,Aziaha JamesPoints9.5,WNBA,245587,Aziaha James,G,DAL,Points,9.5,TRUE,10/2/2026,12/30/1899,pre_game,WNBA,demon,https://static.prizepicks.com/images/players/WNBA/Aziaha_James_WNBA_player_YTq6qCG2PgU73b0QUQItJH5H.webp,15364874,5.78,48.94,51.06,-6.75,51.06,Under,https://www.freeiconspng.com/img/1934,,No,8.2,159.7,Wings @ Valkyries,2026-10-03T01:00:00Z,Fri 09:00pm,N/A,N/A,ESPN2,,,10/2/2026,5.78,,,,No,GOL,12.64,12,,100,,5.78,,0,,5.78,5.78,6.27,4.5,Best Bet
Paige BueckersRebounds,Paige BueckersRebounds9.5,WNBA,237836,Paige Bueckers,G,DAL,Rebounds,9.5,TRUE,10/2/2026,12/30/1899,pre_game,WNBA,demon,https://static.prizepicks.com/images/players/WNBA/Paige_Bueckers_WNBA_player_9Y8nnqPB9PRhUk1Zb4Mlsb5c.webp,15364909,4.21,47.93,52.07,-10.48,52.07,Under,https://www.freeiconspng.com/img/1934,,No,8.2,159.7,Wings @ Valkyries,2026-10-03T01:00:00Z,Fri 09:00pm,N/A,N/A,ESPN2,,,10/2/2026,4.21,,,,No,GOL,32.51,33,,100,,4.21,,0,,4.21,4.21,5.33,4.5,Best Bet
Cecilia ZandalasiniPoints,Cecilia ZandalasiniPoints9.5,WNBA,249153,Cecilia Zandalasini,F,GSV,Points,9.5,TRUE,10/2/2026,12/30/1899,pre_game,WNBA,demon,https://static.prizepicks.com/images/players/WNBA/Cecilia_Zandalasini_WNBA_player_J9EZms55fyBgGOFTRR36l10v.webp,15365476,7.5,49.67,50.33,-7.48,50.33,Under,https://www.freeiconspng.com/img/1934,,,,,Wings @ Valkyries,2026-10-03T01:00:00Z,Fri 09:00pm,N/A,N/A,ESPN2,,,10/2/2026,7.5,,,,No,,13.41,17,,100,,7.5,,0,,7.5,7.5,7.9,7.5,Best Bet
Kayla ThorntonPoints,Kayla ThorntonPoints9.5,WNBA,238102,Kayla Thornton,F,GSV,Points,9.5,TRUE,10/2/2026,12/30/1899,pre_game,WNBA,demon,https://static.prizepicks.com/images/players/WNBA/Kayla_Thornton_WNBA_player_LW0QKyGiDE0bVq5F3TkgEtm8.webp,15365484,7.5,51.57,48.43,-9.38,51.57,Over,https://www.freeiconspng.com/img/1934,,,,,Wings @ Valkyries,2026-10-03T01:00:00Z,Fri 09:00pm,N/A,N/A,ESPN2,,,10/2/2026,7.5,,,,No,,19.04,28,,100,,7.5,,0,,7.5,7.5,7.9,7.5,Push
Paige BueckersAssists,Paige BueckersAssists9.5,WNBA,237836,Paige Bueckers,G,DAL,Assists,9.5,TRUE,10/2/2026,12/30/1899,pre_game,WNBA,demon,https://static.prizepicks.com/images/players/WNBA/Paige_Bueckers_WNBA_player_9Y8nnqPB9PRhUk1Zb4Mlsb5c.webp,15365489,4.5,53.81,46.19,,53.81,Over,https://www.freeiconspng.com/img/1934,,No,8.2,159.7,Wings @ Valkyries,2026-10-03T01:00:00Z,Fri 09:00pm,N/A,N/A,ESPN2,,,10/2/2026,4.5,,,,No,GOL,32.51,33,,100,,4.5,,0,,4.5,4.5,5.5,4.5,Push
Kiah StokesPoints,Kiah StokesPoints9.5,WNBA,317423,Kiah Stokes,C,GSV,Points,9.5,TRUE,10/2/2026,12/30/1899,pre_game,WNBA,demon,https://static.prizepicks.com/images/players/WNBA/Kiah_Stokes_WNBA_player_ndf93Nxv7e15yD38rl5xBPni.webp,15366290,3.5,46.85,53.15,,53.15,Under,https://www.freeiconspng.com/img/1934,,,,,Wings @ Valkyries,2026-10-03T01:00:00Z,Fri 09:00pm,N/A,N/A,ESPN2,,,10/2/2026,3.5,,,,No,,18.53,21,,100,,3.5,,0,,3.5,3.5,4.9,4.5,Best Bet
Gabby WilliamsRebs+Asts,Gabby WilliamsRebs+Asts9.5,WNBA,316568,Gabby Williams,F,GSV,Rebs+Asts,9.5,TRUE,10/2/2026,12/30/1899,pre_game,WNBA,demon,https://static.prizepicks.com/images/manual/Gabby Williams .png,15366371,7.83,50.65,49.35,-11.43,50.65,Over,https://www.freeiconspng.com/img/1934,,,,,Wings @ Valkyries,2026-10-03T01:00:00Z,Fri 09:00pm,N/A,N/A,ESPN2,,,10/2/2026,7.83,,,,No,,33.32,30,,100,,7.83,,0,,7.83,7.83,8.25,0,Push
Kayla ThorntonPts+Asts,Kayla ThorntonPts+Asts9.5,WNBA,238102,Kayla Thornton,F,GSV,Pts+Asts,9.5,TRUE,10/2/2026,12/30/1899,pre_game,WNBA,demon,https://static.prizepicks.com/images/players/WNBA/Kayla_Thornton_WNBA_player_LW0QKyGiDE0bVq5F3TkgEtm8.webp,15366605,8.5,50.78,49.22,-8.59,50.78,Over,https://www.freeiconspng.com/img/1934,,,,,Wings @ Valkyries,2026-10-03T01:00:00Z,Fri 09:00pm,N/A,N/A,ESPN2,,,10/2/2026,8.5,,,,No,,19.04,28,,100,,8.5,,0,,8.5,8.5,8.75,0,Push
Kiah StokesRebs+Asts,Kiah StokesRebs+Asts9.5,WNBA,317423,Kiah Stokes,C,GSV,Rebs+Asts,9.5,TRUE,10/2/2026,12/30/1899,pre_game,WNBA,demon,https://static.prizepicks.com/images/players/WNBA/Kiah_Stokes_WNBA_player_ndf93Nxv7e15yD38rl5xBPni.webp,15367153,7.5,49.64,50.36,-7.45,50.36,Under,https://www.freeiconspng.com/img/1934,,,,,Wings @ Valkyries,2026-10-03T01:00:00Z,Fri 09:00pm,N/A,N/A,ESPN2,,,10/2/2026,7.5,,,,No,,18.53,21,,100,,7.5,,0,,7.5,7.5,8,0,Push
Arike OgunbowaleRebs+Asts,Arike OgunbowaleRebs+Asts9.5,WNBA,237835,Arike Ogunbowale,G,DAL,Rebs+Asts,9.5,TRUE,10/2/2026,12/30/1899,pre_game,WNBA,demon,https://static.prizepicks.com/images/players/WNBA/Arike_Ogunbowale_WNBA_player_li5EkQnXby20K9Lhu8gX4Ygc.webp,15369719,6.5,49.69,50.31,-7.5,50.31,Under,https://www.freeiconspng.com/img/1934,,No,8.2,159.7,Wings @ Valkyries,2026-10-03T01:00:00Z,Fri 09:00pm,N/A,N/A,ESPN2,,,10/2/2026,6.5,,,,No,GOL,25.36,32,,100,,6.5,,0,,6.5,6.5,7.25,0,Push
Paige BueckersRebs+Asts,Paige BueckersRebs+Asts9.5,WNBA,237836,Paige Bueckers,G,DAL,Rebs+Asts,9.5,TRUE,10/2/2026,12/30/1899,pre_game,WNBA,demon,https://static.prizepicks.com/images/players/WNBA/Paige_Bueckers_WNBA_player_9Y8nnqPB9PRhUk1Zb4Mlsb5c.webp,15370831,8.94,50.07,49.93,-7.74,50.07,Over,https://www.freeiconspng.com/img/1934,,No,8.2,159.7,Wings @ Valkyries,2026-10-03T01:00:00Z,Fri 09:00pm,N/A,N/A,ESPN2,,,10/2/2026,8.94,,,,No,GOL,32.51,33,,100,,8.94,,0,,8.94,8.94,9.08,0,Push
Kaila CharlesPoints,Kaila CharlesPoints9.5,WNBA,259687,Kaila Charles,GF,GSV,Points,9.5,TRUE,10/2/2026,12/30/1899,pre_game,WNBA,demon,https://static.prizepicks.com/images/players/NBA/Kaila_Charles_WNBA_player_vxM5bpXnub73N8SOOIjBxlFf.webp,15382811,5.5,49.68,50.32,-2.51,50.32,Under,https://www.freeiconspng.com/img/1934,,,,,Wings @ Valkyries,2026-10-03T01:00:00Z,Fri 09:00pm,N/A,N/A,ESPN2,,,10/2/2026,5.5,,,,No,,13.02,15,,100,,5.5,,0,,5.5,5.5,6.3,5.5,Best Bet
Tiffany HayesPoints,Tiffany HayesPoints9.5,WNBA,238101,Tiffany Hayes,G,GSV,Points,9.5,TRUE,10/2/2026,12/30/1899,pre_game,WNBA,demon,https://static.prizepicks.com/images/players/WNBA/Tiffany_Hayes_WNBA_player_JZ73QF6RKriqG7DeqAWWKcDH.webp,15382870,8.75,48.08,51.92,,51.92,Under,https://www.freeiconspng.com/img/1934,,,,,Wings @ Valkyries,2026-10-03T01:00:00Z,Fri 09:00pm,N/A,N/A,ESPN2,,,10/2/2026,8.75,,,,No,,13.79,20,,100,,8.75,,0,,8.75,8.75,8.85,8.5,Best Bet
Kaila CharlesRebounds,Kaila CharlesRebounds9.5,WNBA,259687,Kaila Charles,GF,GSV,Rebounds,9.5,TRUE,10/2/2026,12/30/1899,pre_game,WNBA,demon,https://static.prizepicks.com/images/players/NBA/Kaila_Charles_WNBA_player_vxM5bpXnub73N8SOOIjBxlFf.webp,15383622,3.5,57.31,42.69,-2.04,57.31,Over,https://www.freeiconspng.com/img/1934,,,,,Wings @ Valkyries,2026-10-03T01:00:00Z,Fri 09:00pm,N/A,N/A,ESPN2,,,10/2/2026,3.5,,,,No,,13.02,15,,100,,3.5,,0,,3.5,3.5,4.9,4.5,Push
Aziaha JamesPts+Asts,Aziaha JamesPts+Asts9.5,WNBA,245587,Aziaha James,G,DAL,Pts+Asts,9.5,TRUE,10/2/2026,12/30/1899,pre_game,WNBA,demon,https://static.prizepicks.com/images/players/WNBA/Aziaha_James_WNBA_player_YTq6qCG2PgU73b0QUQItJH5H.webp,15383720,,,,,,,https://www.freeiconspng.com/img/1934,,No,8.2,159.7,Wings @ Valkyries,2026-10-03T01:00:00Z,Fri 09:00pm,N/A,N/A,ESPN2,,,10/2/2026,,,,,No,GOL,12.64,12,,,,0,,0,,0,0,9.5,0,Push
Jessica ShepardFGAttempted,Jessica ShepardFGAttempted9.5,WNBA,317279,Jessica Shepard,F,DAL,FG Attempted,9.5,TRUE,10/2/2026,12/30/1899,pre_game,WNBA,demon,https://static.prizepicks.com/images/manual/JessShep.png,15388669,,,,,,,,,No,8.2,159.7,Wings @ Valkyries,2026-10-03T01:00:00Z,Fri 09:00pm,N/A,N/A,ESPN2,,,10/2/2026,,,,,No,GOL,29.6,31,,,,0,,0,,0,0,8.5,7.5,Push
Kayla ThorntonPoints,Kayla ThorntonPoints8.5,WNBA,238102,Kayla Thornton,F,GSV,Points,8.5,TRUE,10/2/2026,12/30/1899,pre_game,WNBA,demon,https://static.prizepicks.com/images/players/WNBA/Kayla_Thornton_WNBA_player_LW0QKyGiDE0bVq5F3TkgEtm8.webp,15366309,7.5,51.57,48.43,-9.38,51.57,Over,https://www.freeiconspng.com/img/1934,,,,,Wings @ Valkyries,2026-10-03T01:00:00Z,Fri 09:00pm,N/A,N/A,ESPN2,,,10/2/2026,7.5,,,,No,,19.04,28,,100,,7.5,,0,,7.5,7.5,7.7,7.5,Push
Gabby WilliamsRebs+Asts,Gabby WilliamsRebs+Asts8.5,WNBA,316568,Gabby Williams,F,GSV,Rebs+Asts,8.5,TRUE,10/2/2026,12/30/1899,pre_game,WNBA,demon,https://static.prizepicks.com/images/manual/Gabby Williams .png,15366341,7.83,50.65,49.35,-11.43,50.65,Over,https://www.freeiconspng.com/img/1934,,,,,Wings @ Valkyries,2026-10-03T01:00:00Z,Fri 09:00pm,N/A,N/A,ESPN2,,,10/2/2026,7.83,,,,No,,33.32,30,,100,,7.83,,0,,7.83,7.83,8,0,Push
Cecilia ZandalasiniPoints,Cecilia ZandalasiniPoints8.5,WNBA,249153,Cecilia Zandalasini,F,GSV,Points,8.5,TRUE,10/2/2026,12/30/1899,pre_game,WNBA,demon,https://static.prizepicks.com/images/players/WNBA/Cecilia_Zandalasini_WNBA_player_J9EZms55fyBgGOFTRR36l10v.webp,15366658,7.5,49.67,50.33,-7.48,50.33,Under,https://www.freeiconspng.com/img/1934,,,,,Wings @ Valkyries,2026-10-03T01:00:00Z,Fri 09:00pm,N/A,N/A,ESPN2,,,10/2/2026,7.5,,,,No,,13.41,17,,100,,7.5,,0,,7.5,7.5,7.7,7.5,Best Bet
Janelle SalaünRebounds,Janelle SalaünRebounds7.5,WNBA,240424,Janelle Salaün,F,GSV,Rebounds,7.5,TRUE,10/2/2026,12/30/1899,pre_game,WNBA,demon,https://static.prizepicks.com/images/players/WNBA/Janelle_Sala%C3%BCn_WNBA_player_TJWeCgZ3Bq8UPDeH4ehDuDYm.webp,15364423,3.5,52.11,47.89,,52.11,Over,https://www.freeiconspng.com/img/1934,,,,,Wings @ Valkyries,2026-10-03T01:00:00Z,Fri 09:00pm,N/A,N/A,ESPN2,,,10/2/2026,3.5,,,,No,,19.48,28,,100,,3.5,,0,,3.5,3.5,4.3,3.5,Push
Gabby WilliamsAssists,Gabby WilliamsAssists7.5,WNBA,316568,Gabby Williams,F,GSV,Assists,7.5,TRUE,10/2/2026,12/30/1899,pre_game,WNBA,demon,https://static.prizepicks.com/images/manual/Gabby Williams .png,15364791,3.5,56.64,43.36,-2.21,56.64,Over,https://www.freeiconspng.com/img/1934,,,,,Wings @ Valkyries,2026-10-03T01:00:00Z,Fri 09:00pm,N/A,N/A,ESPN2,,,10/2/2026,3.5,,,,No,,33.32,30,,100,,3.5,,0,,3.5,3.5,4.3,3.5,Push
Gabby WilliamsRebounds,Gabby WilliamsRebounds7.5,WNBA,316568,Gabby Williams,F,GSV,Rebounds,7.5,TRUE,10/2/2026,12/30/1899,pre_game,WNBA,demon,https://static.prizepicks.com/images/manual/Gabby Williams .png,15364912,3.5,54.54,45.46,,54.54,Over,https://www.freeiconspng.com/img/1934,,,,,Wings @ Valkyries,2026-10-03T01:00:00Z,Fri 09:00pm,N/A,N/A,ESPN2,,,10/2/2026,3.5,,,,No,,33.32,30,,100,,3.5,,0,,3.5,3.5,4.3,3.5,Push
Kiah StokesRebounds,Kiah StokesRebounds7.5,WNBA,317423,Kiah Stokes,C,GSV,Rebounds,7.5,TRUE,10/2/2026,12/30/1899,pre_game,WNBA,demon,https://static.prizepicks.com/images/players/WNBA/Kiah_Stokes_WNBA_player_ndf93Nxv7e15yD38rl5xBPni.webp,15364916,5.73,51.82,48.18,-9.27,51.82,Over,https://www.freeiconspng.com/img/1934,,,,,Wings @ Valkyries,2026-10-03T01:00:00Z,Fri 09:00pm,N/A,N/A,ESPN2,,,10/2/2026,5.73,,,,No,,18.53,21,,100,,5.73,,0,,5.73,5.73,6.04,5.5,Push
Kayla ThorntonRebounds,Kayla ThorntonRebounds7.5,WNBA,238102,Kayla Thornton,F,GSV,Rebounds,7.5,TRUE,10/2/2026,12/30/1899,pre_game,WNBA,demon,https://static.prizepicks.com/images/players/WNBA/Kayla_Thornton_WNBA_player_LW0QKyGiDE0bVq5F3TkgEtm8.webp,15364918,4.75,51.76,48.24,-14.45,51.76,Over,https://www.freeiconspng.com/img/1934,,,,,Wings @ Valkyries,2026-10-03T01:00:00Z,Fri 09:00pm,N/A,N/A,ESPN2,,,10/2/2026,4.75,,,,No,,19.04,28,,100,,4.75,,0,,4.75,4.75,5.25,4.5,Push
Veronica BurtonRebounds,Veronica BurtonRebounds7.5,WNBA,238261,Veronica Burton,G,GSV,Rebounds,7.5,TRUE,10/2/2026,12/30/1899,pre_game,WNBA,demon,https://static.prizepicks.com/images/players/WNBA/Veronica_Burton_WNBA_player_PgQhWXIUPjwd5ndjpucEaD8E.webp,15364919,3.5,52.11,47.89,-9.92,52.11,Over,https://www.freeiconspng.com/img/1934,,,,,Wings @ Valkyries,2026-10-03T01:00:00Z,Fri 09:00pm,N/A,N/A,ESPN2,,,10/2/2026,3.5,,,,No,,28.83,31,,100,,3.5,,0,,3.5,3.5,4.3,3.5,Push
Arike OgunbowaleAssists,Arike OgunbowaleAssists7.5,WNBA,237835,Arike Ogunbowale,G,DAL,Assists,7.5,TRUE,10/2/2026,12/30/1899,pre_game,WNBA,demon,https://static.prizepicks.com/images/players/WNBA/Arike_Ogunbowale_WNBA_player_li5EkQnXby20K9Lhu8gX4Ygc.webp,15365471,3.5,44.96,55.04,,55.04,Under,https://www.freeiconspng.com/img/1934,,No,8.2,159.7,Wings @ Valkyries,2026-10-03T01:00:00Z,Fri 09:00pm,N/A,N/A,ESPN2,,,10/2/2026,3.5,,,,No,GOL,25.36,32,,100,,3.5,,0,,3.5,3.5,4.3,3.5,Best Bet
Arike OgunbowaleRebounds,Arike OgunbowaleRebounds7.5,WNBA,237835,Arike Ogunbowale,G,DAL,Rebounds,7.5,TRUE,10/2/2026,12/30/1899,pre_game,WNBA,demon,https://static.prizepicks.com/images/players/WNBA/Arike_Ogunbowale_WNBA_player_li5EkQnXby20K9Lhu8gX4Ygc.webp,15365500,3,49.4,50.6,-11.99,50.6,Under,https://www.freeiconspng.com/img/1934,,No,8.2,159.7,Wings @ Valkyries,2026-10-03T01:00:00Z,Fri 09:00pm,N/A,N/A,ESPN2,,,10/2/2026,3,,,,No,GOL,25.36,32,,100,,3,,0,,3,3,4,3.5,Best Bet
Paige BueckersAssists,Paige BueckersAssists7.5,WNBA,237836,Paige Bueckers,G,DAL,Assists,7.5,TRUE,10/2/2026,12/30/1899,pre_game,WNBA,demon,https://static.prizepicks.com/images/players/WNBA/Paige_Bueckers_WNBA_player_9Y8nnqPB9PRhUk1Zb4Mlsb5c.webp,15365515,4.5,53.81,46.19,,53.81,Over,https://www.freeiconspng.com/img/1934,,No,8.2,159.7,Wings @ Valkyries,2026-10-03T01:00:00Z,Fri 09:00pm,N/A,N/A,ESPN2,,,10/2/2026,4.5,,,,No,GOL,32.51,33,,100,,4.5,,0,,4.5,4.5,5.1,4.5,Push
Jessica ShepardAssists,Jessica ShepardAssists7.5,WNBA,317279,Jessica Shepard,F,DAL,Assists,7.5,TRUE,10/2/2026,12/30/1899,pre_game,WNBA,demon,https://static.prizepicks.com/images/manual/JessShep.png,15366291,4.5,51,49,-8.81,51,Over,https://www.freeiconspng.com/img/1934,,No,8.2,159.7,Wings @ Valkyries,2026-10-03T01:00:00Z,Fri 09:00pm,N/A,N/A,ESPN2,,,10/2/2026,4.5,,,,No,GOL,29.6,31,,100,,4.5,,0,,4.5,4.5,5.1,4.5,Push
Arike OgunbowaleRebs+Asts,Arike OgunbowaleRebs+Asts7.5,WNBA,237835,Arike Ogunbowale,G,DAL,Rebs+Asts,7.5,TRUE,10/2/2026,12/30/1899,pre_game,WNBA,demon,https://static.prizepicks.com/images/players/WNBA/Arike_Ogunbowale_WNBA_player_li5EkQnXby20K9Lhu8gX4Ygc.webp,15367150,6.5,49.69,50.31,-7.5,50.31,Under,https://www.freeiconspng.com/img/1934,,No,8.2,159.7,Wings @ Valkyries,2026-10-03T01:00:00Z,Fri 09:00pm,N/A,N/A,ESPN2,,,10/2/2026,6.5,,,,No,GOL,25.36,32,,100,,6.5,,0,,6.5,6.5,6.75,0,Push
Veronica BurtonAssists,Veronica BurtonAssists7.5,WNBA,238261,Veronica Burton,G,GSV,Assists,7.5,TRUE,10/2/2026,12/30/1899,pre_game,WNBA,demon,https://static.prizepicks.com/images/players/WNBA/Veronica_Burton_WNBA_player_PgQhWXIUPjwd5ndjpucEaD8E.webp,15367181,6.13,47.76,52.24,-11.75,52.24,Under,https://www.freeiconspng.com/img/1934,,,,,Wings @ Valkyries,2026-10-03T01:00:00Z,Fri 09:00pm,N/A,N/A,ESPN2,,,10/2/2026,6.13,,,,No,,28.83,31,,100,,6.13,,0,,6.13,6.13,6.48,6.5,Best Bet
Paige BueckersRebounds,Paige BueckersRebounds7.5,WNBA,237836,Paige Bueckers,G,DAL,Rebounds,7.5,TRUE,10/2/2026,12/30/1899,pre_game,WNBA,demon,https://static.prizepicks.com/images/players/WNBA/Paige_Bueckers_WNBA_player_9Y8nnqPB9PRhUk1Zb4Mlsb5c.webp,15373556,4.21,47.93,52.07,-10.48,52.07,Under,https://www.freeiconspng.com/img/1934,,No,8.2,159.7,Wings @ Valkyries,2026-10-03T01:00:00Z,Fri 09:00pm,N/A,N/A,ESPN2,,,10/2/2026,4.21,,,,No,GOL,32.51,33,,100,,4.21,,0,,4.21,4.21,4.93,4.5,Best Bet
Alysha ClarkPoints,Alysha ClarkPoints7.5,WNBA,333607,Alysha Clark,F,DAL,Points,7.5,TRUE,10/2/2026,12/30/1899,pre_game,WNBA,demon,https://static.prizepicks.com/images/manual/Alysha_Clark-removebg-preview.png,15373891,5.5,48.9,51.1,-6.71,51.1,Under,https://www.freeiconspng.com/img/1934,,No,8.2,159.7,Wings @ Valkyries,2026-10-03T01:00:00Z,Fri 09:00pm,N/A,N/A,ESPN2,,,10/2/2026,5.5,,,,No,GOL,9.55,5,,100,,5.5,,0,,5.5,5.5,5.9,5.5,Best Bet
Aziaha JamesPoints,Aziaha JamesPoints7.5,WNBA,245587,Aziaha James,G,DAL,Points,7.5,TRUE,10/2/2026,12/30/1899,pre_game,WNBA,demon,https://static.prizepicks.com/images/players/WNBA/Aziaha_James_WNBA_player_YTq6qCG2PgU73b0QUQItJH5H.webp,15373904,5.78,48.94,51.06,-6.75,51.06,Under,https://www.freeiconspng.com/img/1934,,No,8.2,159.7,Wings @ Valkyries,2026-10-03T01:00:00Z,Fri 09:00pm,N/A,N/A,ESPN2,,,10/2/2026,5.78,,,,No,GOL,12.64,12,,100,,5.78,,0,,5.78,5.78,5.87,4.5,Best Bet
Alysha ClarkRebounds,Alysha ClarkRebounds7.5,WNBA,333607,Alysha Clark,F,DAL,Rebounds,7.5,TRUE,10/2/2026,12/30/1899,pre_game,WNBA,demon,https://static.prizepicks.com/images/manual/Alysha_Clark-removebg-preview.png,15376076,3.17,46.61,53.39,,53.39,Under,https://www.freeiconspng.com/img/1934,,No,8.2,159.7,Wings @ Valkyries,2026-10-03T01:00:00Z,Fri 09:00pm,N/A,N/A,ESPN2,,,10/2/2026,3.17,,,,No,GOL,9.55,5,,100,,3.17,,0,,3.17,3.17,4.1,3.5,Best Bet
Kaila CharlesPoints,Kaila CharlesPoints7.5,WNBA,259687,Kaila Charles,GF,GSV,Points,7.5,TRUE,10/2/2026,12/30/1899,pre_game,WNBA,demon,https://static.prizepicks.com/images/players/NBA/Kaila_Charles_WNBA_player_vxM5bpXnub73N8SOOIjBxlFf.webp,15383577,5.5,49.68,50.32,-2.51,50.32,Under,https://www.freeiconspng.com/img/1934,,,,,Wings @ Valkyries,2026-10-03T01:00:00Z,Fri 09:00pm,N/A,N/A,ESPN2,,,10/2/2026,5.5,,,,No,,13.02,15,,100,,5.5,,0,,5.5,5.5,5.9,5.5,Best Bet
Arike Ogunbowale3-PTAttempted,Arike Ogunbowale3-PTAttempted7.5,WNBA,237835,Arike Ogunbowale,G,DAL,3-PT Attempted,7.5,TRUE,10/2/2026,12/30/1899,pre_game,WNBA,demon,https://static.prizepicks.com/images/players/WNBA/Arike_Ogunbowale_WNBA_player_li5EkQnXby20K9Lhu8gX4Ygc.webp,15388640,,,,,,,,,No,8.2,159.7,Wings @ Valkyries,2026-10-03T01:00:00Z,Fri 09:00pm,N/A,N/A,ESPN2,,,10/2/2026,,,,,No,GOL,25.36,32,,,,0,,0,,0,0,7.5,0,Push
Gabby Williams3-PTAttempted,Gabby Williams3-PTAttempted7.5,WNBA,316568,Gabby Williams,F,GSV,3-PT Attempted,7.5,TRUE,10/2/2026,12/30/1899,pre_game,WNBA,demon,https://static.prizepicks.com/images/manual/Gabby Williams .png,15388647,,,,,,,,,,,,Wings @ Valkyries,2026-10-03T01:00:00Z,Fri 09:00pm,N/A,N/A,ESPN2,,,10/2/2026,,,,,No,,33.32,30,,,,0,,0,,0,0,7.5,0,Push
Janelle SalaünRebounds,Janelle SalaünRebounds6.5,WNBA,240424,Janelle Salaün,F,GSV,Rebounds,6.5,TRUE,10/2/2026,12/30/1899,pre_game,WNBA,demon,https://static.prizepicks.com/images/players/WNBA/Janelle_Sala%C3%BCn_WNBA_player_TJWeCgZ3Bq8UPDeH4ehDuDYm.webp,15364426,3.5,52.11,47.89,,52.11,Over,https://www.freeiconspng.com/img/1934,,,,,Wings @ Valkyries,2026-10-03T01:00:00Z,Fri 09:00pm,N/A,N/A,ESPN2,,,10/2/2026,3.5,,,,No,,19.48,28,,100,,3.5,,0,,3.5,3.5,4.1,3.5,Push
Kiah StokesRebounds,Kiah StokesRebounds6.5,WNBA,317423,Kiah Stokes,C,GSV,Rebounds,6.5,TRUE,10/2/2026,12/30/1899,pre_game,WNBA,demon,https://static.prizepicks.com/images/players/WNBA/Kiah_Stokes_WNBA_player_ndf93Nxv7e15yD38rl5xBPni.webp,15364813,5.73,51.82,48.18,-9.27,51.82,Over,https://www.freeiconspng.com/img/1934,,,,,Wings @ Valkyries,2026-10-03T01:00:00Z,Fri 09:00pm,N/A,N/A,ESPN2,,,10/2/2026,5.73,,,,No,,18.53,21,,100,,5.73,,0,,5.73,5.73,5.84,5.5,Push
Gabby WilliamsAssists,Gabby WilliamsAssists6.5,WNBA,316568,Gabby Williams,F,GSV,Assists,6.5,TRUE,10/2/2026,12/30/1899,pre_game,WNBA,demon,https://static.prizepicks.com/images/manual/Gabby Williams .png,15365454,3.5,56.64,43.36,-2.21,56.64,Over,https://www.freeiconspng.com/img/1934,,,,,Wings @ Valkyries,2026-10-03T01:00:00Z,Fri 09:00pm,N/A,N/A,ESPN2,,,10/2/2026,3.5,,,,No,,33.32,30,,100,,3.5,,0,,3.5,3.5,4.1,3.5,Push
Gabby WilliamsRebounds,Gabby WilliamsRebounds6.5,WNBA,316568,Gabby Williams,F,GSV,Rebounds,6.5,TRUE,10/2/2026,12/30/1899,pre_game,WNBA,demon,https://static.prizepicks.com/images/manual/Gabby Williams .png,15365455,3.5,54.54,45.46,,54.54,Over,https://www.freeiconspng.com/img/1934,,,,,Wings @ Valkyries,2026-10-03T01:00:00Z,Fri 09:00pm,N/A,N/A,ESPN2,,,10/2/2026,3.5,,,,No,,33.32,30,,100,,3.5,,0,,3.5,3.5,4.1,3.5,Push
Paige BueckersAssists,Paige BueckersAssists6.5,WNBA,237836,Paige Bueckers,G,DAL,Assists,6.5,TRUE,10/2/2026,12/30/1899,pre_game,WNBA,demon,https://static.prizepicks.com/images/players/WNBA/Paige_Bueckers_WNBA_player_9Y8nnqPB9PRhUk1Zb4Mlsb5c.webp,15365457,4.5,53.81,46.19,,53.81,Over,https://www.freeiconspng.com/img/1934,,No,8.2,159.7,Wings @ Valkyries,2026-10-03T01:00:00Z,Fri 09:00pm,N/A,N/A,ESPN2,,,10/2/2026,4.5,,,,No,GOL,32.51,33,,100,,4.5,,0,,4.5,4.5,4.9,4.5,Push
Veronica BurtonAssists,Veronica BurtonAssists6.5,WNBA,238261,Veronica Burton,G,GSV,Assists,6.5,TRUE,10/2/2026,12/30/1899,pre_game,WNBA,demon,https://static.prizepicks.com/images/players/WNBA/Veronica_Burton_WNBA_player_PgQhWXIUPjwd5ndjpucEaD8E.webp,15365459,6.13,47.76,52.24,-11.75,52.24,Under,https://www.freeiconspng.com/img/1934,,,,,Wings @ Valkyries,2026-10-03T01:00:00Z,Fri 09:00pm,N/A,N/A,ESPN2,,,10/2/2026,6.13,,,,No,,28.83,31,,100,,6.13,,0,,6.13,6.13,6.28,6.5,Best Bet
Veronica BurtonRebounds,Veronica BurtonRebounds6.5,WNBA,238261,Veronica Burton,G,GSV,Rebounds,6.5,TRUE,10/2/2026,12/30/1899,pre_game,WNBA,demon,https://static.prizepicks.com/images/players/WNBA/Veronica_Burton_WNBA_player_PgQhWXIUPjwd5ndjpucEaD8E.webp,15365473,3.5,52.11,47.89,-9.92,52.11,Over,https://www.freeiconspng.com/img/1934,,,,,Wings @ Valkyries,2026-10-03T01:00:00Z,Fri 09:00pm,N/A,N/A,ESPN2,,,10/2/2026,3.5,,,,No,,28.83,31,,100,,3.5,,0,,3.5,3.5,4.1,3.5,Push
Jessica ShepardAssists,Jessica ShepardAssists6.5,WNBA,317279,Jessica Shepard,F,DAL,Assists,6.5,TRUE,10/2/2026,12/30/1899,pre_game,WNBA,demon,https://static.prizepicks.com/images/manual/JessShep.png,15366295,4.5,51,49,-8.81,51,Over,https://www.freeiconspng.com/img/1934,,No,8.2,159.7,Wings @ Valkyries,2026-10-03T01:00:00Z,Fri 09:00pm,N/A,N/A,ESPN2,,,10/2/2026,4.5,,,,No,GOL,29.6,31,,100,,4.5,,0,,4.5,4.5,4.9,4.5,Push
Kayla ThorntonRebs+Asts,Kayla ThorntonRebs+Asts6.5,WNBA,238102,Kayla Thornton,F,GSV,Rebs+Asts,6.5,TRUE,10/2/2026,12/30/1899,pre_game,WNBA,demon,https://static.prizepicks.com/images/players/WNBA/Kayla_Thornton_WNBA_player_LW0QKyGiDE0bVq5F3TkgEtm8.webp,15366370,6,50.15,49.85,-7.96,50.15,Over,https://www.freeiconspng.com/img/1934,,,,,Wings @ Valkyries,2026-10-03T01:00:00Z,Fri 09:00pm,N/A,N/A,ESPN2,,,10/2/2026,6,,,,No,,19.04,28,,100,,6,,0,,6,6,6.13,0,Push
Aziaha JamesPoints,Aziaha JamesPoints6.5,WNBA,245587,Aziaha James,G,DAL,Points,6.5,TRUE,10/2/2026,12/30/1899,pre_game,WNBA,demon,https://static.prizepicks.com/images/players/WNBA/Aziaha_James_WNBA_player_YTq6qCG2PgU73b0QUQItJH5H.webp,15373901,5.78,48.94,51.06,-6.75,51.06,Under,https://www.freeiconspng.com/img/1934,,No,8.2,159.7,Wings @ Valkyries,2026-10-03T01:00:00Z,Fri 09:00pm,N/A,N/A,ESPN2,,,10/2/2026,5.78,,,,No,GOL,12.64,12,,100,,5.78,,0,,5.78,5.78,5.67,4.5,Best Bet
Alysha ClarkPoints,Alysha ClarkPoints6.5,WNBA,333607,Alysha Clark,F,DAL,Points,6.5,TRUE,10/2/2026,12/30/1899,pre_game,WNBA,demon,https://static.prizepicks.com/images/manual/Alysha_Clark-removebg-preview.png,15377820,5.5,48.9,51.1,-6.71,51.1,Under,https://www.freeiconspng.com/img/1934,,No,8.2,159.7,Wings @ Valkyries,2026-10-03T01:00:00Z,Fri 09:00pm,N/A,N/A,ESPN2,,,10/2/2026,5.5,,,,No,GOL,9.55,5,,100,,5.5,,0,,5.5,5.5,5.7,5.5,Best Bet
Kaila CharlesRebounds,Kaila CharlesRebounds6.5,WNBA,259687,Kaila Charles,GF,GSV,Rebounds,6.5,TRUE,10/2/2026,12/30/1899,pre_game,WNBA,demon,https://static.prizepicks.com/images/players/NBA/Kaila_Charles_WNBA_player_vxM5bpXnub73N8SOOIjBxlFf.webp,15383621,3.5,57.31,42.69,-2.04,57.31,Over,https://www.freeiconspng.com/img/1934,,,,,Wings @ Valkyries,2026-10-03T01:00:00Z,Fri 09:00pm,N/A,N/A,ESPN2,,,10/2/2026,3.5,,,,No,,13.02,15,,100,,3.5,,0,,3.5,3.5,4.3,4.5,Push
Paige Bueckers3-PTAttempted,Paige Bueckers3-PTAttempted6.5,WNBA,237836,Paige Bueckers,G,DAL,3-PT Attempted,6.5,TRUE,10/2/2026,12/30/1899,pre_game,WNBA,demon,https://static.prizepicks.com/images/players/WNBA/Paige_Bueckers_WNBA_player_9Y8nnqPB9PRhUk1Zb4Mlsb5c.webp,15388657,,,,,,,,,No,8.2,159.7,Wings @ Valkyries,2026-10-03T01:00:00Z,Fri 09:00pm,N/A,N/A,ESPN2,,,10/2/2026,,,,,No,GOL,32.51,33,,,,0,,0,,0,0,6.5,0,Push
Janelle SalaünRebounds,Janelle SalaünRebounds5.5,WNBA,240424,Janelle Salaün,F,GSV,Rebounds,5.5,TRUE,10/2/2026,12/30/1899,pre_game,WNBA,demon,https://static.prizepicks.com/images/players/WNBA/Janelle_Sala%C3%BCn_WNBA_player_TJWeCgZ3Bq8UPDeH4ehDuDYm.webp,15364410,3.5,52.11,47.89,,52.11,Over,https://www.freeiconspng.com/img/1934,,,,,Wings @ Valkyries,2026-10-03T01:00:00Z,Fri 09:00pm,N/A,N/A,ESPN2,,,10/2/2026,3.5,,,,No,,19.48,28,,100,,3.5,,0,,3.5,3.5,3.9,3.5,Push
Jessica ShepardAssists,Jessica ShepardAssists5.5,WNBA,317279,Jessica Shepard,F,DAL,Assists,5.5,TRUE,10/2/2026,12/30/1899,pre_game,WNBA,demon,https://static.prizepicks.com/images/manual/JessShep.png,15364793,4.5,51,49,-8.81,51,Over,https://www.freeiconspng.com/img/1934,,No,8.2,159.7,Wings @ Valkyries,2026-10-03T01:00:00Z,Fri 09:00pm,N/A,N/A,ESPN2,,,10/2/2026,4.5,,,,No,GOL,29.6,31,,100,,4.5,,0,,4.5,4.5,4.7,4.5,Push
Arike OgunbowaleRebounds,Arike OgunbowaleRebounds5.5,WNBA,237835,Arike Ogunbowale,G,DAL,Rebounds,5.5,TRUE,10/2/2026,12/30/1899,pre_game,WNBA,demon,https://static.prizepicks.com/images/players/WNBA/Arike_Ogunbowale_WNBA_player_li5EkQnXby20K9Lhu8gX4Ygc.webp,15364808,3,49.4,50.6,-11.99,50.6,Under,https://www.freeiconspng.com/img/1934,,No,8.2,159.7,Wings @ Valkyries,2026-10-03T01:00:00Z,Fri 09:00pm,N/A,N/A,ESPN2,,,10/2/2026,3,,,,No,GOL,25.36,32,,100,,3,,0,,3,3,3.6,3.5,Best Bet
Paige BueckersAssists,Paige BueckersAssists5.5,WNBA,237836,Paige Bueckers,G,DAL,Assists,5.5,TRUE,10/2/2026,12/30/1899,pre_game,WNBA,demon,https://static.prizepicks.com/images/players/WNBA/Paige_Bueckers_WNBA_player_9Y8nnqPB9PRhUk1Zb4Mlsb5c.webp,15364816,4.5,53.81,46.19,,53.81,Over,https://www.freeiconspng.com/img/1934,,No,8.2,159.7,Wings @ Valkyries,2026-10-03T01:00:00Z,Fri 09:00pm,N/A,N/A,ESPN2,,,10/2/2026,4.5,,,,No,GOL,32.51,33,,100,,4.5,,0,,4.5,4.5,4.7,4.5,Push
Gabby WilliamsAssists,Gabby WilliamsAssists5.5,WNBA,316568,Gabby Williams,F,GSV,Assists,5.5,TRUE,10/2/2026,12/30/1899,pre_game,WNBA,demon,https://static.prizepicks.com/images/manual/Gabby Williams .png,15364827,3.5,56.64,43.36,-2.21,56.64,Over,https://www.freeiconspng.com/img/1934,,,,,Wings @ Valkyries,2026-10-03T01:00:00Z,Fri 09:00pm,N/A,N/A,ESPN2,,,10/2/2026,3.5,,,,No,,33.32,30,,100,,3.5,,0,,3.5,3.5,3.9,3.5,Push
Paige BueckersRebounds,Paige BueckersRebounds5.5,WNBA,237836,Paige Bueckers,G,DAL,Rebounds,5.5,TRUE,10/2/2026,12/30/1899,pre_game,WNBA,demon,https://static.prizepicks.com/images/players/WNBA/Paige_Bueckers_WNBA_player_9Y8nnqPB9PRhUk1Zb4Mlsb5c.webp,15364834,4.21,47.93,52.07,-10.48,52.07,Under,https://www.freeiconspng.com/img/1934,,No,8.2,159.7,Wings @ Valkyries,2026-10-03T01:00:00Z,Fri 09:00pm,N/A,N/A,ESPN2,,,10/2/2026,4.21,,,,No,GOL,32.51,33,,100,,4.21,,0,,4.21,4.21,4.53,4.5,Best Bet
Kayla ThorntonRebounds,Kayla ThorntonRebounds5.5,WNBA,238102,Kayla Thornton,F,GSV,Rebounds,5.5,TRUE,10/2/2026,12/30/1899,pre_game,WNBA,demon,https://static.prizepicks.com/images/players/WNBA/Kayla_Thornton_WNBA_player_LW0QKyGiDE0bVq5F3TkgEtm8.webp,15364835,4.75,51.76,48.24,-14.45,51.76,Over,https://www.freeiconspng.com/img/1934,,,,,Wings @ Valkyries,2026-10-03T01:00:00Z,Fri 09:00pm,N/A,N/A,ESPN2,,,10/2/2026,4.75,,,,No,,19.04,28,,100,,4.75,,0,,4.75,4.75,4.85,4.5,Push
Arike OgunbowaleAssists,Arike OgunbowaleAssists5.5,WNBA,237835,Arike Ogunbowale,G,DAL,Assists,5.5,TRUE,10/2/2026,12/30/1899,pre_game,WNBA,demon,https://static.prizepicks.com/images/players/WNBA/Arike_Ogunbowale_WNBA_player_li5EkQnXby20K9Lhu8gX4Ygc.webp,15364854,3.5,44.96,55.04,,55.04,Under,https://www.freeiconspng.com/img/1934,,No,8.2,159.7,Wings @ Valkyries,2026-10-03T01:00:00Z,Fri 09:00pm,N/A,N/A,ESPN2,,,10/2/2026,3.5,,,,No,GOL,25.36,32,,100,,3.5,,0,,3.5,3.5,3.9,3.5,Best Bet
Gabby Williams3-PTMade,Gabby Williams3-PTMade5.5,WNBA,316568,Gabby Williams,F,GSV,3-PT Made,5.5,TRUE,10/2/2026,12/30/1899,pre_game,WNBA,demon,https://static.prizepicks.com/images/manual/Gabby Williams .png,15365465,,,,,,,,,,,,Wings @ Valkyries,2026-10-03T01:00:00Z,Fri 09:00pm,N/A,N/A,ESPN2,,,10/2/2026,,,,,No,,33.32,30,,,,0,,0,,0,0,5.5,0,Push
Veronica BurtonRebounds,Veronica BurtonRebounds5.5,WNBA,238261,Veronica Burton,G,GSV,Rebounds,5.5,TRUE,10/2/2026,12/30/1899,pre_game,WNBA,demon,https://static.prizepicks.com/images/players/WNBA/Veronica_Burton_WNBA_player_PgQhWXIUPjwd5ndjpucEaD8E.webp,15365516,3.5,52.11,47.89,-9.92,52.11,Over,https://www.freeiconspng.com/img/1934,,,,,Wings @ Valkyries,2026-10-03T01:00:00Z,Fri 09:00pm,N/A,N/A,ESPN2,,,10/2/2026,3.5,,,,No,,28.83,31,,100,,3.5,,0,,3.5,3.5,3.9,3.5,Push
Kiah StokesPoints,Kiah StokesPoints5.5,WNBA,317423,Kiah Stokes,C,GSV,Points,5.5,TRUE,10/2/2026,12/30/1899,pre_game,WNBA,demon,https://static.prizepicks.com/images/players/WNBA/Kiah_Stokes_WNBA_player_ndf93Nxv7e15yD38rl5xBPni.webp,15366284,3.5,46.85,53.15,,53.15,Under,https://www.freeiconspng.com/img/1934,,,,,Wings @ Valkyries,2026-10-03T01:00:00Z,Fri 09:00pm,N/A,N/A,ESPN2,,,10/2/2026,3.5,,,,No,,18.53,21,,100,,3.5,,0,,3.5,3.5,4.1,4.5,Best Bet
Gabby WilliamsRebounds,Gabby WilliamsRebounds5.5,WNBA,316568,Gabby Williams,F,GSV,Rebounds,5.5,TRUE,10/2/2026,12/30/1899,pre_game,WNBA,demon,https://static.prizepicks.com/images/manual/Gabby Williams .png,15366340,3.5,54.54,45.46,,54.54,Over,https://www.freeiconspng.com/img/1934,,,,,Wings @ Valkyries,2026-10-03T01:00:00Z,Fri 09:00pm,N/A,N/A,ESPN2,,,10/2/2026,3.5,,,,No,,33.32,30,,100,,3.5,,0,,3.5,3.5,3.9,3.5,Push
Alysha ClarkRebounds,Alysha ClarkRebounds5.5,WNBA,333607,Alysha Clark,F,DAL,Rebounds,5.5,TRUE,10/2/2026,12/30/1899,pre_game,WNBA,demon,https://static.prizepicks.com/images/manual/Alysha_Clark-removebg-preview.png,15376079,3.17,46.61,53.39,,53.39,Under,https://www.freeiconspng.com/img/1934,,No,8.2,159.7,Wings @ Valkyries,2026-10-03T01:00:00Z,Fri 09:00pm,N/A,N/A,ESPN2,,,10/2/2026,3.17,,,,No,GOL,9.55,5,,100,,3.17,,0,,3.17,3.17,3.7,3.5,Best Bet
Kaila CharlesRebounds,Kaila CharlesRebounds5.5,WNBA,259687,Kaila Charles,GF,GSV,Rebounds,5.5,TRUE,10/2/2026,12/30/1899,pre_game,WNBA,demon,https://static.prizepicks.com/images/players/NBA/Kaila_Charles_WNBA_player_vxM5bpXnub73N8SOOIjBxlFf.webp,15382807,3.5,57.31,42.69,-2.04,57.31,Over,https://www.freeiconspng.com/img/1934,,,,,Wings @ Valkyries,2026-10-03T01:00:00Z,Fri 09:00pm,N/A,N/A,ESPN2,,,10/2/2026,3.5,,,,No,,13.02,15,,100,,3.5,,0,,3.5,3.5,4.1,4.5,Push
Janelle Salaün3-PTAttempted,Janelle Salaün3-PTAttempted5.5,WNBA,240424,Janelle Salaün,F,GSV,3-PT Attempted,5.5,TRUE,10/2/2026,12/30/1899,pre_game,WNBA,demon,https://static.prizepicks.com/images/players/WNBA/Janelle_Sala%C3%BCn_WNBA_player_TJWeCgZ3Bq8UPDeH4ehDuDYm.webp,15388648,,,,,,,,,,,,Wings @ Valkyries,2026-10-03T01:00:00Z,Fri 09:00pm,N/A,N/A,ESPN2,,,10/2/2026,,,,,No,,19.48,28,,,,0,,0,,0,0,5.5,0,Push
Veronica Burton3-PTAttempted,Veronica Burton3-PTAttempted5.5,WNBA,238261,Veronica Burton,G,GSV,3-PT Attempted,5.5,TRUE,10/2/2026,12/30/1899,pre_game,WNBA,demon,https://static.prizepicks.com/images/players/WNBA/Veronica_Burton_WNBA_player_PgQhWXIUPjwd5ndjpucEaD8E.webp,15388654,,,,,,,,,,,,Wings @ Valkyries,2026-10-03T01:00:00Z,Fri 09:00pm,N/A,N/A,ESPN2,,,10/2/2026,,,,,No,,28.83,31,,,,0,,0,,0,0,5.5,0,Push
Janelle SalaünRebs+Asts,Janelle SalaünRebs+Asts5.5,WNBA,240424,Janelle Salaün,F,GSV,Rebs+Asts,5.5,TRUE,10/2/2026,12/30/1899,pre_game,WNBA,demon,https://static.prizepicks.com/images/players/WNBA/Janelle_Sala%C3%BCn_WNBA_player_TJWeCgZ3Bq8UPDeH4ehDuDYm.webp,15391339,5.5,45.32,54.68,-4.17,54.68,Under,https://www.freeiconspng.com/img/1934,,,,,Wings @ Valkyries,2026-10-03T01:00:00Z,Fri 09:00pm,N/A,N/A,ESPN2,,,10/2/2026,5.5,,,,No,,19.48,28,45.32,54.68,45.32,5.5,,0,,5.5,5.5,5.5,0,Push
Paige Bueckers3-PTMade,Paige Bueckers3-PTMade4.5,WNBA,237836,Paige Bueckers,G,DAL,3-PT Made,4.5,TRUE,10/2/2026,12/30/1899,pre_game,WNBA,demon,https://static.prizepicks.com/images/players/WNBA/Paige_Bueckers_WNBA_player_9Y8nnqPB9PRhUk1Zb4Mlsb5c.webp,15364432,,,,,,,,,No,8.2,159.7,Wings @ Valkyries,2026-10-03T01:00:00Z,Fri 09:00pm,N/A,N/A,ESPN2,,,10/2/2026,,,,,No,GOL,32.51,33,,,,0,,0,,0,0,4.5,0,Push
Arike Ogunbowale3-PTMade,Arike Ogunbowale3-PTMade4.5,WNBA,237835,Arike Ogunbowale,G,DAL,3-PT Made,4.5,TRUE,10/2/2026,12/30/1899,pre_game,WNBA,demon,https://static.prizepicks.com/images/players/WNBA/Arike_Ogunbowale_WNBA_player_li5EkQnXby20K9Lhu8gX4Ygc.webp,15364442,,,,,,,,,No,8.2,159.7,Wings @ Valkyries,2026-10-03T01:00:00Z,Fri 09:00pm,N/A,N/A,ESPN2,,,10/2/2026,,,,,No,GOL,25.36,32,,,,0,,0,,0,0,4.5,0,Push
Janelle SalaünRebounds,Janelle SalaünRebounds4.5,WNBA,240424,Janelle Salaün,F,GSV,Rebounds,4.5,TRUE,10/2/2026,12/30/1899,pre_game,WNBA,demon,https://static.prizepicks.com/images/players/WNBA/Janelle_Sala%C3%BCn_WNBA_player_TJWeCgZ3Bq8UPDeH4ehDuDYm.webp,15364449,3.5,52.11,47.89,,52.11,Over,https://www.freeiconspng.com/img/1934,,,,,Wings @ Valkyries,2026-10-03T01:00:00Z,Fri 09:00pm,N/A,N/A,ESPN2,,,10/2/2026,3.5,,,,No,,19.48,28,,100,,3.5,,0,,3.5,3.5,3.7,3.5,Push
Janelle Salaün3-PTMade,Janelle Salaün3-PTMade4.5,WNBA,240424,Janelle Salaün,F,GSV,3-PT Made,4.5,TRUE,10/2/2026,12/30/1899,pre_game,WNBA,demon,https://static.prizepicks.com/images/players/WNBA/Janelle_Sala%C3%BCn_WNBA_player_TJWeCgZ3Bq8UPDeH4ehDuDYm.webp,15364801,,,,,,,,,,,,Wings @ Valkyries,2026-10-03T01:00:00Z,Fri 09:00pm,N/A,N/A,ESPN2,,,10/2/2026,,,,,No,,19.48,28,,,,0,,0,,0,0,4.5,0,Push
Paige BueckersRebounds,Paige BueckersRebounds4.5,WNBA,237836,Paige Bueckers,G,DAL,Rebounds,4.5,TRUE,10/2/2026,12/30/1899,pre_game,WNBA,demon,https://static.prizepicks.com/images/players/WNBA/Paige_Bueckers_WNBA_player_9Y8nnqPB9PRhUk1Zb4Mlsb5c.webp,15364804,4.21,47.93,52.07,-10.48,52.07,Under,https://www.freeiconspng.com/img/1934,,No,8.2,159.7,Wings @ Valkyries,2026-10-03T01:00:00Z,Fri 09:00pm,N/A,N/A,ESPN2,,,10/2/2026,4.21,,,,No,GOL,32.51,33,,100,,4.21,,0,,4.21,4.21,4.33,4.5,Best Bet
Kiah StokesPoints,Kiah StokesPoints4.5,WNBA,317423,Kiah Stokes,C,GSV,Points,4.5,TRUE,10/2/2026,12/30/1899,pre_game,WNBA,demon,https://static.prizepicks.com/images/players/WNBA/Kiah_Stokes_WNBA_player_ndf93Nxv7e15yD38rl5xBPni.webp,15364811,3.5,46.85,53.15,,53.15,Under,https://www.freeiconspng.com/img/1934,,,,,Wings @ Valkyries,2026-10-03T01:00:00Z,Fri 09:00pm,N/A,N/A,ESPN2,,,10/2/2026,3.5,,,,No,,18.53,21,,100,,3.5,,0,,3.5,3.5,3.9,4.5,Best Bet
Arike OgunbowaleRebounds,Arike OgunbowaleRebounds4.5,WNBA,237835,Arike Ogunbowale,G,DAL,Rebounds,4.5,TRUE,10/2/2026,12/30/1899,pre_game,WNBA,demon,https://static.prizepicks.com/images/players/WNBA/Arike_Ogunbowale_WNBA_player_li5EkQnXby20K9Lhu8gX4Ygc.webp,15365466,3,49.4,50.6,-11.99,50.6,Under,https://www.freeiconspng.com/img/1934,,No,8.2,159.7,Wings @ Valkyries,2026-10-03T01:00:00Z,Fri 09:00pm,N/A,N/A,ESPN2,,,10/2/2026,3,,,,No,GOL,25.36,32,,100,,3,,0,,3,3,3.4,3.5,Best Bet
Gabby WilliamsAssists,Gabby WilliamsAssists4.5,WNBA,316568,Gabby Williams,F,GSV,Assists,4.5,TRUE,10/2/2026,12/30/1899,pre_game,WNBA,demon,https://static.prizepicks.com/images/manual/Gabby Williams .png,15365482,3.5,56.64,43.36,-2.21,56.64,Over,https://www.freeiconspng.com/img/1934,,,,,Wings @ Valkyries,2026-10-03T01:00:00Z,Fri 09:00pm,N/A,N/A,ESPN2,,,10/2/2026,3.5,,,,No,,33.32,30,,100,,3.5,,0,,3.5,3.5,3.7,3.5,Push
Arike OgunbowaleAssists,Arike OgunbowaleAssists4.5,WNBA,237835,Arike Ogunbowale,G,DAL,Assists,4.5,TRUE,10/2/2026,12/30/1899,pre_game,WNBA,demon,https://static.prizepicks.com/images/players/WNBA/Arike_Ogunbowale_WNBA_player_li5EkQnXby20K9Lhu8gX4Ygc.webp,15365498,3.5,44.96,55.04,,55.04,Under,https://www.freeiconspng.com/img/1934,,No,8.2,159.7,Wings @ Valkyries,2026-10-03T01:00:00Z,Fri 09:00pm,N/A,N/A,ESPN2,,,10/2/2026,3.5,,,,No,GOL,25.36,32,,100,,3.5,,0,,3.5,3.5,3.7,3.5,Best Bet
Gabby WilliamsRebounds,Gabby WilliamsRebounds4.5,WNBA,316568,Gabby Williams,F,GSV,Rebounds,4.5,TRUE,10/2/2026,12/30/1899,pre_game,WNBA,demon,https://static.prizepicks.com/images/manual/Gabby Williams .png,15365507,3.5,54.54,45.46,,54.54,Over,https://www.freeiconspng.com/img/1934,,,,,Wings @ Valkyries,2026-10-03T01:00:00Z,Fri 09:00pm,N/A,N/A,ESPN2,,,10/2/2026,3.5,,,,No,,33.32,30,,100,,3.5,,0,,3.5,3.5,3.7,3.5,Push
Veronica BurtonRebounds,Veronica BurtonRebounds4.5,WNBA,238261,Veronica Burton,G,GSV,Rebounds,4.5,TRUE,10/2/2026,12/30/1899,pre_game,WNBA,demon,https://static.prizepicks.com/images/players/WNBA/Veronica_Burton_WNBA_player_PgQhWXIUPjwd5ndjpucEaD8E.webp,15365508,3.5,52.11,47.89,-9.92,52.11,Over,https://www.freeiconspng.com/img/1934,,,,,Wings @ Valkyries,2026-10-03T01:00:00Z,Fri 09:00pm,N/A,N/A,ESPN2,,,10/2/2026,3.5,,,,No,,28.83,31,,100,,3.5,,0,,3.5,3.5,3.7,3.5,Push
Cecilia ZandalasiniRebounds,Cecilia ZandalasiniRebounds4.5,WNBA,249153,Cecilia Zandalasini,F,GSV,Rebounds,4.5,TRUE,10/2/2026,12/30/1899,pre_game,WNBA,demon,https://static.prizepicks.com/images/players/WNBA/Cecilia_Zandalasini_WNBA_player_J9EZms55fyBgGOFTRR36l10v.webp,15366338,2.17,45.27,54.73,,54.73,Under,https://www.freeiconspng.com/img/1934,,,,,Wings @ Valkyries,2026-10-03T01:00:00Z,Fri 09:00pm,N/A,N/A,ESPN2,,,10/2/2026,2.17,,,,No,,13.41,17,,100,,2.17,,0,,2.17,2.17,2.5,1.5,Best Bet
Cecilia ZandalasiniAssists,Cecilia ZandalasiniAssists4.5,WNBA,249153,Cecilia Zandalasini,F,GSV,Assists,4.5,TRUE,10/2/2026,12/30/1899,pre_game,WNBA,demon,https://static.prizepicks.com/images/players/WNBA/Cecilia_Zandalasini_WNBA_player_J9EZms55fyBgGOFTRR36l10v.webp,15375626,1.5,47.84,52.16,-5.65,52.16,Under,https://www.freeiconspng.com/img/1934,,,,,Wings @ Valkyries,2026-10-03T01:00:00Z,Fri 09:00pm,N/A,N/A,ESPN2,,,10/2/2026,1.5,,,,No,,13.41,17,,100,,1.5,,0,,1.5,1.5,2.1,1.5,Best Bet
Alysha ClarkRebounds,Alysha ClarkRebounds4.5,WNBA,333607,Alysha Clark,F,DAL,Rebounds,4.5,TRUE,10/2/2026,12/30/1899,pre_game,WNBA,demon,https://static.prizepicks.com/images/manual/Alysha_Clark-removebg-preview.png,15376075,3.17,46.61,53.39,,53.39,Under,https://www.freeiconspng.com/img/1934,,No,8.2,159.7,Wings @ Valkyries,2026-10-03T01:00:00Z,Fri 09:00pm,N/A,N/A,ESPN2,,,10/2/2026,3.17,,,,No,GOL,9.55,5,,100,,3.17,,0,,3.17,3.17,3.5,3.5,Best Bet
Kaila CharlesRebounds,Kaila CharlesRebounds4.5,WNBA,259687,Kaila Charles,GF,GSV,Rebounds,4.5,TRUE,10/2/2026,12/30/1899,pre_game,WNBA,demon,https://static.prizepicks.com/images/players/NBA/Kaila_Charles_WNBA_player_vxM5bpXnub73N8SOOIjBxlFf.webp,15383619,3.5,57.31,42.69,-2.04,57.31,Over,https://www.freeiconspng.com/img/1934,,,,,Wings @ Valkyries,2026-10-03T01:00:00Z,Fri 09:00pm,N/A,N/A,ESPN2,,,10/2/2026,3.5,,,,No,,13.02,15,,100,,3.5,,0,,3.5,3.5,3.9,4.5,Push
Tiffany HayesAssists,Tiffany HayesAssists4.5,WNBA,238101,Tiffany Hayes,G,GSV,Assists,4.5,TRUE,10/2/2026,12/30/1899,pre_game,WNBA,demon,https://static.prizepicks.com/images/players/WNBA/Tiffany_Hayes_WNBA_player_JZ73QF6RKriqG7DeqAWWKcDH.webp,15383631,2.32,43.96,56.04,-8.87,56.04,Under,https://www.freeiconspng.com/img/1934,,,,,Wings @ Valkyries,2026-10-03T01:00:00Z,Fri 09:00pm,N/A,N/A,ESPN2,,,10/2/2026,2.32,,,,No,,13.79,20,,100,,2.32,,0,,2.32,2.32,2.99,3.5,Best Bet
Aziaha JamesAssists,Aziaha JamesAssists4.5,WNBA,245587,Aziaha James,G,DAL,Assists,4.5,TRUE,10/2/2026,12/30/1899,pre_game,WNBA,demon,https://static.prizepicks.com/images/players/WNBA/Aziaha_James_WNBA_player_YTq6qCG2PgU73b0QUQItJH5H.webp,15383722,,,,,,,https://www.freeiconspng.com/img/1934,,No,8.2,159.7,Wings @ Valkyries,2026-10-03T01:00:00Z,Fri 09:00pm,N/A,N/A,ESPN2,,,10/2/2026,,,,,No,GOL,12.64,12,,,,0,,0,,0,0,3,1.5,Push
Paige Bueckers3-PTMade,Paige Bueckers3-PTMade3.5,WNBA,237836,Paige Bueckers,G,DAL,3-PT Made,3.5,TRUE,10/2/2026,12/30/1899,pre_game,WNBA,demon,https://static.prizepicks.com/images/players/WNBA/Paige_Bueckers_WNBA_player_9Y8nnqPB9PRhUk1Zb4Mlsb5c.webp,15364425,,,,,,,,,No,8.2,159.7,Wings @ Valkyries,2026-10-03T01:00:00Z,Fri 09:00pm,N/A,N/A,ESPN2,,,10/2/2026,,,,,No,GOL,32.51,33,,,,0,,0,,0,0,3.5,0,Push
Arike Ogunbowale3-PTMade,Arike Ogunbowale3-PTMade3.5,WNBA,237835,Arike Ogunbowale,G,DAL,3-PT Made,3.5,TRUE,10/2/2026,12/30/1899,pre_game,WNBA,demon,https://static.prizepicks.com/images/players/WNBA/Arike_Ogunbowale_WNBA_player_li5EkQnXby20K9Lhu8gX4Ygc.webp,15364427,,,,,,,,,No,8.2,159.7,Wings @ Valkyries,2026-10-03T01:00:00Z,Fri 09:00pm,N/A,N/A,ESPN2,,,10/2/2026,,,,,No,GOL,25.36,32,,,,0,,0,,0,0,3.5,0,Push
Arike OgunbowaleAssists,Arike OgunbowaleAssists3.5,WNBA,237835,Arike Ogunbowale,G,DAL,Assists,3.5,TRUE,10/2/2026,12/30/1899,pre_game,WNBA,demon,https://static.prizepicks.com/images/players/WNBA/Arike_Ogunbowale_WNBA_player_li5EkQnXby20K9Lhu8gX4Ygc.webp,15364807,3.5,44.96,55.04,,55.04,Under,https://www.freeiconspng.com/img/1934,,No,8.2,159.7,Wings @ Valkyries,2026-10-03T01:00:00Z,Fri 09:00pm,N/A,N/A,ESPN2,,,10/2/2026,3.5,,,,No,GOL,25.36,32,44.96,55.04,44.96,3.5,,0,,3.5,3.5,3.5,3.5,Best Bet
Arike OgunbowaleRebounds,Arike OgunbowaleRebounds3.5,WNBA,237835,Arike Ogunbowale,G,DAL,Rebounds,3.5,TRUE,10/2/2026,12/30/1899,pre_game,WNBA,demon,https://static.prizepicks.com/images/players/WNBA/Arike_Ogunbowale_WNBA_player_li5EkQnXby20K9Lhu8gX4Ygc.webp,15364877,3,49.4,50.6,-11.99,50.6,Under,https://www.freeiconspng.com/img/1934,,No,8.2,159.7,Wings @ Valkyries,2026-10-03T01:00:00Z,Fri 09:00pm,N/A,N/A,ESPN2,,,10/2/2026,3,,,,No,GOL,25.36,32,,100,,3,,0,,3,3,3.2,3.5,Best Bet
Gabby Williams3-PTMade,Gabby Williams3-PTMade3.5,WNBA,316568,Gabby Williams,F,GSV,3-PT Made,3.5,TRUE,10/2/2026,12/30/1899,pre_game,WNBA,demon,https://static.prizepicks.com/images/manual/Gabby Williams .png,15364910,,,,,,,,,,,,Wings @ Valkyries,2026-10-03T01:00:00Z,Fri 09:00pm,N/A,N/A,ESPN2,,,10/2/2026,,,,,No,,33.32,30,,,,0,,0,,0,0,3.5,0,Push
Janelle Salaün3-PTMade,Janelle Salaün3-PTMade3.5,WNBA,240424,Janelle Salaün,F,GSV,3-PT Made,3.5,TRUE,10/2/2026,12/30/1899,pre_game,WNBA,demon,https://static.prizepicks.com/images/players/WNBA/Janelle_Sala%C3%BCn_WNBA_player_TJWeCgZ3Bq8UPDeH4ehDuDYm.webp,15364913,,,,,,,,,,,,Wings @ Valkyries,2026-10-03T01:00:00Z,Fri 09:00pm,N/A,N/A,ESPN2,,,10/2/2026,,,,,No,,19.48,28,,,,0,,0,,0,0,3.5,0,Push
Kayla Thornton3-PTMade,Kayla Thornton3-PTMade3.5,WNBA,238102,Kayla Thornton,F,GSV,3-PT Made,3.5,TRUE,10/2/2026,12/30/1899,pre_game,WNBA,demon,https://static.prizepicks.com/images/players/WNBA/Kayla_Thornton_WNBA_player_LW0QKyGiDE0bVq5F3TkgEtm8.webp,15364914,,,,,,,,,,,,Wings @ Valkyries,2026-10-03T01:00:00Z,Fri 09:00pm,N/A,N/A,ESPN2,,,10/2/2026,,,,,No,,19.04,28,,,,0,,0,,0,0,3.5,0,Push
Veronica Burton3-PTMade,Veronica Burton3-PTMade3.5,WNBA,238261,Veronica Burton,G,GSV,3-PT Made,3.5,TRUE,10/2/2026,12/30/1899,pre_game,WNBA,demon,https://static.prizepicks.com/images/players/WNBA/Veronica_Burton_WNBA_player_PgQhWXIUPjwd5ndjpucEaD8E.webp,15364917,,,,,,,,,,,,Wings @ Valkyries,2026-10-03T01:00:00Z,Fri 09:00pm,N/A,N/A,ESPN2,,,10/2/2026,,,,,No,,28.83,31,,,,0,,0,,0,0,3.5,0,Push
Cecilia Zandalasini3-PTMade,Cecilia Zandalasini3-PTMade3.5,WNBA,249153,Cecilia Zandalasini,F,GSV,3-PT Made,3.5,TRUE,10/2/2026,12/30/1899,pre_game,WNBA,demon,https://static.prizepicks.com/images/players/WNBA/Cecilia_Zandalasini_WNBA_player_J9EZms55fyBgGOFTRR36l10v.webp,15365499,,,,,,,,,,,,Wings @ Valkyries,2026-10-03T01:00:00Z,Fri 09:00pm,N/A,N/A,ESPN2,,,10/2/2026,,,,,No,,13.41,17,,,,0,,0,,0,0,3.5,0,Push
Kiah StokesPoints,Kiah StokesPoints3.5,WNBA,317423,Kiah Stokes,C,GSV,Points,3.5,TRUE,10/2/2026,12/30/1899,pre_game,WNBA,demon,https://static.prizepicks.com/images/players/WNBA/Kiah_Stokes_WNBA_player_ndf93Nxv7e15yD38rl5xBPni.webp,15366297,3.5,46.85,53.15,,53.15,Under,https://www.freeiconspng.com/img/1934,,,,,Wings @ Valkyries,2026-10-03T01:00:00Z,Fri 09:00pm,N/A,N/A,ESPN2,,,10/2/2026,3.5,,,,No,,18.53,21,46.85,53.15,46.85,3.5,,0,,3.5,3.5,3.7,4.5,Great Bet
Cecilia ZandalasiniRebounds,Cecilia ZandalasiniRebounds3.5,WNBA,249153,Cecilia Zandalasini,F,GSV,Rebounds,3.5,TRUE,10/2/2026,12/30/1899,pre_game,WNBA,demon,https://static.prizepicks.com/images/players/WNBA/Cecilia_Zandalasini_WNBA_player_J9EZms55fyBgGOFTRR36l10v.webp,15366346,2.17,45.27,54.73,,54.73,Under,https://www.freeiconspng.com/img/1934,,,,,Wings @ Valkyries,2026-10-03T01:00:00Z,Fri 09:00pm,N/A,N/A,ESPN2,,,10/2/2026,2.17,,,,No,,13.41,17,,100,,2.17,,0,,2.17,2.17,2.3,1.5,Best Bet
Kiah StokesAssists,Kiah StokesAssists3.5,WNBA,317423,Kiah Stokes,C,GSV,Assists,3.5,TRUE,10/2/2026,12/30/1899,pre_game,WNBA,demon,https://static.prizepicks.com/images/players/WNBA/Kiah_Stokes_WNBA_player_ndf93Nxv7e15yD38rl5xBPni.webp,15367164,1.5,42.65,57.35,,57.35,Under,https://www.freeiconspng.com/img/1934,,,,,Wings @ Valkyries,2026-10-03T01:00:00Z,Fri 09:00pm,N/A,N/A,ESPN2,,,10/2/2026,1.5,,,,No,,18.53,21,,100,,1.5,,0,,1.5,1.5,1.9,1.5,Best Bet
Janelle SalaünAssists,Janelle SalaünAssists3.5,WNBA,240424,Janelle Salaün,F,GSV,Assists,3.5,TRUE,10/2/2026,12/30/1899,pre_game,WNBA,demon,https://static.prizepicks.com/images/players/WNBA/Janelle_Sala%C3%BCn_WNBA_player_TJWeCgZ3Bq8UPDeH4ehDuDYm.webp,15367169,1.5,42.75,57.25,,57.25,Under,https://www.freeiconspng.com/img/1934,,,,,Wings @ Valkyries,2026-10-03T01:00:00Z,Fri 09:00pm,N/A,N/A,ESPN2,,,10/2/2026,1.5,,,,No,,19.48,28,,100,,1.5,,0,,1.5,1.5,1.9,1.5,Best Bet
Alysha ClarkRebounds,Alysha ClarkRebounds3.5,WNBA,333607,Alysha Clark,F,DAL,Rebounds,3.5,TRUE,10/2/2026,12/30/1899,pre_game,WNBA,demon,https://static.prizepicks.com/images/manual/Alysha_Clark-removebg-preview.png,15369403,3.17,46.61,53.39,,53.39,Under,https://www.freeiconspng.com/img/1934,,No,8.2,159.7,Wings @ Valkyries,2026-10-03T01:00:00Z,Fri 09:00pm,N/A,N/A,ESPN2,,,10/2/2026,3.17,,,,No,GOL,9.55,5,,100,,3.17,,0,,3.17,3.17,3.3,3.5,Best Bet
Cecilia ZandalasiniAssists,Cecilia ZandalasiniAssists3.5,WNBA,249153,Cecilia Zandalasini,F,GSV,Assists,3.5,TRUE,10/2/2026,12/30/1899,pre_game,WNBA,demon,https://static.prizepicks.com/images/players/WNBA/Cecilia_Zandalasini_WNBA_player_J9EZms55fyBgGOFTRR36l10v.webp,15373294,1.5,47.84,52.16,-5.65,52.16,Under,https://www.freeiconspng.com/img/1934,,,,,Wings @ Valkyries,2026-10-03T01:00:00Z,Fri 09:00pm,N/A,N/A,ESPN2,,,10/2/2026,1.5,,,,No,,13.41,17,,100,,1.5,,0,,1.5,1.5,1.9,1.5,Best Bet
Aziaha JamesAssists,Aziaha JamesAssists3.5,WNBA,245587,Aziaha James,G,DAL,Assists,3.5,TRUE,10/2/2026,12/30/1899,pre_game,WNBA,demon,https://static.prizepicks.com/images/players/WNBA/Aziaha_James_WNBA_player_YTq6qCG2PgU73b0QUQItJH5H.webp,15382838,,,,,,,https://www.freeiconspng.com/img/1934,,No,8.2,159.7,Wings @ Valkyries,2026-10-03T01:00:00Z,Fri 09:00pm,N/A,N/A,ESPN2,,,10/2/2026,,,,,No,GOL,12.64,12,,,,0,,0,,0,0,2.5,1.5,Push
Tiffany HayesAssists,Tiffany HayesAssists3.5,WNBA,238101,Tiffany Hayes,G,GSV,Assists,3.5,TRUE,10/2/2026,12/30/1899,pre_game,WNBA,demon,https://static.prizepicks.com/images/players/WNBA/Tiffany_Hayes_WNBA_player_JZ73QF6RKriqG7DeqAWWKcDH.webp,15382873,2.32,43.96,56.04,-8.87,56.04,Under,https://www.freeiconspng.com/img/1934,,,,,Wings @ Valkyries,2026-10-03T01:00:00Z,Fri 09:00pm,N/A,N/A,ESPN2,,,10/2/2026,2.32,,,,No,,13.79,20,,100,,2.32,,0,,2.32,2.32,2.79,3.5,Best Bet
Paige BueckersFreeThrowsAttempted,Paige BueckersFreeThrowsAttempted3.5,WNBA,237836,Paige Bueckers,G,DAL,Free Throws Attempted,3.5,TRUE,10/2/2026,12/30/1899,pre_game,WNBA,demon,https://static.prizepicks.com/images/players/WNBA/Paige_Bueckers_WNBA_player_9Y8nnqPB9PRhUk1Zb4Mlsb5c.webp,15388651,,,,,,,,,No,8.2,159.7,Wings @ Valkyries,2026-10-03T01:00:00Z,Fri 09:00pm,N/A,N/A,ESPN2,,,10/2/2026,,,,,No,GOL,32.51,33,,,,0,,0,,0,0,3.5,0,Push
Arike OgunbowaleTwoPointersMade,Arike OgunbowaleTwoPointersMade3.5,WNBA,237835,Arike Ogunbowale,G,DAL,Two Pointers Made,3.5,TRUE,10/2/2026,12/30/1899,pre_game,WNBA,demon,https://static.prizepicks.com/images/players/WNBA/Arike_Ogunbowale_WNBA_player_li5EkQnXby20K9Lhu8gX4Ygc.webp,15388655,,,,,,,,,No,8.2,159.7,Wings @ Valkyries,2026-10-03T01:00:00Z,Fri 09:00pm,N/A,N/A,ESPN2,,,10/2/2026,,,,,No,GOL,25.36,32,,,,0,,0,,0,0,3.5,0,Push
Veronica BurtonTwoPointersMade,Veronica BurtonTwoPointersMade3.5,WNBA,238261,Veronica Burton,G,GSV,Two Pointers Made,3.5,TRUE,10/2/2026,12/30/1899,pre_game,WNBA,demon,https://static.prizepicks.com/images/players/WNBA/Veronica_Burton_WNBA_player_PgQhWXIUPjwd5ndjpucEaD8E.webp,15388660,,,,,,,,,,,,Wings @ Valkyries,2026-10-03T01:00:00Z,Fri 09:00pm,N/A,N/A,ESPN2,,,10/2/2026,,,,,No,,28.83,31,,,,0,,0,,0,0,3.5,0,Push
Gabby WilliamsQuarterswith3+Points,Gabby WilliamsQuarterswith3+Points3.5,WNBA,316568,Gabby Williams,F,GSV,Quarters with 3+ Points,3.5,TRUE,10/2/2026,12/30/1899,pre_game,WNBA,demon,https://static.prizepicks.com/images/manual/Gabby Williams .png,15388934,,,,,,,,,,,,Wings @ Valkyries,2026-10-03T01:00:00Z,Fri 09:00pm,N/A,N/A,ESPN2,,,10/2/2026,,,,,No,,33.32,30,,,,0,,0,,0,0,3.5,0,Push
Paige BueckersQuarterswith3+Points,Paige BueckersQuarterswith3+Points3.5,WNBA,237836,Paige Bueckers,G,DAL,Quarters with 3+ Points,3.5,TRUE,10/2/2026,12/30/1899,pre_game,WNBA,demon,https://static.prizepicks.com/images/players/WNBA/Paige_Bueckers_WNBA_player_9Y8nnqPB9PRhUk1Zb4Mlsb5c.webp,15388935,,,,,,,,,No,8.2,159.7,Wings @ Valkyries,2026-10-03T01:00:00Z,Fri 09:00pm,N/A,N/A,ESPN2,,,10/2/2026,,,,,No,GOL,32.51,33,,,,0,,0,,0,0,3.5,0,Push
Arike OgunbowaleQuarterswith3+Points,Arike OgunbowaleQuarterswith3+Points3.5,WNBA,237835,Arike Ogunbowale,G,DAL,Quarters with 3+ Points,3.5,TRUE,10/2/2026,12/30/1899,pre_game,WNBA,demon,https://static.prizepicks.com/images/players/WNBA/Arike_Ogunbowale_WNBA_player_li5EkQnXby20K9Lhu8gX4Ygc.webp,15388936,,,,,,,,,No,8.2,159.7,Wings @ Valkyries,2026-10-03T01:00:00Z,Fri 09:00pm,N/A,N/A,ESPN2,,,10/2/2026,,,,,No,GOL,25.36,32,,,,0,,0,,0,0,3.5,0,Push
Veronica BurtonQuarterswith3+Points,Veronica BurtonQuarterswith3+Points3.5,WNBA,238261,Veronica Burton,G,GSV,Quarters with 3+ Points,3.5,TRUE,10/2/2026,12/30/1899,pre_game,WNBA,demon,https://static.prizepicks.com/images/players/WNBA/Veronica_Burton_WNBA_player_PgQhWXIUPjwd5ndjpucEaD8E.webp,15388937,,,,,,,,,,,,Wings @ Valkyries,2026-10-03T01:00:00Z,Fri 09:00pm,N/A,N/A,ESPN2,,,10/2/2026,,,,,No,,28.83,31,,,,0,,0,,0,0,3.5,0,Push
Janelle SalaünQuarterswith3+Points,Janelle SalaünQuarterswith3+Points3.5,WNBA,240424,Janelle Salaün,F,GSV,Quarters with 3+ Points,3.5,TRUE,10/2/2026,12/30/1899,pre_game,WNBA,demon,https://static.prizepicks.com/images/players/WNBA/Janelle_Sala%C3%BCn_WNBA_player_TJWeCgZ3Bq8UPDeH4ehDuDYm.webp,15388938,,,,,,,,,,,,Wings @ Valkyries,2026-10-03T01:00:00Z,Fri 09:00pm,N/A,N/A,ESPN2,,,10/2/2026,,,,,No,,19.48,28,,,,0,,0,,0,0,3.5,0,Push
Gabby WilliamsQuarterswith4+Points,Gabby WilliamsQuarterswith4+Points3.5,WNBA,316568,Gabby Williams,F,GSV,Quarters with 4+ Points,3.5,TRUE,10/2/2026,12/30/1899,pre_game,WNBA,demon,https://static.prizepicks.com/images/manual/Gabby Williams .png,15388939,,,,,,,,,,,,Wings @ Valkyries,2026-10-03T01:00:00Z,Fri 09:00pm,N/A,N/A,ESPN2,,,10/2/2026,,,,,No,,33.32,30,,,,0,,0,,0,0,3.5,0,Push
Paige BueckersQuarterswith4+Points,Paige BueckersQuarterswith4+Points3.5,WNBA,237836,Paige Bueckers,G,DAL,Quarters with 4+ Points,3.5,TRUE,10/2/2026,12/30/1899,pre_game,WNBA,demon,https://static.prizepicks.com/images/players/WNBA/Paige_Bueckers_WNBA_player_9Y8nnqPB9PRhUk1Zb4Mlsb5c.webp,15388940,,,,,,,,,No,8.2,159.7,Wings @ Valkyries,2026-10-03T01:00:00Z,Fri 09:00pm,N/A,N/A,ESPN2,,,10/2/2026,,,,,No,GOL,32.51,33,,,,0,,0,,0,0,3.5,0,Push
Arike OgunbowaleQuarterswith4+Points,Arike OgunbowaleQuarterswith4+Points3.5,WNBA,237835,Arike Ogunbowale,G,DAL,Quarters with 4+ Points,3.5,TRUE,10/2/2026,12/30/1899,pre_game,WNBA,demon,https://static.prizepicks.com/images/players/WNBA/Arike_Ogunbowale_WNBA_player_li5EkQnXby20K9Lhu8gX4Ygc.webp,15388941,,,,,,,,,No,8.2,159.7,Wings @ Valkyries,2026-10-03T01:00:00Z,Fri 09:00pm,N/A,N/A,ESPN2,,,10/2/2026,,,,,No,GOL,25.36,32,,,,0,,0,,0,0,3.5,0,Push
Veronica BurtonQuarterswith4+Points,Veronica BurtonQuarterswith4+Points3.5,WNBA,238261,Veronica Burton,G,GSV,Quarters with 4+ Points,3.5,TRUE,10/2/2026,12/30/1899,pre_game,WNBA,demon,https://static.prizepicks.com/images/players/WNBA/Veronica_Burton_WNBA_player_PgQhWXIUPjwd5ndjpucEaD8E.webp,15388942,,,,,,,,,,,,Wings @ Valkyries,2026-10-03T01:00:00Z,Fri 09:00pm,N/A,N/A,ESPN2,,,10/2/2026,,,,,No,,28.83,31,,,,0,,0,,0,0,3.5,0,Push
Janelle SalaünQuarterswith4+Points,Janelle SalaünQuarterswith4+Points3.5,WNBA,240424,Janelle Salaün,F,GSV,Quarters with 4+ Points,3.5,TRUE,10/2/2026,12/30/1899,pre_game,WNBA,demon,https://static.prizepicks.com/images/players/WNBA/Janelle_Sala%C3%BCn_WNBA_player_TJWeCgZ3Bq8UPDeH4ehDuDYm.webp,15388943,,,,,,,,,,,,Wings @ Valkyries,2026-10-03T01:00:00Z,Fri 09:00pm,N/A,N/A,ESPN2,,,10/2/2026,,,,,No,,19.48,28,,,,0,,0,,0,0,3.5,0,Push
Gabby WilliamsQuarterswith5+Points,Gabby WilliamsQuarterswith5+Points3.5,WNBA,316568,Gabby Williams,F,GSV,Quarters with 5+ Points,3.5,TRUE,10/2/2026,12/30/1899,pre_game,WNBA,demon,https://static.prizepicks.com/images/manual/Gabby Williams .png,15388944,,,,,,,,,,,,Wings @ Valkyries,2026-10-03T01:00:00Z,Fri 09:00pm,N/A,N/A,ESPN2,,,10/2/2026,,,,,No,,33.32,30,,,,0,,0,,0,0,3.5,0,Push
Paige BueckersQuarterswith5+Points,Paige BueckersQuarterswith5+Points3.5,WNBA,237836,Paige Bueckers,G,DAL,Quarters with 5+ Points,3.5,TRUE,10/2/2026,12/30/1899,pre_game,WNBA,demon,https://static.prizepicks.com/images/players/WNBA/Paige_Bueckers_WNBA_player_9Y8nnqPB9PRhUk1Zb4Mlsb5c.webp,15388945,,,,,,,,,No,8.2,159.7,Wings @ Valkyries,2026-10-03T01:00:00Z,Fri 09:00pm,N/A,N/A,ESPN2,,,10/2/2026,,,,,No,GOL,32.51,33,,,,0,,0,,0,0,3.5,0,Push
Paige Bueckers3-PTMade,Paige Bueckers3-PTMade2.5,WNBA,237836,Paige Bueckers,G,DAL,3-PT Made,2.5,TRUE,10/2/2026,12/30/1899,pre_game,WNBA,demon,https://static.prizepicks.com/images/players/WNBA/Paige_Bueckers_WNBA_player_9Y8nnqPB9PRhUk1Zb4Mlsb5c.webp,15364404,,,,,,,,,No,8.2,159.7,Wings @ Valkyries,2026-10-03T01:00:00Z,Fri 09:00pm,N/A,N/A,ESPN2,,,10/2/2026,,,,,No,GOL,32.51,33,,,,0,,0,,0,0,2.5,0,Push
Arike Ogunbowale3-PTMade,Arike Ogunbowale3-PTMade2.5,WNBA,237835,Arike Ogunbowale,G,DAL,3-PT Made,2.5,TRUE,10/2/2026,12/30/1899,pre_game,WNBA,demon,https://static.prizepicks.com/images/players/WNBA/Arike_Ogunbowale_WNBA_player_li5EkQnXby20K9Lhu8gX4Ygc.webp,15364443,,,,,,,,,No,8.2,159.7,Wings @ Valkyries,2026-10-03T01:00:00Z,Fri 09:00pm,N/A,N/A,ESPN2,,,10/2/2026,,,,,No,GOL,25.36,32,,,,0,,0,,0,0,2.5,0,Push
Cecilia Zandalasini3-PTMade,Cecilia Zandalasini3-PTMade2.5,WNBA,249153,Cecilia Zandalasini,F,GSV,3-PT Made,2.5,TRUE,10/2/2026,12/30/1899,pre_game,WNBA,demon,https://static.prizepicks.com/images/players/WNBA/Cecilia_Zandalasini_WNBA_player_J9EZms55fyBgGOFTRR36l10v.webp,15365452,,,,,,,,,,,,Wings @ Valkyries,2026-10-03T01:00:00Z,Fri 09:00pm,N/A,N/A,ESPN2,,,10/2/2026,,,,,No,,13.41,17,,,,0,,0,,0,0,2.5,0,Push
Janelle Salaün3-PTMade,Janelle Salaün3-PTMade2.5,WNBA,240424,Janelle Salaün,F,GSV,3-PT Made,2.5,TRUE,10/2/2026,12/30/1899,pre_game,WNBA,demon,https://static.prizepicks.com/images/players/WNBA/Janelle_Sala%C3%BCn_WNBA_player_TJWeCgZ3Bq8UPDeH4ehDuDYm.webp,15365456,,,,,,,,,,,,Wings @ Valkyries,2026-10-03T01:00:00Z,Fri 09:00pm,N/A,N/A,ESPN2,,,10/2/2026,,,,,No,,19.48,28,,,,0,,0,,0,0,2.5,0,Push
Kayla Thornton3-PTMade,Kayla Thornton3-PTMade2.5,WNBA,238102,Kayla Thornton,F,GSV,3-PT Made,2.5,TRUE,10/2/2026,12/30/1899,pre_game,WNBA,demon,https://static.prizepicks.com/images/players/WNBA/Kayla_Thornton_WNBA_player_LW0QKyGiDE0bVq5F3TkgEtm8.webp,15365497,,,,,,,,,,,,Wings @ Valkyries,2026-10-03T01:00:00Z,Fri 09:00pm,N/A,N/A,ESPN2,,,10/2/2026,,,,,No,,19.04,28,,,,0,,0,,0,0,2.5,0,Push
Veronica Burton3-PTMade,Veronica Burton3-PTMade2.5,WNBA,238261,Veronica Burton,G,GSV,3-PT Made,2.5,TRUE,10/2/2026,12/30/1899,pre_game,WNBA,demon,https://static.prizepicks.com/images/players/WNBA/Veronica_Burton_WNBA_player_PgQhWXIUPjwd5ndjpucEaD8E.webp,15365503,,,,,,,,,,,,Wings @ Valkyries,2026-10-03T01:00:00Z,Fri 09:00pm,N/A,N/A,ESPN2,,,10/2/2026,,,,,No,,28.83,31,,,,0,,0,,0,0,2.5,0,Push
Gabby Williams3-PTMade,Gabby Williams3-PTMade2.5,WNBA,316568,Gabby Williams,F,GSV,3-PT Made,2.5,TRUE,10/2/2026,12/30/1899,pre_game,WNBA,demon,https://static.prizepicks.com/images/manual/Gabby Williams .png,15365506,,,,,,,,,,,,Wings @ Valkyries,2026-10-03T01:00:00Z,Fri 09:00pm,N/A,N/A,ESPN2,,,10/2/2026,,,,,No,,33.32,30,,,,0,,0,,0,0,2.5,0,Push
Cecilia ZandalasiniRebounds,Cecilia ZandalasiniRebounds2.5,WNBA,249153,Cecilia Zandalasini,F,GSV,Rebounds,2.5,TRUE,10/2/2026,12/30/1899,pre_game,WNBA,demon,https://static.prizepicks.com/images/players/WNBA/Cecilia_Zandalasini_WNBA_player_J9EZms55fyBgGOFTRR36l10v.webp,15366347,2.17,45.27,54.73,,54.73,Under,https://www.freeiconspng.com/img/1934,,,,,Wings @ Valkyries,2026-10-03T01:00:00Z,Fri 09:00pm,N/A,N/A,ESPN2,,,10/2/2026,2.17,,,,No,,13.41,17,,100,,2.17,,0,,2.17,2.17,2.1,1.5,Best Bet
Kiah StokesAssists,Kiah StokesAssists2.5,WNBA,317423,Kiah Stokes,C,GSV,Assists,2.5,TRUE,10/2/2026,12/30/1899,pre_game,WNBA,demon,https://static.prizepicks.com/images/players/WNBA/Kiah_Stokes_WNBA_player_ndf93Nxv7e15yD38rl5xBPni.webp,15367159,1.5,42.65,57.35,,57.35,Under,https://www.freeiconspng.com/img/1934,,,,,Wings @ Valkyries,2026-10-03T01:00:00Z,Fri 09:00pm,N/A,N/A,ESPN2,,,10/2/2026,1.5,,,,No,,18.53,21,,100,,1.5,,0,,1.5,1.5,1.7,1.5,Best Bet
Janelle SalaünAssists,Janelle SalaünAssists2.5,WNBA,240424,Janelle Salaün,F,GSV,Assists,2.5,TRUE,10/2/2026,12/30/1899,pre_game,WNBA,demon,https://static.prizepicks.com/images/players/WNBA/Janelle_Sala%C3%BCn_WNBA_player_TJWeCgZ3Bq8UPDeH4ehDuDYm.webp,15367171,1.5,42.75,57.25,,57.25,Under,https://www.freeiconspng.com/img/1934,,,,,Wings @ Valkyries,2026-10-03T01:00:00Z,Fri 09:00pm,N/A,N/A,ESPN2,,,10/2/2026,1.5,,,,No,,19.48,28,,100,,1.5,,0,,1.5,1.5,1.7,1.5,Best Bet
Kayla ThorntonAssists,Kayla ThorntonAssists2.5,WNBA,238102,Kayla Thornton,F,GSV,Assists,2.5,TRUE,10/2/2026,12/30/1899,pre_game,WNBA,demon,https://static.prizepicks.com/images/players/WNBA/Kayla_Thornton_WNBA_player_LW0QKyGiDE0bVq5F3TkgEtm8.webp,15372350,,,,,,,https://www.freeiconspng.com/img/1934,,,,,Wings @ Valkyries,2026-10-03T01:00:00Z,Fri 09:00pm,N/A,N/A,ESPN2,,,10/2/2026,,,,,No,,19.04,28,,,,0,,0,,0,0,1.5,0.5,Push
Cecilia ZandalasiniAssists,Cecilia ZandalasiniAssists2.5,WNBA,249153,Cecilia Zandalasini,F,GSV,Assists,2.5,TRUE,10/2/2026,12/30/1899,pre_game,WNBA,demon,https://static.prizepicks.com/images/players/WNBA/Cecilia_Zandalasini_WNBA_player_J9EZms55fyBgGOFTRR36l10v.webp,15373295,1.5,47.84,52.16,-5.65,52.16,Under,https://www.freeiconspng.com/img/1934,,,,,Wings @ Valkyries,2026-10-03T01:00:00Z,Fri 09:00pm,N/A,N/A,ESPN2,,,10/2/2026,1.5,,,,No,,13.41,17,,100,,1.5,,0,,1.5,1.5,1.7,1.5,Best Bet
Alysha Clark3-PTMade,Alysha Clark3-PTMade2.5,WNBA,333607,Alysha Clark,F,DAL,3-PT Made,2.5,TRUE,10/2/2026,12/30/1899,pre_game,WNBA,demon,https://static.prizepicks.com/images/manual/Alysha_Clark-removebg-preview.png,15382817,,,,,,,,,No,8.2,159.7,Wings @ Valkyries,2026-10-03T01:00:00Z,Fri 09:00pm,N/A,N/A,ESPN2,,,10/2/2026,,,,,No,GOL,9.55,5,,,,0,,0,,0,0,2.5,0,Push
Jessica ShepardOffensiveRebounds,Jessica ShepardOffensiveRebounds2.5,WNBA,317279,Jessica Shepard,F,DAL,Offensive Rebounds,2.5,TRUE,10/2/2026,12/30/1899,pre_game,WNBA,demon,https://static.prizepicks.com/images/manual/JessShep.png,15383032,,,,,,,,,No,8.2,159.7,Wings @ Valkyries,2026-10-03T01:00:00Z,Fri 09:00pm,N/A,N/A,ESPN2,,,10/2/2026,,,,,No,GOL,29.6,31,,,,0,,0,,0,0,2.5,0,Push
Tiffany Hayes3-PTMade,Tiffany Hayes3-PTMade2.5,WNBA,238101,Tiffany Hayes,G,GSV,3-PT Made,2.5,TRUE,10/2/2026,12/30/1899,pre_game,WNBA,demon,https://static.prizepicks.com/images/players/WNBA/Tiffany_Hayes_WNBA_player_JZ73QF6RKriqG7DeqAWWKcDH.webp,15383051,,,,,,,,,,,,Wings @ Valkyries,2026-10-03T01:00:00Z,Fri 09:00pm,N/A,N/A,ESPN2,,,10/2/2026,,,,,No,,13.79,20,,,,0,,0,,0,0,2.5,0,Push
Jessica ShepardTurnovers,Jessica ShepardTurnovers2.5,WNBA,317279,Jessica Shepard,F,DAL,Turnovers,2.5,TRUE,10/2/2026,12/30/1899,pre_game,WNBA,demon,https://static.prizepicks.com/images/manual/JessShep.png,15383138,,,,,,,,,No,8.2,159.7,Wings @ Valkyries,2026-10-03T01:00:00Z,Fri 09:00pm,N/A,N/A,ESPN2,,,10/2/2026,,,,,No,GOL,29.6,31,,,,0,,0,,0,0,2.5,0,Push
Veronica BurtonBlks+Stls,Veronica BurtonBlks+Stls2.5,WNBA,238261,Veronica Burton,G,GSV,Blks+Stls,2.5,TRUE,10/2/2026,12/30/1899,pre_game,WNBA,demon,https://static.prizepicks.com/images/players/WNBA/Veronica_Burton_WNBA_player_PgQhWXIUPjwd5ndjpucEaD8E.webp,15383437,,,,,,,,,,,,Wings @ Valkyries,2026-10-03T01:00:00Z,Fri 09:00pm,N/A,N/A,ESPN2,,,10/2/2026,,,,,No,,28.83,31,,,,0,,0,,0,0,2.5,0,Push
Tiffany HayesAssists,Tiffany HayesAssists2.5,WNBA,238101,Tiffany Hayes,G,GSV,Assists,2.5,TRUE,10/2/2026,12/30/1899,pre_game,WNBA,demon,https://static.prizepicks.com/images/players/WNBA/Tiffany_Hayes_WNBA_player_JZ73QF6RKriqG7DeqAWWKcDH.webp,15383626,2.32,43.96,56.04,-8.87,56.04,Under,https://www.freeiconspng.com/img/1934,,,,,Wings @ Valkyries,2026-10-03T01:00:00Z,Fri 09:00pm,N/A,N/A,ESPN2,,,10/2/2026,2.32,,,,No,,13.79,20,,100,,2.32,,0,,2.32,2.32,2.59,3.5,Great Bet
Aziaha JamesAssists,Aziaha JamesAssists2.5,WNBA,245587,Aziaha James,G,DAL,Assists,2.5,TRUE,10/2/2026,12/30/1899,pre_game,WNBA,demon,https://static.prizepicks.com/images/players/WNBA/Aziaha_James_WNBA_player_YTq6qCG2PgU73b0QUQItJH5H.webp,15383719,,,,,,,https://www.freeiconspng.com/img/1934,,No,8.2,159.7,Wings @ Valkyries,2026-10-03T01:00:00Z,Fri 09:00pm,N/A,N/A,ESPN2,,,10/2/2026,,,,,No,GOL,12.64,12,,,,0,,0,,0,0,2,1.5,Push
Aziaha James3-PTMade,Aziaha James3-PTMade2.5,WNBA,245587,Aziaha James,G,DAL,3-PT Made,2.5,TRUE,10/2/2026,12/30/1899,pre_game,WNBA,demon,https://static.prizepicks.com/images/players/WNBA/Aziaha_James_WNBA_player_YTq6qCG2PgU73b0QUQItJH5H.webp,15383723,,,,,,,,,No,8.2,159.7,Wings @ Valkyries,2026-10-03T01:00:00Z,Fri 09:00pm,N/A,N/A,ESPN2,,,10/2/2026,,,,,No,GOL,12.64,12,,,,0,,0,,0,0,2.5,0,Push
Cecilia Zandalasini3-PTMade,Cecilia Zandalasini3-PTMade1.5,WNBA,249153,Cecilia Zandalasini,F,GSV,3-PT Made,1.5,TRUE,10/2/2026,12/30/1899,pre_game,WNBA,demon,https://static.prizepicks.com/images/players/WNBA/Cecilia_Zandalasini_WNBA_player_J9EZms55fyBgGOFTRR36l10v.webp,15364797,,,,,,,,,,,,Wings @ Valkyries,2026-10-03T01:00:00Z,Fri 09:00pm,N/A,N/A,ESPN2,,,10/2/2026,,,,,No,,13.41,17,,,,0,,0,,0,0,1.5,0,Push
Kayla Thornton3-PTMade,Kayla Thornton3-PTMade1.5,WNBA,238102,Kayla Thornton,F,GSV,3-PT Made,1.5,TRUE,10/2/2026,12/30/1899,pre_game,WNBA,demon,https://static.prizepicks.com/images/players/WNBA/Kayla_Thornton_WNBA_player_LW0QKyGiDE0bVq5F3TkgEtm8.webp,15365470,,,,,,,,,,,,Wings @ Valkyries,2026-10-03T01:00:00Z,Fri 09:00pm,N/A,N/A,ESPN2,,,10/2/2026,,,,,No,,19.04,28,,,,0,,0,,0,0,1.5,0,Push
Veronica Burton3-PTMade,Veronica Burton3-PTMade1.5,WNBA,238261,Veronica Burton,G,GSV,3-PT Made,1.5,TRUE,10/2/2026,12/30/1899,pre_game,WNBA,demon,https://static.prizepicks.com/images/players/WNBA/Veronica_Burton_WNBA_player_PgQhWXIUPjwd5ndjpucEaD8E.webp,15365488,,,,,,,,,,,,Wings @ Valkyries,2026-10-03T01:00:00Z,Fri 09:00pm,N/A,N/A,ESPN2,,,10/2/2026,,,,,No,,28.83,31,,,,0,,0,,0,0,1.5,0,Push
Kiah StokesAssists,Kiah StokesAssists1.5,WNBA,317423,Kiah Stokes,C,GSV,Assists,1.5,TRUE,10/2/2026,12/30/1899,pre_game,WNBA,demon,https://static.prizepicks.com/images/players/WNBA/Kiah_Stokes_WNBA_player_ndf93Nxv7e15yD38rl5xBPni.webp,15367165,1.5,42.65,57.35,,57.35,Under,https://www.freeiconspng.com/img/1934,,,,,Wings @ Valkyries,2026-10-03T01:00:00Z,Fri 09:00pm,N/A,N/A,ESPN2,,,10/2/2026,1.5,,,,No,,18.53,21,42.65,57.35,42.65,1.5,,0,,1.5,1.5,1.5,1.5,Best Bet
Janelle SalaünAssists,Janelle SalaünAssists1.5,WNBA,240424,Janelle Salaün,F,GSV,Assists,1.5,TRUE,10/2/2026,12/30/1899,pre_game,WNBA,demon,https://static.prizepicks.com/images/players/WNBA/Janelle_Sala%C3%BCn_WNBA_player_TJWeCgZ3Bq8UPDeH4ehDuDYm.webp,15367170,1.5,42.75,57.25,,57.25,Under,https://www.freeiconspng.com/img/1934,,,,,Wings @ Valkyries,2026-10-03T01:00:00Z,Fri 09:00pm,N/A,N/A,ESPN2,,,10/2/2026,1.5,,,,No,,19.48,28,42.75,57.25,42.75,1.5,,0,,1.5,1.5,1.5,1.5,Best Bet
Kiah Stokes3-PTMade,Kiah Stokes3-PTMade1.5,WNBA,317423,Kiah Stokes,C,GSV,3-PT Made,1.5,TRUE,10/2/2026,12/30/1899,pre_game,WNBA,demon,https://static.prizepicks.com/images/players/WNBA/Kiah_Stokes_WNBA_player_ndf93Nxv7e15yD38rl5xBPni.webp,15371582,,,,,,,,,,,,Wings @ Valkyries,2026-10-03T01:00:00Z,Fri 09:00pm,N/A,N/A,ESPN2,,,10/2/2026,,,,,No,,18.53,21,,,,0,,0,,0,0,1.5,0,Push
Alysha Clark3-PTMade,Alysha Clark3-PTMade1.5,WNBA,333607,Alysha Clark,F,DAL,3-PT Made,1.5,TRUE,10/2/2026,12/30/1899,pre_game,WNBA,demon,https://static.prizepicks.com/images/manual/Alysha_Clark-removebg-preview.png,15382819,,,,,,,,,No,8.2,159.7,Wings @ Valkyries,2026-10-03T01:00:00Z,Fri 09:00pm,N/A,N/A,ESPN2,,,10/2/2026,,,,,No,GOL,9.55,5,,,,0,,0,,0,0,1.5,0,Push
Aziaha James3-PTMade,Aziaha James3-PTMade1.5,WNBA,245587,Aziaha James,G,DAL,3-PT Made,1.5,TRUE,10/2/2026,12/30/1899,pre_game,WNBA,demon,https://static.prizepicks.com/images/players/WNBA/Aziaha_James_WNBA_player_YTq6qCG2PgU73b0QUQItJH5H.webp,15382837,,,,,,,,,No,8.2,159.7,Wings @ Valkyries,2026-10-03T01:00:00Z,Fri 09:00pm,N/A,N/A,ESPN2,,,10/2/2026,,,,,No,GOL,12.64,12,,,,0,,0,,0,0,1.5,0,Push
Kayla ThorntonAssists,Kayla ThorntonAssists1.5,WNBA,238102,Kayla Thornton,F,GSV,Assists,1.5,TRUE,10/2/2026,12/30/1899,pre_game,WNBA,demon,https://static.prizepicks.com/images/players/WNBA/Kayla_Thornton_WNBA_player_LW0QKyGiDE0bVq5F3TkgEtm8.webp,15382868,,,,,,,https://www.freeiconspng.com/img/1934,,,,,Wings @ Valkyries,2026-10-03T01:00:00Z,Fri 09:00pm,N/A,N/A,ESPN2,,,10/2/2026,,,,,No,,19.04,28,,,,0,,0,,0,0,1,0.5,Push
Kayla ThorntonOffensiveRebounds,Kayla ThorntonOffensiveRebounds1.5,WNBA,238102,Kayla Thornton,F,GSV,Offensive Rebounds,1.5,TRUE,10/2/2026,12/30/1899,pre_game,WNBA,demon,https://static.prizepicks.com/images/players/WNBA/Kayla_Thornton_WNBA_player_LW0QKyGiDE0bVq5F3TkgEtm8.webp,15383033,,,,,,,,,,,,Wings @ Valkyries,2026-10-03T01:00:00Z,Fri 09:00pm,N/A,N/A,ESPN2,,,10/2/2026,,,,,No,,19.04,28,,,,0,,0,,0,0,1.5,1.5,Push
Kiah StokesOffensiveRebounds,Kiah StokesOffensiveRebounds1.5,WNBA,317423,Kiah Stokes,C,GSV,Offensive Rebounds,1.5,TRUE,10/2/2026,12/30/1899,pre_game,WNBA,demon,https://static.prizepicks.com/images/players/WNBA/Kiah_Stokes_WNBA_player_ndf93Nxv7e15yD38rl5xBPni.webp,15383034,,,,,,,,,,,,Wings @ Valkyries,2026-10-03T01:00:00Z,Fri 09:00pm,N/A,N/A,ESPN2,,,10/2/2026,,,,,No,,18.53,21,,,,0,,0,,0,0,1.5,0,Push
Tiffany Hayes3-PTMade,Tiffany Hayes3-PTMade1.5,WNBA,238101,Tiffany Hayes,G,GSV,3-PT Made,1.5,TRUE,10/2/2026,12/30/1899,pre_game,WNBA,demon,https://static.prizepicks.com/images/players/WNBA/Tiffany_Hayes_WNBA_player_JZ73QF6RKriqG7DeqAWWKcDH.webp,15383053,,,,,,,,,,,,Wings @ Valkyries,2026-10-03T01:00:00Z,Fri 09:00pm,N/A,N/A,ESPN2,,,10/2/2026,,,,,No,,13.79,20,,,,0,,0,,0,0,1.5,0,Push
Gabby WilliamsTurnovers,Gabby WilliamsTurnovers1.5,WNBA,316568,Gabby Williams,F,GSV,Turnovers,1.5,TRUE,10/2/2026,12/30/1899,pre_game,WNBA,demon,https://static.prizepicks.com/images/manual/Gabby Williams .png,15383136,,,,,,,,,,,,Wings @ Valkyries,2026-10-03T01:00:00Z,Fri 09:00pm,N/A,N/A,ESPN2,,,10/2/2026,,,,,No,,33.32,30,,,,0,,0,,0,0,1.5,0,Push
Veronica BurtonTurnovers,Veronica BurtonTurnovers1.5,WNBA,238261,Veronica Burton,G,GSV,Turnovers,1.5,TRUE,10/2/2026,12/30/1899,pre_game,WNBA,demon,https://static.prizepicks.com/images/players/WNBA/Veronica_Burton_WNBA_player_PgQhWXIUPjwd5ndjpucEaD8E.webp,15383141,,,,,,,,,,,,Wings @ Valkyries,2026-10-03T01:00:00Z,Fri 09:00pm,N/A,N/A,ESPN2,,,10/2/2026,,,,,No,,28.83,31,,,,0,,0,,0,0,1.5,0,Push
Paige BueckersBlks+Stls,Paige BueckersBlks+Stls1.5,WNBA,237836,Paige Bueckers,G,DAL,Blks+Stls,1.5,TRUE,10/2/2026,12/30/1899,pre_game,WNBA,demon,https://static.prizepicks.com/images/players/WNBA/Paige_Bueckers_WNBA_player_9Y8nnqPB9PRhUk1Zb4Mlsb5c.webp,15383147,,,,,,,,,No,8.2,159.7,Wings @ Valkyries,2026-10-03T01:00:00Z,Fri 09:00pm,N/A,N/A,ESPN2,,,10/2/2026,,,,,No,GOL,32.51,33,,,,0,,0,,0,0,1.5,0,Push
Arike OgunbowaleBlks+Stls,Arike OgunbowaleBlks+Stls1.5,WNBA,237835,Arike Ogunbowale,G,DAL,Blks+Stls,1.5,TRUE,10/2/2026,12/30/1899,pre_game,WNBA,demon,https://static.prizepicks.com/images/players/WNBA/Arike_Ogunbowale_WNBA_player_li5EkQnXby20K9Lhu8gX4Ygc.webp,15383435,,,,,,,,,No,8.2,159.7,Wings @ Valkyries,2026-10-03T01:00:00Z,Fri 09:00pm,N/A,N/A,ESPN2,,,10/2/2026,,,,,No,GOL,25.36,32,,,,0,,0,,0,0,1.5,0,Push
Kiah Stokes3-PTMade,Kiah Stokes3-PTMade0.5,WNBA,317423,Kiah Stokes,C,GSV,3-PT Made,0.5,TRUE,10/2/2026,12/30/1899,pre_game,WNBA,demon,https://static.prizepicks.com/images/players/WNBA/Kiah_Stokes_WNBA_player_ndf93Nxv7e15yD38rl5xBPni.webp,15371581,,,,,,,,,,,,Wings @ Valkyries,2026-10-03T01:00:00Z,Fri 09:00pm,N/A,N/A,ESPN2,,,10/2/2026,,,,,No,,18.53,21,,,,0,,0,,0,0,0.5,0,Push
Kayla ThorntonTurnovers,Kayla ThorntonTurnovers0.5,WNBA,238102,Kayla Thornton,F,GSV,Turnovers,0.5,TRUE,10/2/2026,12/30/1899,pre_game,WNBA,demon,https://static.prizepicks.com/images/players/WNBA/Kayla_Thornton_WNBA_player_LW0QKyGiDE0bVq5F3TkgEtm8.webp,15383139,,,,,,,,,,,,Wings @ Valkyries,2026-10-03T01:00:00Z,Fri 09:00pm,N/A,N/A,ESPN2,,,10/2/2026,,,,,No,,19.04,28,,,,0,,0,,0,0,0.5,0,Push
Janelle SalaünBlks+Stls,Janelle SalaünBlks+Stls0.5,WNBA,240424,Janelle Salaün,F,GSV,Blks+Stls,0.5,TRUE,10/2/2026,12/30/1899,pre_game,WNBA,demon,https://static.prizepicks.com/images/players/WNBA/Janelle_Sala%C3%BCn_WNBA_player_TJWeCgZ3Bq8UPDeH4ehDuDYm.webp,15383144,,,,,,,,,,,,Wings @ Valkyries,2026-10-03T01:00:00Z,Fri 09:00pm,N/A,N/A,ESPN2,,,10/2/2026,,,,,No,,19.48,28,,,,0,,0,,0,0,0.5,0,Push
Kayla ThorntonBlks+Stls,Kayla ThorntonBlks+Stls0.5,WNBA,238102,Kayla Thornton,F,GSV,Blks+Stls,0.5,TRUE,10/2/2026,12/30/1899,pre_game,WNBA,demon,https://static.prizepicks.com/images/players/WNBA/Kayla_Thornton_WNBA_player_LW0QKyGiDE0bVq5F3TkgEtm8.webp,15383146,,,,,,,,,,,,Wings @ Valkyries,2026-10-03T01:00:00Z,Fri 09:00pm,N/A,N/A,ESPN2,,,10/2/2026,,,,,No,,19.04,28,,,,0,,0,,0,0,0.5,0,Push
Jessica Shepard3-PTAttempted,Jessica Shepard3-PTAttempted0.5,WNBA,317279,Jessica Shepard,F,DAL,3-PT Attempted,0.5,TRUE,10/2/2026,12/30/1899,pre_game,WNBA,demon,https://static.prizepicks.com/images/manual/JessShep.png,15388632,,,,,,,,,No,8.2,159.7,Wings @ Valkyries,2026-10-03T01:00:00Z,Fri 09:00pm,N/A,N/A,ESPN2,,,10/2/2026,,,,,No,GOL,29.6,31,,,,0,,0,,0,0,0.5,0,Push
Gabby WilliamsFantasyScore,Gabby WilliamsFantasyScore28.5,WNBA,316568,Gabby Williams,F,GSV,Fantasy Score,28.5,TRUE,10/2/2026,12/30/1899,pre_game,WNBA,goblin,https://static.prizepicks.com/images/manual/Gabby Williams .png,15382295,,,,,,Over,,,,,,Wings @ Valkyries,2026-10-03T01:00:00Z,Fri 09:00pm,N/A,N/A,ESPN2,,,10/2/2026,33.32,,,,No,,33.32,30,64.79,35.21,64.79,33.32,,0,,33.32,33.32,32.7,35.05,Push
Paige BueckersFantasyScore,Paige BueckersFantasyScore27.5,WNBA,237836,Paige Bueckers,G,DAL,Fantasy Score,27.5,TRUE,10/2/2026,12/30/1899,pre_game,WNBA,goblin,https://static.prizepicks.com/images/players/WNBA/Paige_Bueckers_WNBA_player_9Y8nnqPB9PRhUk1Zb4Mlsb5c.webp,15382294,,,,,,Over,,,No,8.2,159.7,Wings @ Valkyries,2026-10-03T01:00:00Z,Fri 09:00pm,N/A,N/A,ESPN2,,,10/2/2026,32.51,,,,No,GOL,32.51,33,65.43,34.57,65.43,32.51,,0,,32.51,32.51,31.52,32.55,Push
Paige BueckersPts+Rebs+Asts,Paige BueckersPts+Rebs+Asts25.5,WNBA,237836,Paige Bueckers,G,DAL,Pts+Rebs+Asts,25.5,TRUE,10/2/2026,12/30/1899,pre_game,WNBA,goblin,https://static.prizepicks.com/images/players/WNBA/Paige_Bueckers_WNBA_player_9Y8nnqPB9PRhUk1Zb4Mlsb5c.webp,15393618,27.96,50.25,49.75,-8.06,50.25,Over,https://www.freeiconspng.com/img/1934,,No,8.2,159.7,Wings @ Valkyries,2026-10-03T01:00:00Z,Fri 09:00pm,N/A,N/A,ESPN2,,,10/2/2026,27.96,,,,No,GOL,32.51,33,50.72844115,49.27155885,50,27.96,,0,,27.96,27.96,27.34,0,Push
Veronica BurtonFantasyScore,Veronica BurtonFantasyScore25,WNBA,238261,Veronica Burton,G,GSV,Fantasy Score,25,TRUE,10/2/2026,12/30/1899,pre_game,WNBA,goblin,https://static.prizepicks.com/images/players/WNBA/Veronica_Burton_WNBA_player_PgQhWXIUPjwd5ndjpucEaD8E.webp,15382299,,,,,,Over,,,,,,Wings @ Valkyries,2026-10-03T01:00:00Z,Fri 09:00pm,N/A,N/A,ESPN2,,,10/2/2026,28.83,,,,No,,28.83,31,61.3,38.7,61.3,28.83,,0,,28.83,28.83,27.87,0,Push
Gabby WilliamsPts+Rebs+Asts,Gabby WilliamsPts+Rebs+Asts24.5,WNBA,316568,Gabby Williams,F,GSV,Pts+Rebs+Asts,24.5,TRUE,10/2/2026,12/30/1899,pre_game,WNBA,goblin,https://static.prizepicks.com/images/manual/Gabby Williams .png,15366365,27.5,48.33,51.67,-6.14,51.67,Over,https://www.freeiconspng.com/img/1934,,,,,Wings @ Valkyries,2026-10-03T01:00:00Z,Fri 09:00pm,N/A,N/A,ESPN2,,,10/2/2026,27.5,,,,No,,33.32,30,50.29612462,49.70387538,50,27.5,,0,,27.5,27.5,26.75,0,Push
Paige BueckersPts+Rebs+Asts,Paige BueckersPts+Rebs+Asts24.5,WNBA,237836,Paige Bueckers,G,DAL,Pts+Rebs+Asts,24.5,TRUE,10/2/2026,12/30/1899,pre_game,WNBA,goblin,https://static.prizepicks.com/images/players/WNBA/Paige_Bueckers_WNBA_player_9Y8nnqPB9PRhUk1Zb4Mlsb5c.webp,15367160,27.96,50.25,49.75,-8.06,50.25,Over,https://www.freeiconspng.com/img/1934,,No,8.2,159.7,Wings @ Valkyries,2026-10-03T01:00:00Z,Fri 09:00pm,N/A,N/A,ESPN2,,,10/2/2026,27.96,,,,No,GOL,32.51,33,51.51826755,48.48173245,50,27.96,,0,,27.96,27.96,27.09,0,Push
Jessica ShepardFantasyScore,Jessica ShepardFantasyScore23.5,WNBA,317279,Jessica Shepard,F,DAL,Fantasy Score,23.5,TRUE,10/2/2026,12/30/1899,pre_game,WNBA,goblin,https://static.prizepicks.com/images/manual/JessShep.png,15382288,,,,,,Over,,,No,8.2,159.7,Wings @ Valkyries,2026-10-03T01:00:00Z,Fri 09:00pm,N/A,N/A,ESPN2,,,10/2/2026,29.6,,,,No,GOL,29.6,31,68.55,31.45,68.55,29.6,,0,,29.6,29.6,28.08,0,Push
Jessica ShepardPts+Rebs+Asts,Jessica ShepardPts+Rebs+Asts22.5,WNBA,317279,Jessica Shepard,F,DAL,Pts+Rebs+Asts,22.5,TRUE,10/2/2026,12/30/1899,pre_game,WNBA,goblin,https://static.prizepicks.com/images/manual/JessShep.png,15390919,24.5,49.84,50.16,-7.65,50.16,Over,https://www.freeiconspng.com/img/1934,,No,8.2,159.7,Wings @ Valkyries,2026-10-03T01:00:00Z,Fri 09:00pm,N/A,N/A,ESPN2,,,10/2/2026,24.5,,,,No,GOL,29.6,31,50.19942507,49.80057493,50,24.5,,0,,24.5,24.5,24,0,Push
Arike OgunbowaleFantasyScore,Arike OgunbowaleFantasyScore21,WNBA,237835,Arike Ogunbowale,G,DAL,Fantasy Score,21,TRUE,10/2/2026,12/30/1899,pre_game,WNBA,goblin,https://static.prizepicks.com/images/players/WNBA/Arike_Ogunbowale_WNBA_player_li5EkQnXby20K9Lhu8gX4Ygc.webp,15382285,,,,,,Over,,,No,8.2,159.7,Wings @ Valkyries,2026-10-03T01:00:00Z,Fri 09:00pm,N/A,N/A,ESPN2,,,10/2/2026,25.36,,,,No,GOL,25.36,32,63.72,36.28,63.72,25.36,,0,,25.36,25.36,24.73,26.55,Push
Veronica BurtonPts+Rebs+Asts,Veronica BurtonPts+Rebs+Asts20.5,WNBA,238261,Veronica Burton,G,GSV,Pts+Rebs+Asts,20.5,TRUE,10/2/2026,12/30/1899,pre_game,WNBA,goblin,https://static.prizepicks.com/images/players/WNBA/Veronica_Burton_WNBA_player_PgQhWXIUPjwd5ndjpucEaD8E.webp,15388860,22.5,49.59,50.41,-7.4,50.41,Over,https://www.freeiconspng.com/img/1934,,,,,Wings @ Valkyries,2026-10-03T01:00:00Z,Fri 09:00pm,N/A,N/A,ESPN2,,,10/2/2026,22.5,,,,No,,28.83,31,50.09612037,49.90387963,50,22.5,,0,,22.5,22.5,22,0,Push
Paige BueckersPts+Asts,Paige BueckersPts+Asts19.5,WNBA,237836,Paige Bueckers,G,DAL,Pts+Asts,19.5,TRUE,10/2/2026,12/30/1899,pre_game,WNBA,goblin,https://static.prizepicks.com/images/players/WNBA/Paige_Bueckers_WNBA_player_9Y8nnqPB9PRhUk1Zb4Mlsb5c.webp,15364407,23.83,50.36,49.64,-8.17,50.36,Over,https://www.freeiconspng.com/img/1934,,No,8.2,159.7,Wings @ Valkyries,2026-10-03T01:00:00Z,Fri 09:00pm,N/A,N/A,ESPN2,,,10/2/2026,23.83,,,,No,GOL,32.51,33,52.41205254,47.58794746,52.41,23.83,,0,,23.83,23.83,22.75,0,Push
Paige BueckersPts+Rebs,Paige BueckersPts+Rebs19.5,WNBA,237836,Paige Bueckers,G,DAL,Pts+Rebs,19.5,TRUE,10/2/2026,12/30/1899,pre_game,WNBA,goblin,https://static.prizepicks.com/images/players/WNBA/Paige_Bueckers_WNBA_player_9Y8nnqPB9PRhUk1Zb4Mlsb5c.webp,15364421,23.14,49.48,50.52,-7.29,50.52,Over,https://www.freeiconspng.com/img/1934,,No,8.2,159.7,Wings @ Valkyries,2026-10-03T01:00:00Z,Fri 09:00pm,N/A,N/A,ESPN2,,,10/2/2026,23.14,,,,No,GOL,32.51,33,51.44053366,48.55946634,50,23.14,,0,,23.14,23.14,22.23,0,Push
Arike OgunbowalePts+Rebs+Asts,Arike OgunbowalePts+Rebs+Asts19.5,WNBA,237835,Arike Ogunbowale,G,DAL,Pts+Rebs+Asts,19.5,TRUE,10/2/2026,12/30/1899,pre_game,WNBA,goblin,https://static.prizepicks.com/images/players/WNBA/Arike_Ogunbowale_WNBA_player_li5EkQnXby20K9Lhu8gX4Ygc.webp,15364444,22.5,47.96,52.04,-5.77,52.04,Over,https://www.freeiconspng.com/img/1934,,No,8.2,159.7,Wings @ Valkyries,2026-10-03T01:00:00Z,Fri 09:00pm,N/A,N/A,ESPN2,,,10/2/2026,22.5,,,,No,GOL,25.36,32,50.21790705,49.78209295,50,22.5,,0,,22.5,22.5,21.75,0,Push
Veronica BurtonPts+Rebs+Asts,Veronica BurtonPts+Rebs+Asts19.5,WNBA,238261,Veronica Burton,G,GSV,Pts+Rebs+Asts,19.5,TRUE,10/2/2026,12/30/1899,pre_game,WNBA,goblin,https://static.prizepicks.com/images/players/WNBA/Veronica_Burton_WNBA_player_PgQhWXIUPjwd5ndjpucEaD8E.webp,15366345,22.5,49.59,50.41,-7.4,50.41,Over,https://www.freeiconspng.com/img/1934,,,,,Wings @ Valkyries,2026-10-03T01:00:00Z,Fri 09:00pm,N/A,N/A,ESPN2,,,10/2/2026,22.5,,,,No,,28.83,31,50.95140705,49.04859295,50,22.5,,0,,22.5,22.5,21.75,0,Push
Gabby WilliamsPts+Rebs,Gabby WilliamsPts+Rebs19.5,WNBA,316568,Gabby Williams,F,GSV,Pts+Rebs,19.5,TRUE,10/2/2026,12/30/1899,pre_game,WNBA,goblin,https://static.prizepicks.com/images/manual/Gabby Williams .png,15366355,23.75,48.57,51.43,-6.38,51.43,Over,https://www.freeiconspng.com/img/1934,,,,,Wings @ Valkyries,2026-10-03T01:00:00Z,Fri 09:00pm,N/A,N/A,ESPN2,,,10/2/2026,23.75,,,,No,,33.32,30,51.54011072,48.45988928,50,23.75,,0,,23.75,23.75,22.69,0,Push
Gabby WilliamsPts+Asts,Gabby WilliamsPts+Asts19.5,WNBA,316568,Gabby Williams,F,GSV,Pts+Asts,19.5,TRUE,10/2/2026,12/30/1899,pre_game,WNBA,goblin,https://static.prizepicks.com/images/manual/Gabby Williams .png,15366587,23.79,48.68,51.32,-6.27,51.32,Over,https://www.freeiconspng.com/img/1934,,,,,Wings @ Valkyries,2026-10-03T01:00:00Z,Fri 09:00pm,N/A,N/A,ESPN2,,,10/2/2026,23.79,,,,No,,33.32,30,51.62284113,48.37715887,50,23.79,,0,,23.79,23.79,22.72,0,Push
Jessica ShepardPts+Rebs+Asts,Jessica ShepardPts+Rebs+Asts19.5,WNBA,317279,Jessica Shepard,F,DAL,Pts+Rebs+Asts,19.5,TRUE,10/2/2026,12/30/1899,pre_game,WNBA,goblin,https://static.prizepicks.com/images/manual/JessShep.png,15367167,24.5,49.84,50.16,-7.65,50.16,Over,https://www.freeiconspng.com/img/1934,,No,8.2,159.7,Wings @ Valkyries,2026-10-03T01:00:00Z,Fri 09:00pm,N/A,N/A,ESPN2,,,10/2/2026,24.5,,,,No,GOL,29.6,31,52.73146988,47.26853012,52.73,24.5,,0,,24.5,24.5,23.25,0,Push
Gabby WilliamsPoints,Gabby WilliamsPoints18.5,WNBA,316568,Gabby Williams,F,GSV,Points,18.5,TRUE,10/2/2026,12/30/1899,pre_game,WNBA,goblin,https://static.prizepicks.com/images/manual/Gabby Williams .png,15365519,19.5,48.64,51.36,-6.45,51.36,Under,https://www.freeiconspng.com/img/1934,,,,,Wings @ Valkyries,2026-10-03T01:00:00Z,Fri 09:00pm,N/A,N/A,ESPN2,,,10/2/2026,19.5,,,,No,,33.32,30,48.80280967,51.19719033,50,19.5,,0,,19.5,19.5,19.3,19.5,Push
Paige BueckersPoints,Paige BueckersPoints17.5,WNBA,237836,Paige Bueckers,G,DAL,Points,17.5,TRUE,10/2/2026,12/30/1899,pre_game,WNBA,goblin,https://static.prizepicks.com/images/players/WNBA/Paige_Bueckers_WNBA_player_9Y8nnqPB9PRhUk1Zb4Mlsb5c.webp,15364466,19.15,49.31,50.69,-7.12,50.69,Under,https://www.freeiconspng.com/img/1934,,No,8.2,159.7,Wings @ Valkyries,2026-10-03T01:00:00Z,Fri 09:00pm,N/A,N/A,ESPN2,,,10/2/2026,19.15,,,,No,GOL,32.51,33,49.67463691,50.32536309,50,19.15,,0,,19.15,19.15,18.89,19.5,Push
Gabby WilliamsPoints,Gabby WilliamsPoints17.5,WNBA,316568,Gabby Williams,F,GSV,Points,17.5,TRUE,10/2/2026,12/30/1899,pre_game,WNBA,goblin,https://static.prizepicks.com/images/manual/Gabby Williams .png,15365526,19.5,48.64,51.36,-6.45,51.36,Under,https://www.freeiconspng.com/img/1934,,,,,Wings @ Valkyries,2026-10-03T01:00:00Z,Fri 09:00pm,N/A,N/A,ESPN2,,,10/2/2026,19.5,,,,No,,33.32,30,49.6846345,50.3153655,50,19.5,,0,,19.5,19.5,19.1,19.5,Push
Jessica ShepardRebs+Asts,Jessica ShepardRebs+Asts16.5,WNBA,317279,Jessica Shepard,F,DAL,Rebs+Asts,16.5,TRUE,10/2/2026,12/30/1899,pre_game,WNBA,goblin,https://static.prizepicks.com/images/manual/JessShep.png,15395146,14.75,49.47,50.53,-7.28,50.53,Under,https://www.freeiconspng.com/img/1934,,No,8.2,159.7,Wings @ Valkyries,2026-10-03T01:00:00Z,Fri 09:00pm,N/A,N/A,ESPN2,,,10/2/2026,14.75,,,,No,GOL,29.6,31,46.59423335,53.40576665,53.41,14.75,,0,,14.75,14.75,15.19,0,Push
Arike OgunbowalePts+Rebs,Arike OgunbowalePts+Rebs14.5,WNBA,237835,Arike Ogunbowale,G,DAL,Pts+Rebs,14.5,TRUE,10/2/2026,12/30/1899,pre_game,WNBA,goblin,https://static.prizepicks.com/images/players/WNBA/Arike_Ogunbowale_WNBA_player_li5EkQnXby20K9Lhu8gX4Ygc.webp,15364405,18.5,50.58,49.42,-8.39,50.58,Over,https://www.freeiconspng.com/img/1934,,No,8.2,159.7,Wings @ Valkyries,2026-10-03T01:00:00Z,Fri 09:00pm,N/A,N/A,ESPN2,,,10/2/2026,18.5,,,,No,GOL,25.36,32,52.44126267,47.55873733,52.44,18.5,,0,,18.5,18.5,17.5,0,Push
Jessica ShepardPts+Rebs,Jessica ShepardPts+Rebs14.5,WNBA,317279,Jessica Shepard,F,DAL,Pts+Rebs,14.5,TRUE,10/2/2026,12/30/1899,pre_game,WNBA,goblin,https://static.prizepicks.com/images/manual/JessShep.png,15364419,19.79,50.59,49.41,-7.11,50.59,Over,https://www.freeiconspng.com/img/1934,,No,8.2,159.7,Wings @ Valkyries,2026-10-03T01:00:00Z,Fri 09:00pm,N/A,N/A,ESPN2,,,10/2/2026,19.79,,,,No,GOL,29.6,31,53.61470801,46.38529199,53.61,19.79,,0,,19.79,19.79,18.47,0,Push
Arike OgunbowalePts+Asts,Arike OgunbowalePts+Asts14.5,WNBA,237835,Arike Ogunbowale,G,DAL,Pts+Asts,14.5,TRUE,10/2/2026,12/30/1899,pre_game,WNBA,goblin,https://static.prizepicks.com/images/players/WNBA/Arike_Ogunbowale_WNBA_player_li5EkQnXby20K9Lhu8gX4Ygc.webp,15364422,18.5,52.34,47.66,-10.15,52.34,Over,https://www.freeiconspng.com/img/1934,,No,8.2,159.7,Wings @ Valkyries,2026-10-03T01:00:00Z,Fri 09:00pm,N/A,N/A,ESPN2,,,10/2/2026,18.5,,,,No,GOL,25.36,32,53.23326267,46.76673733,53.23,18.5,,0,,18.5,18.5,17.5,0,Push
Arike OgunbowalePoints,Arike OgunbowalePoints14.5,WNBA,237835,Arike Ogunbowale,G,DAL,Points,14.5,TRUE,10/2/2026,12/30/1899,pre_game,WNBA,goblin,https://static.prizepicks.com/images/players/WNBA/Arike_Ogunbowale_WNBA_player_li5EkQnXby20K9Lhu8gX4Ygc.webp,15364450,15.5,49.37,50.63,-7.18,50.63,Under,https://www.freeiconspng.com/img/1934,,No,8.2,159.7,Wings @ Valkyries,2026-10-03T01:00:00Z,Fri 09:00pm,N/A,N/A,ESPN2,,,10/2/2026,15.5,,,,No,GOL,25.36,32,49.07963207,50.92036793,50,15.5,,0,,15.5,15.5,15.3,15.5,Push
Paige BueckersPoints,Paige BueckersPoints14.5,WNBA,237836,Paige Bueckers,G,DAL,Points,14.5,TRUE,10/2/2026,12/30/1899,pre_game,WNBA,goblin,https://static.prizepicks.com/images/players/WNBA/Paige_Bueckers_WNBA_player_9Y8nnqPB9PRhUk1Zb4Mlsb5c.webp,15364452,19.15,49.31,50.69,-7.12,50.69,Over,https://www.freeiconspng.com/img/1934,,No,8.2,159.7,Wings @ Valkyries,2026-10-03T01:00:00Z,Fri 09:00pm,N/A,N/A,ESPN2,,,10/2/2026,19.15,,,,No,GOL,32.51,33,52.46222481,47.53777519,52.46,19.15,,0,,19.15,19.15,18.29,19.5,Best Bet
Gabby WilliamsPoints,Gabby WilliamsPoints14.5,WNBA,316568,Gabby Williams,F,GSV,Points,14.5,TRUE,10/2/2026,12/30/1899,pre_game,WNBA,goblin,https://static.prizepicks.com/images/manual/Gabby Williams .png,15364867,19.5,48.64,51.36,-6.45,51.36,Over,https://www.freeiconspng.com/img/1934,,,,,Wings @ Valkyries,2026-10-03T01:00:00Z,Fri 09:00pm,N/A,N/A,ESPN2,,,10/2/2026,19.5,,,,No,,33.32,30,52.47684901,47.52315099,52.48,19.5,,0,,19.5,19.5,18.5,19.5,Best Bet
Veronica BurtonPts+Rebs,Veronica BurtonPts+Rebs14.5,WNBA,238261,Veronica Burton,G,GSV,Pts+Rebs,14.5,TRUE,10/2/2026,12/30/1899,pre_game,WNBA,goblin,https://static.prizepicks.com/images/players/WNBA/Veronica_Burton_WNBA_player_PgQhWXIUPjwd5ndjpucEaD8E.webp,15366357,16.5,46.86,53.14,-5.02,53.14,Under,https://www.freeiconspng.com/img/1934,,,,,Wings @ Valkyries,2026-10-03T01:00:00Z,Fri 09:00pm,N/A,N/A,ESPN2,,,10/2/2026,16.5,,,,No,,28.83,31,48.90325066,51.09674934,50,16.5,,0,,16.5,16.5,16,0,Push
Janelle SalaünPts+Rebs+Asts,Janelle SalaünPts+Rebs+Asts14.5,WNBA,240424,Janelle Salaün,F,GSV,Pts+Rebs+Asts,14.5,TRUE,10/2/2026,12/30/1899,pre_game,WNBA,goblin,https://static.prizepicks.com/images/players/WNBA/Janelle_Sala%C3%BCn_WNBA_player_TJWeCgZ3Bq8UPDeH4ehDuDYm.webp,15366604,16.38,49.38,50.62,-7.19,50.62,Under,https://www.freeiconspng.com/img/1934,,,,,Wings @ Valkyries,2026-10-03T01:00:00Z,Fri 09:00pm,N/A,N/A,ESPN2,,,10/2/2026,16.38,,,,No,,19.48,28,49.92357305,50.07642695,50,16.38,,0,,16.38,16.38,15.91,0,Push
Veronica BurtonPts+Asts,Veronica BurtonPts+Asts14.5,WNBA,238261,Veronica Burton,G,GSV,Pts+Asts,14.5,TRUE,10/2/2026,12/30/1899,pre_game,WNBA,goblin,https://static.prizepicks.com/images/players/WNBA/Veronica_Burton_WNBA_player_PgQhWXIUPjwd5ndjpucEaD8E.webp,15366613,18.5,49.79,50.21,-7.6,50.21,Over,https://www.freeiconspng.com/img/1934,,,,,Wings @ Valkyries,2026-10-03T01:00:00Z,Fri 09:00pm,N/A,N/A,ESPN2,,,10/2/2026,18.5,,,,No,,28.83,31,52.08576267,47.91423733,52.09,18.5,,0,,18.5,18.5,17.5,0,Push
Gabby WilliamsFGAttempted,Gabby WilliamsFGAttempted14.5,WNBA,316568,Gabby Williams,F,GSV,FG Attempted,14.5,TRUE,10/2/2026,12/30/1899,pre_game,WNBA,goblin,https://static.prizepicks.com/images/manual/Gabby Williams .png,15388631,,,,,,,,,,,,Wings @ Valkyries,2026-10-03T01:00:00Z,Fri 09:00pm,N/A,N/A,ESPN2,,,10/2/2026,,,,,No,,33.32,30,,,,0,,0,,0,0,15.5,16.5,Push
Awak KuierFantasyScore,Awak KuierFantasyScore14,WNBA,65822,Awak Kuier,F,DAL,Fantasy Score,14,TRUE,10/2/2026,12/30/1899,pre_game,WNBA,goblin,https://static.prizepicks.com/images/players/WNBA/Awak_Kuier_WNBA_player_zbz8CS8qtfJhA8khFf9GM1PD.webp,15382286,,,,,,Over,,,No,8.2,159.7,Wings @ Valkyries,2026-10-03T01:00:00Z,Fri 09:00pm,N/A,N/A,ESPN2,,,10/2/2026,18.94,,,,No,GOL,18.94,20,67.36,32.64,67.36,18.94,,0,,18.94,18.94,17.71,0,Push
Janelle SalaünFantasyScore,Janelle SalaünFantasyScore14,WNBA,240424,Janelle Salaün,F,GSV,Fantasy Score,14,TRUE,10/2/2026,12/30/1899,pre_game,WNBA,goblin,https://static.prizepicks.com/images/players/WNBA/Janelle_Sala%C3%BCn_WNBA_player_TJWeCgZ3Bq8UPDeH4ehDuDYm.webp,15395469,,,,,,Over,,,,,,Wings @ Valkyries,2026-10-03T01:00:00Z,Fri 09:00pm,N/A,N/A,ESPN2,,,10/2/2026,19.48,,,,No,,19.48,28,68.67,31.33,68.67,19.48,,0,,19.48,19.48,18.11,0,Push
Arike OgunbowalePoints,Arike OgunbowalePoints13.5,WNBA,237835,Arike Ogunbowale,G,DAL,Points,13.5,TRUE,10/2/2026,12/30/1899,pre_game,WNBA,goblin,https://static.prizepicks.com/images/players/WNBA/Arike_Ogunbowale_WNBA_player_li5EkQnXby20K9Lhu8gX4Ygc.webp,15365523,15.5,49.37,50.63,-7.18,50.63,Over,https://www.freeiconspng.com/img/1934,,No,8.2,159.7,Wings @ Valkyries,2026-10-03T01:00:00Z,Fri 09:00pm,N/A,N/A,ESPN2,,,10/2/2026,15.5,,,,No,GOL,25.36,32,50.04035599,49.95964401,50,15.5,,0,,15.5,15.5,15.1,15.5,Best Bet
Paige BueckersPoints,Paige BueckersPoints13.5,WNBA,237836,Paige Bueckers,G,DAL,Points,13.5,TRUE,10/2/2026,12/30/1899,pre_game,WNBA,goblin,https://static.prizepicks.com/images/players/WNBA/Paige_Bueckers_WNBA_player_9Y8nnqPB9PRhUk1Zb4Mlsb5c.webp,15365528,19.15,49.31,50.69,-7.12,50.69,Over,https://www.freeiconspng.com/img/1934,,No,8.2,159.7,Wings @ Valkyries,2026-10-03T01:00:00Z,Fri 09:00pm,N/A,N/A,ESPN2,,,10/2/2026,19.15,,,,No,GOL,32.51,33,53.44204403,46.55795597,53.44,19.15,,0,,19.15,19.15,18.09,19.5,Best Bet
Gabby WilliamsPoints,Gabby WilliamsPoints13.5,WNBA,316568,Gabby Williams,F,GSV,Points,13.5,TRUE,10/2/2026,12/30/1899,pre_game,WNBA,goblin,https://static.prizepicks.com/images/manual/Gabby Williams .png,15375788,19.5,48.64,51.36,-6.45,51.36,Over,https://www.freeiconspng.com/img/1934,,,,,Wings @ Valkyries,2026-10-03T01:00:00Z,Fri 09:00pm,N/A,N/A,ESPN2,,,10/2/2026,19.5,,,,No,,33.32,30,53.45690649,46.54309351,53.46,19.5,,0,,19.5,19.5,18.3,19.5,Best Bet
Paige BueckersFGAttempted,Paige BueckersFGAttempted13.5,WNBA,237836,Paige Bueckers,G,DAL,FG Attempted,13.5,TRUE,10/2/2026,12/30/1899,pre_game,WNBA,goblin,https://static.prizepicks.com/images/players/WNBA/Paige_Bueckers_WNBA_player_9Y8nnqPB9PRhUk1Zb4Mlsb5c.webp,15388639,,,,,,,,,No,8.2,159.7,Wings @ Valkyries,2026-10-03T01:00:00Z,Fri 09:00pm,N/A,N/A,ESPN2,,,10/2/2026,,,,,No,GOL,32.51,33,,,,0,,0,,0,0,14,14.5,Push
Paige BueckersPoints,Paige BueckersPoints12.5,WNBA,237836,Paige Bueckers,G,DAL,Points,12.5,TRUE,10/2/2026,12/30/1899,pre_game,WNBA,goblin,https://static.prizepicks.com/images/players/WNBA/Paige_Bueckers_WNBA_player_9Y8nnqPB9PRhUk1Zb4Mlsb5c.webp,15365521,19.15,49.31,50.69,-7.12,50.69,Over,https://www.freeiconspng.com/img/1934,,No,8.2,159.7,Wings @ Valkyries,2026-10-03T01:00:00Z,Fri 09:00pm,N/A,N/A,ESPN2,,,10/2/2026,19.15,,,,No,GOL,32.51,33,54.44729686,45.55270314,54.45,19.15,,0,,19.15,19.15,17.89,19.5,Ideal Bet
Arike OgunbowaleFGAttempted,Arike OgunbowaleFGAttempted12.5,WNBA,237835,Arike Ogunbowale,G,DAL,FG Attempted,12.5,TRUE,10/2/2026,12/30/1899,pre_game,WNBA,goblin,https://static.prizepicks.com/images/players/WNBA/Arike_Ogunbowale_WNBA_player_li5EkQnXby20K9Lhu8gX4Ygc.webp,15388628,,,,,,,,,No,8.2,159.7,Wings @ Valkyries,2026-10-03T01:00:00Z,Fri 09:00pm,N/A,N/A,ESPN2,,,10/2/2026,,,,,No,GOL,25.36,32,,,,0,,0,,0,0,12.5,12.5,Push
Kayla ThorntonFantasyScore,Kayla ThorntonFantasyScore12,WNBA,238102,Kayla Thornton,F,GSV,Fantasy Score,12,TRUE,10/2/2026,12/30/1899,pre_game,WNBA,goblin,https://static.prizepicks.com/images/players/WNBA/Kayla_Thornton_WNBA_player_LW0QKyGiDE0bVq5F3TkgEtm8.webp,15395547,,,,,,Over,,,,,,Wings @ Valkyries,2026-10-03T01:00:00Z,Fri 09:00pm,N/A,N/A,ESPN2,,,10/2/2026,19.04,,,,No,,19.04,28,72.02,27.98,72.02,19.04,,0,,19.04,19.04,17.28,0,Push
Arike OgunbowalePoints,Arike OgunbowalePoints11.5,WNBA,237835,Arike Ogunbowale,G,DAL,Points,11.5,TRUE,10/2/2026,12/30/1899,pre_game,WNBA,goblin,https://static.prizepicks.com/images/players/WNBA/Arike_Ogunbowale_WNBA_player_li5EkQnXby20K9Lhu8gX4Ygc.webp,15364459,15.5,49.37,50.63,-7.18,50.63,Over,https://www.freeiconspng.com/img/1934,,No,8.2,159.7,Wings @ Valkyries,2026-10-03T01:00:00Z,Fri 09:00pm,N/A,N/A,ESPN2,,,10/2/2026,15.5,,,,No,GOL,25.36,32,52.06167791,47.93832209,52.06,15.5,,0,,15.5,15.5,14.7,15.5,Best Bet
Veronica BurtonPoints,Veronica BurtonPoints11.5,WNBA,238261,Veronica Burton,G,GSV,Points,11.5,TRUE,10/2/2026,12/30/1899,pre_game,WNBA,goblin,https://static.prizepicks.com/images/players/WNBA/Veronica_Burton_WNBA_player_PgQhWXIUPjwd5ndjpucEaD8E.webp,15367985,12.5,48.18,51.82,-5.99,51.82,Under,https://www.freeiconspng.com/img/1934,,,,,Wings @ Valkyries,2026-10-03T01:00:00Z,Fri 09:00pm,N/A,N/A,ESPN2,,,10/2/2026,12.5,,,,No,,28.83,31,48.49292354,51.50707646,50,12.5,,0,,12.5,12.5,12.3,12.5,Push
Jessica ShepardRebs+Asts,Jessica ShepardRebs+Asts11.5,WNBA,317279,Jessica Shepard,F,DAL,Rebs+Asts,11.5,TRUE,10/2/2026,12/30/1899,pre_game,WNBA,goblin,https://static.prizepicks.com/images/manual/JessShep.png,15370827,14.75,49.47,50.53,-7.28,50.53,Over,https://www.freeiconspng.com/img/1934,,No,8.2,159.7,Wings @ Valkyries,2026-10-03T01:00:00Z,Fri 09:00pm,N/A,N/A,ESPN2,,,10/2/2026,14.75,,,,No,GOL,29.6,31,51.36417638,48.63582362,50,14.75,,0,,14.75,14.75,13.94,0,Push
Kayla ThorntonPts+Rebs+Asts,Kayla ThorntonPts+Rebs+Asts11.5,WNBA,238102,Kayla Thornton,F,GSV,Pts+Rebs+Asts,11.5,TRUE,10/2/2026,12/30/1899,pre_game,WNBA,goblin,https://static.prizepicks.com/images/players/WNBA/Kayla_Thornton_WNBA_player_LW0QKyGiDE0bVq5F3TkgEtm8.webp,15388683,13.5,50.55,49.45,-8.36,50.55,Over,https://www.freeiconspng.com/img/1934,,,,,Wings @ Valkyries,2026-10-03T01:00:00Z,Fri 09:00pm,N/A,N/A,ESPN2,,,10/2/2026,13.5,,,,No,,19.04,28,50.5886903,49.4113097,50,13.5,,0,,13.5,13.5,13,0,Push
Tiffany HayesPts+Rebs+Asts,Tiffany HayesPts+Rebs+Asts11.5,WNBA,238101,Tiffany Hayes,G,GSV,Pts+Rebs+Asts,11.5,TRUE,10/2/2026,12/30/1899,pre_game,WNBA,goblin,https://static.prizepicks.com/images/players/WNBA/Tiffany_Hayes_WNBA_player_JZ73QF6RKriqG7DeqAWWKcDH.webp,15394137,12.5,50.23,49.77,,50.23,Under,https://www.freeiconspng.com/img/1934,,,,,Wings @ Valkyries,2026-10-03T01:00:00Z,Fri 09:00pm,N/A,N/A,ESPN2,,,10/2/2026,12.5,,,,No,,13.79,20,49.41542354,50.58457646,50,12.5,,0,,12.5,12.5,12.25,0,Push
Tiffany HayesFantasyScore,Tiffany HayesFantasyScore11.5,WNBA,238101,Tiffany Hayes,G,GSV,Fantasy Score,11.5,TRUE,10/2/2026,12/30/1899,pre_game,WNBA,goblin,https://static.prizepicks.com/images/players/WNBA/Tiffany_Hayes_WNBA_player_JZ73QF6RKriqG7DeqAWWKcDH.webp,15395594,,,,,,Over,,,,,,Wings @ Valkyries,2026-10-03T01:00:00Z,Fri 09:00pm,N/A,N/A,ESPN2,,,10/2/2026,13.79,,,,No,,13.79,20,61.09,38.91,61.09,13.79,,0,,13.79,13.79,13.22,0,Push
Cecilia ZandalasiniPts+Rebs+Asts,Cecilia ZandalasiniPts+Rebs+Asts10.5,WNBA,249153,Cecilia Zandalasini,F,GSV,Pts+Rebs+Asts,10.5,TRUE,10/2/2026,12/30/1899,pre_game,WNBA,goblin,https://static.prizepicks.com/images/players/WNBA/Cecilia_Zandalasini_WNBA_player_J9EZms55fyBgGOFTRR36l10v.webp,15365472,11.13,50.64,49.36,-8.45,50.64,Under,https://www.freeiconspng.com/img/1934,,,,,Wings @ Valkyries,2026-10-03T01:00:00Z,Fri 09:00pm,N/A,N/A,ESPN2,,,10/2/2026,11.13,,,,No,,13.41,17,49.18255447,50.81744553,50,11.13,,0,,11.13,11.13,10.97,0,Push
Veronica BurtonPoints,Veronica BurtonPoints10.5,WNBA,238261,Veronica Burton,G,GSV,Points,10.5,TRUE,10/2/2026,12/30/1899,pre_game,WNBA,goblin,https://static.prizepicks.com/images/players/WNBA/Veronica_Burton_WNBA_player_PgQhWXIUPjwd5ndjpucEaD8E.webp,15366286,12.5,48.18,51.82,-5.99,51.82,Under,https://www.freeiconspng.com/img/1934,,,,,Wings @ Valkyries,2026-10-03T01:00:00Z,Fri 09:00pm,N/A,N/A,ESPN2,,,10/2/2026,12.5,,,,No,,28.83,31,49.53217268,50.46782732,50,12.5,,0,,12.5,12.5,12.1,12.5,Push
Kayla ThorntonPts+Rebs+Asts,Kayla ThorntonPts+Rebs+Asts9.5,WNBA,238102,Kayla Thornton,F,GSV,Pts+Rebs+Asts,9.5,TRUE,10/2/2026,12/30/1899,pre_game,WNBA,goblin,https://static.prizepicks.com/images/players/WNBA/Kayla_Thornton_WNBA_player_LW0QKyGiDE0bVq5F3TkgEtm8.webp,15364400,13.5,50.55,49.45,-8.36,50.55,Over,https://www.freeiconspng.com/img/1934,,,,,Wings @ Valkyries,2026-10-03T01:00:00Z,Fri 09:00pm,N/A,N/A,ESPN2,,,10/2/2026,13.5,,,,No,,19.04,28,52.73051717,47.26948283,52.73,13.5,,0,,13.5,13.5,12.5,0,Push
Arike OgunbowalePoints,Arike OgunbowalePoints9.5,WNBA,237835,Arike Ogunbowale,G,DAL,Points,9.5,TRUE,10/2/2026,12/30/1899,pre_game,WNBA,goblin,https://static.prizepicks.com/images/players/WNBA/Arike_Ogunbowale_WNBA_player_li5EkQnXby20K9Lhu8gX4Ygc.webp,15364451,15.5,49.37,50.63,-7.18,50.63,Over,https://www.freeiconspng.com/img/1934,,No,8.2,159.7,Wings @ Valkyries,2026-10-03T01:00:00Z,Fri 09:00pm,N/A,N/A,ESPN2,,,10/2/2026,15.5,,,,No,GOL,25.36,32,54.22269398,45.77730602,54.22,15.5,,0,,15.5,15.5,14.3,15.5,Ideal Bet
Jessica ShepardRebounds,Jessica ShepardRebounds9.5,WNBA,317279,Jessica Shepard,F,DAL,Rebounds,9.5,TRUE,10/2/2026,12/30/1899,pre_game,WNBA,goblin,https://static.prizepicks.com/images/manual/JessShep.png,15364837,10.19,48.44,51.56,,51.56,Under,https://www.freeiconspng.com/img/1934,,No,8.2,159.7,Wings @ Valkyries,2026-10-03T01:00:00Z,Fri 09:00pm,N/A,N/A,ESPN2,,,10/2/2026,10.19,,,,No,GOL,29.6,31,48.22315699,51.77684301,50,10.19,,0,,10.19,10.19,10.11,10.5,Push
Veronica BurtonPoints,Veronica BurtonPoints9.5,WNBA,238261,Veronica Burton,G,GSV,Points,9.5,TRUE,10/2/2026,12/30/1899,pre_game,WNBA,goblin,https://static.prizepicks.com/images/players/WNBA/Veronica_Burton_WNBA_player_PgQhWXIUPjwd5ndjpucEaD8E.webp,15364856,12.5,48.18,51.82,-5.99,51.82,Over,https://www.freeiconspng.com/img/1934,,,,,Wings @ Valkyries,2026-10-03T01:00:00Z,Fri 09:00pm,N/A,N/A,ESPN2,,,10/2/2026,12.5,,,,No,,28.83,31,50.61526022,49.38473978,50,12.5,,0,,12.5,12.5,11.9,12.5,Best Bet
Veronica BurtonRebs+Asts,Veronica BurtonRebs+Asts9.5,WNBA,238261,Veronica Burton,G,GSV,Rebs+Asts,9.5,TRUE,10/2/2026,12/30/1899,pre_game,WNBA,goblin,https://static.prizepicks.com/images/players/WNBA/Veronica_Burton_WNBA_player_PgQhWXIUPjwd5ndjpucEaD8E.webp,15365487,9.5,53.44,46.56,-3.46,53.44,Over,https://www.freeiconspng.com/img/1934,,,,,Wings @ Valkyries,2026-10-03T01:00:00Z,Fri 09:00pm,N/A,N/A,ESPN2,,,10/2/2026,9.5,,,,No,,28.83,31,53.44,46.56,53.44,9.5,,0,,9.5,9.5,9.5,0,Push
Janelle SalaünPoints,Janelle SalaünPoints9.5,WNBA,240424,Janelle Salaün,F,GSV,Points,9.5,TRUE,10/2/2026,12/30/1899,pre_game,WNBA,goblin,https://static.prizepicks.com/images/players/WNBA/Janelle_Sala%C3%BCn_WNBA_player_TJWeCgZ3Bq8UPDeH4ehDuDYm.webp,15366294,10.5,51.51,48.49,-9.32,51.51,Under,https://www.freeiconspng.com/img/1934,,,,,Wings @ Valkyries,2026-10-03T01:00:00Z,Fri 09:00pm,N/A,N/A,ESPN2,,,10/2/2026,10.5,,,,No,,19.48,28,49.94792892,50.05207108,50,10.5,,0,,10.5,10.5,10.3,10.5,Push
Kayla ThorntonPts+Rebs,Kayla ThorntonPts+Rebs9.5,WNBA,238102,Kayla Thornton,F,GSV,Pts+Rebs,9.5,TRUE,10/2/2026,12/30/1899,pre_game,WNBA,goblin,https://static.prizepicks.com/images/players/WNBA/Kayla_Thornton_WNBA_player_LW0QKyGiDE0bVq5F3TkgEtm8.webp,15366361,12.81,50.22,49.78,-8.03,50.22,Over,https://www.freeiconspng.com/img/1934,,,,,Wings @ Valkyries,2026-10-03T01:00:00Z,Fri 09:00pm,N/A,N/A,ESPN2,,,10/2/2026,12.81,,,,No,,19.04,28,51.86092078,48.13907922,50,12.81,,0,,12.81,12.81,11.98,0,Push
Janelle SalaünPts+Rebs,Janelle SalaünPts+Rebs9.5,WNBA,240424,Janelle Salaün,F,GSV,Pts+Rebs,9.5,TRUE,10/2/2026,12/30/1899,pre_game,WNBA,goblin,https://static.prizepicks.com/images/players/WNBA/Janelle_Sala%C3%BCn_WNBA_player_TJWeCgZ3Bq8UPDeH4ehDuDYm.webp,15366586,14.5,50.78,49.22,-8.59,50.78,Over,https://www.freeiconspng.com/img/1934,,,,,Wings @ Valkyries,2026-10-03T01:00:00Z,Fri 09:00pm,N/A,N/A,ESPN2,,,10/2/2026,14.5,,,,No,,19.48,28,53.85833019,46.14166981,53.86,14.5,,0,,14.5,14.5,13.25,0,Push
Kiah StokesPts+Rebs+Asts,Kiah StokesPts+Rebs+Asts9.5,WNBA,317423,Kiah Stokes,C,GSV,Pts+Rebs+Asts,9.5,TRUE,10/2/2026,12/30/1899,pre_game,WNBA,goblin,https://static.prizepicks.com/images/players/WNBA/Kiah_Stokes_WNBA_player_ndf93Nxv7e15yD38rl5xBPni.webp,15366596,10.5,51.41,48.59,-9.22,51.41,Under,https://www.freeiconspng.com/img/1934,,,,,Wings @ Valkyries,2026-10-03T01:00:00Z,Fri 09:00pm,N/A,N/A,ESPN2,,,10/2/2026,10.5,,,,No,,18.53,21,49.90292892,50.09707108,50,10.5,,0,,10.5,10.5,10.25,0,Push
Janelle SalaünPts+Asts,Janelle SalaünPts+Asts9.5,WNBA,240424,Janelle Salaün,F,GSV,Pts+Asts,9.5,TRUE,10/2/2026,12/30/1899,pre_game,WNBA,goblin,https://static.prizepicks.com/images/players/WNBA/Janelle_Sala%C3%BCn_WNBA_player_TJWeCgZ3Bq8UPDeH4ehDuDYm.webp,15366607,12.5,49.61,50.39,-7.42,50.39,Over,https://www.freeiconspng.com/img/1934,,,,,Wings @ Valkyries,2026-10-03T01:00:00Z,Fri 09:00pm,N/A,N/A,ESPN2,,,10/2/2026,12.5,,,,No,,19.48,28,51.25876022,48.74123978,50,12.5,,0,,12.5,12.5,11.75,0,Push
Cecilia ZandalasiniPts+Rebs+Asts,Cecilia ZandalasiniPts+Rebs+Asts9.5,WNBA,249153,Cecilia Zandalasini,F,GSV,Pts+Rebs+Asts,9.5,TRUE,10/2/2026,12/30/1899,pre_game,WNBA,goblin,https://static.prizepicks.com/images/players/WNBA/Cecilia_Zandalasini_WNBA_player_J9EZms55fyBgGOFTRR36l10v.webp,15366640,11.13,50.64,49.36,-8.45,50.64,Over,https://www.freeiconspng.com/img/1934,,,,,Wings @ Valkyries,2026-10-03T01:00:00Z,Fri 09:00pm,N/A,N/A,ESPN2,,,10/2/2026,11.13,,,,No,,13.41,17,50.24800556,49.75199444,50,11.13,,0,,11.13,11.13,10.72,0,Push
Jessica ShepardPts+Asts,Jessica ShepardPts+Asts9.5,WNBA,317279,Jessica Shepard,F,DAL,Pts+Asts,9.5,TRUE,10/2/2026,12/30/1899,pre_game,WNBA,goblin,https://static.prizepicks.com/images/manual/JessShep.png,15376136,14.5,50.01,49.99,-7.82,50.01,Over,https://www.freeiconspng.com/img/1934,,No,8.2,159.7,Wings @ Valkyries,2026-10-03T01:00:00Z,Fri 09:00pm,N/A,N/A,ESPN2,,,10/2/2026,14.5,,,,No,GOL,29.6,31,53.51183019,46.48816981,53.51,14.5,,0,,14.5,14.5,13.25,0,Push
Kaila CharlesPts+Rebs,Kaila CharlesPts+Rebs9.5,WNBA,259687,Kaila Charles,GF,GSV,Pts+Rebs,9.5,TRUE,10/2/2026,12/30/1899,pre_game,WNBA,goblin,https://static.prizepicks.com/images/players/NBA/Kaila_Charles_WNBA_player_vxM5bpXnub73N8SOOIjBxlFf.webp,15383613,,,,,,,,,,,,Wings @ Valkyries,2026-10-03T01:00:00Z,Fri 09:00pm,N/A,N/A,ESPN2,,,10/2/2026,,,,,No,,13.02,15,,,,0,,0,,0,0,9.5,0,Push
Paige BueckersRebs+Asts,Paige BueckersRebs+Asts8.5,WNBA,237836,Paige Bueckers,G,DAL,Rebs+Asts,8.5,TRUE,10/2/2026,12/30/1899,pre_game,WNBA,goblin,https://static.prizepicks.com/images/players/WNBA/Paige_Bueckers_WNBA_player_9Y8nnqPB9PRhUk1Zb4Mlsb5c.webp,15365494,8.94,50.07,49.93,-7.74,50.07,Under,https://www.freeiconspng.com/img/1934,,No,8.2,159.7,Wings @ Valkyries,2026-10-03T01:00:00Z,Fri 09:00pm,N/A,N/A,ESPN2,,,10/2/2026,8.94,,,,No,GOL,32.51,33,48.63008513,51.36991487,50,8.94,,0,,8.94,8.94,8.83,0,Push
Jessica ShepardRebounds,Jessica ShepardRebounds8.5,WNBA,317279,Jessica Shepard,F,DAL,Rebounds,8.5,TRUE,10/2/2026,12/30/1899,pre_game,WNBA,goblin,https://static.prizepicks.com/images/manual/JessShep.png,15365517,10.19,48.44,51.56,,51.56,Under,https://www.freeiconspng.com/img/1934,,No,8.2,159.7,Wings @ Valkyries,2026-10-03T01:00:00Z,Fri 09:00pm,N/A,N/A,ESPN2,,,10/2/2026,10.19,,,,No,GOL,29.6,31,49.32431625,50.67568375,50,10.19,,0,,10.19,10.19,9.91,10.5,Push
Jessica ShepardPoints,Jessica ShepardPoints8.5,WNBA,317279,Jessica Shepard,F,DAL,Points,8.5,TRUE,10/2/2026,12/30/1899,pre_game,WNBA,goblin,https://static.prizepicks.com/images/manual/JessShep.png,15365532,9.5,51.19,48.81,-9,51.19,Under,https://www.freeiconspng.com/img/1934,,No,8.2,159.7,Wings @ Valkyries,2026-10-03T01:00:00Z,Fri 09:00pm,N/A,N/A,ESPN2,,,10/2/2026,9.5,,,,No,GOL,29.6,31,49.77815285,50.22184715,50,9.5,,0,,9.5,9.5,9.3,9.5,Push
Janelle SalaünPoints,Janelle SalaünPoints8.5,WNBA,240424,Janelle Salaün,F,GSV,Points,8.5,TRUE,10/2/2026,12/30/1899,pre_game,WNBA,goblin,https://static.prizepicks.com/images/players/WNBA/Janelle_Sala%C3%BCn_WNBA_player_TJWeCgZ3Bq8UPDeH4ehDuDYm.webp,15367179,10.5,51.51,48.49,-9.32,51.51,Over,https://www.freeiconspng.com/img/1934,,,,,Wings @ Valkyries,2026-10-03T01:00:00Z,Fri 09:00pm,N/A,N/A,ESPN2,,,10/2/2026,10.5,,,,No,,19.48,28,51.05419299,48.94580701,50,10.5,,0,,10.5,10.5,10.1,10.5,Best Bet
Tiffany HayesPoints,Tiffany HayesPoints8.5,WNBA,238101,Tiffany Hayes,G,GSV,Points,8.5,TRUE,10/2/2026,12/30/1899,pre_game,WNBA,goblin,https://static.prizepicks.com/images/players/WNBA/Tiffany_Hayes_WNBA_player_JZ73QF6RKriqG7DeqAWWKcDH.webp,15389240,8.75,48.08,51.92,,51.92,Under,https://www.freeiconspng.com/img/1934,,,,,Wings @ Valkyries,2026-10-03T01:00:00Z,Fri 09:00pm,N/A,N/A,ESPN2,,,10/2/2026,8.75,,,,No,,13.79,20,47.50642221,52.49357779,52.49,8.75,,0,,8.75,8.75,8.65,8.5,Push
Kiah StokesPts+Rebs+Asts,Kiah StokesPts+Rebs+Asts8.5,WNBA,317423,Kiah Stokes,C,GSV,Pts+Rebs+Asts,8.5,TRUE,10/2/2026,12/30/1899,pre_game,WNBA,goblin,https://static.prizepicks.com/images/players/WNBA/Kiah_Stokes_WNBA_player_ndf93Nxv7e15yD38rl5xBPni.webp,15389258,10.5,51.41,48.59,-9.22,51.41,Over,https://www.freeiconspng.com/img/1934,,,,,Wings @ Valkyries,2026-10-03T01:00:00Z,Fri 09:00pm,N/A,N/A,ESPN2,,,10/2/2026,10.5,,,,No,,18.53,21,51.00919299,48.99080701,50,10.5,,0,,10.5,10.5,10,0,Push
Gabby WilliamsRebs+Asts,Gabby WilliamsRebs+Asts7.5,WNBA,316568,Gabby Williams,F,GSV,Rebs+Asts,7.5,TRUE,10/2/2026,12/30/1899,pre_game,WNBA,goblin,https://static.prizepicks.com/images/manual/Gabby Williams .png,15364817,7.83,50.65,49.35,-11.43,50.65,Under,https://www.freeiconspng.com/img/1934,,,,,Wings @ Valkyries,2026-10-03T01:00:00Z,Fri 09:00pm,N/A,N/A,ESPN2,,,10/2/2026,7.83,,,,No,,33.32,30,48.70338291,51.29661709,50,7.83,,0,,7.83,7.83,7.75,0,Push
Jessica ShepardRebounds,Jessica ShepardRebounds7.5,WNBA,317279,Jessica Shepard,F,DAL,Rebounds,7.5,TRUE,10/2/2026,12/30/1899,pre_game,WNBA,goblin,https://static.prizepicks.com/images/manual/JessShep.png,15364911,10.19,48.44,51.56,,51.56,Over,https://www.freeiconspng.com/img/1934,,No,8.2,159.7,Wings @ Valkyries,2026-10-03T01:00:00Z,Fri 09:00pm,N/A,N/A,ESPN2,,,10/2/2026,10.19,,,,No,GOL,29.6,31,50.48163519,49.51836481,50,10.19,,0,,10.19,10.19,9.71,10.5,Best Bet
Jessica ShepardPoints,Jessica ShepardPoints7.5,WNBA,317279,Jessica Shepard,F,DAL,Points,7.5,TRUE,10/2/2026,12/30/1899,pre_game,WNBA,goblin,https://static.prizepicks.com/images/manual/JessShep.png,15365525,9.5,51.19,48.81,-9,51.19,Over,https://www.freeiconspng.com/img/1934,,No,8.2,159.7,Wings @ Valkyries,2026-10-03T01:00:00Z,Fri 09:00pm,N/A,N/A,ESPN2,,,10/2/2026,9.5,,,,No,GOL,29.6,31,50.92429132,49.07570868,50,9.5,,0,,9.5,9.5,9.1,9.5,Best Bet
Janelle SalaünPoints,Janelle SalaünPoints7.5,WNBA,240424,Janelle Salaün,F,GSV,Points,7.5,TRUE,10/2/2026,12/30/1899,pre_game,WNBA,goblin,https://static.prizepicks.com/images/players/WNBA/Janelle_Sala%C3%BCn_WNBA_player_TJWeCgZ3Bq8UPDeH4ehDuDYm.webp,15366293,10.5,51.51,48.49,-9.32,51.51,Over,https://www.freeiconspng.com/img/1934,,,,,Wings @ Valkyries,2026-10-03T01:00:00Z,Fri 09:00pm,N/A,N/A,ESPN2,,,10/2/2026,10.5,,,,No,,19.48,28,52.2157718,47.7842282,52.22,10.5,,0,,10.5,10.5,9.9,10.5,Best Bet
Veronica BurtonPoints,Veronica BurtonPoints7.5,WNBA,238261,Veronica Burton,G,GSV,Points,7.5,TRUE,10/2/2026,12/30/1899,pre_game,WNBA,goblin,https://static.prizepicks.com/images/players/WNBA/Veronica_Burton_WNBA_player_PgQhWXIUPjwd5ndjpucEaD8E.webp,15366296,12.5,48.18,51.82,-5.99,51.82,Over,https://www.freeiconspng.com/img/1934,,,,,Wings @ Valkyries,2026-10-03T01:00:00Z,Fri 09:00pm,N/A,N/A,ESPN2,,,10/2/2026,12.5,,,,No,,28.83,31,52.92303361,47.07696639,52.92,12.5,,0,,12.5,12.5,11.5,12.5,Best Bet
Paige BueckersRebs+Asts,Paige BueckersRebs+Asts7.5,WNBA,237836,Paige Bueckers,G,DAL,Rebs+Asts,7.5,TRUE,10/2/2026,12/30/1899,pre_game,WNBA,goblin,https://static.prizepicks.com/images/players/WNBA/Paige_Bueckers_WNBA_player_9Y8nnqPB9PRhUk1Zb4Mlsb5c.webp,15370830,8.94,50.07,49.93,-7.74,50.07,Under,https://www.freeiconspng.com/img/1934,,No,8.2,159.7,Wings @ Valkyries,2026-10-03T01:00:00Z,Fri 09:00pm,N/A,N/A,ESPN2,,,10/2/2026,8.94,,,,No,GOL,32.51,33,49.76537261,50.23462739,50,8.94,,0,,8.94,8.94,8.58,0,Push
Veronica BurtonRebs+Asts,Veronica BurtonRebs+Asts7.5,WNBA,238261,Veronica Burton,G,GSV,Rebs+Asts,7.5,TRUE,10/2/2026,12/30/1899,pre_game,WNBA,goblin,https://static.prizepicks.com/images/players/WNBA/Veronica_Burton_WNBA_player_PgQhWXIUPjwd5ndjpucEaD8E.webp,15373296,9.5,53.44,46.56,-3.46,53.44,Over,https://www.freeiconspng.com/img/1934,,,,,Wings @ Valkyries,2026-10-03T01:00:00Z,Fri 09:00pm,N/A,N/A,ESPN2,,,10/2/2026,9.5,,,,No,,28.83,31,51.93679132,48.06320868,50,9.5,,0,,9.5,9.5,9,0,Push
Tiffany HayesPoints,Tiffany HayesPoints7.5,WNBA,238101,Tiffany Hayes,G,GSV,Points,7.5,TRUE,10/2/2026,12/30/1899,pre_game,WNBA,goblin,https://static.prizepicks.com/images/players/WNBA/Tiffany_Hayes_WNBA_player_JZ73QF6RKriqG7DeqAWWKcDH.webp,15383727,8.75,48.08,51.92,,51.92,Under,https://www.freeiconspng.com/img/1934,,,,,Wings @ Valkyries,2026-10-03T01:00:00Z,Fri 09:00pm,N/A,N/A,ESPN2,,,10/2/2026,8.75,,,,No,,13.79,20,48.64572029,51.35427971,50,8.75,,0,,8.75,8.75,8.45,8.5,Push
Veronica BurtonFGAttempted,Veronica BurtonFGAttempted7.5,WNBA,238261,Veronica Burton,G,GSV,FG Attempted,7.5,TRUE,10/2/2026,12/30/1899,pre_game,WNBA,goblin,https://static.prizepicks.com/images/players/WNBA/Veronica_Burton_WNBA_player_PgQhWXIUPjwd5ndjpucEaD8E.webp,15388642,,,,,,,,,,,,Wings @ Valkyries,2026-10-03T01:00:00Z,Fri 09:00pm,N/A,N/A,ESPN2,,,10/2/2026,,,,,No,,28.83,31,,,,0,,0,,0,0,8.5,9.5,Push
Jessica ShepardPoints,Jessica ShepardPoints6.5,WNBA,317279,Jessica Shepard,F,DAL,Points,6.5,TRUE,10/2/2026,12/30/1899,pre_game,WNBA,goblin,https://static.prizepicks.com/images/manual/JessShep.png,15365530,9.5,51.19,48.81,-9,51.19,Over,https://www.freeiconspng.com/img/1934,,No,8.2,159.7,Wings @ Valkyries,2026-10-03T01:00:00Z,Fri 09:00pm,N/A,N/A,ESPN2,,,10/2/2026,9.5,,,,No,GOL,29.6,31,52.13370701,47.86629299,52.13,9.5,,0,,9.5,9.5,8.9,9.5,Best Bet
Kayla ThorntonPoints,Kayla ThorntonPoints6.5,WNBA,238102,Kayla Thornton,F,GSV,Points,6.5,TRUE,10/2/2026,12/30/1899,pre_game,WNBA,goblin,https://static.prizepicks.com/images/players/WNBA/Kayla_Thornton_WNBA_player_LW0QKyGiDE0bVq5F3TkgEtm8.webp,15366299,7.5,51.57,48.43,-9.38,51.57,Under,https://www.freeiconspng.com/img/1934,,,,,Wings @ Valkyries,2026-10-03T01:00:00Z,Fri 09:00pm,N/A,N/A,ESPN2,,,10/2/2026,7.5,,,,No,,19.04,28,49.88590531,50.11409469,50,7.5,,0,,7.5,7.5,7.3,7.5,Push
Cecilia ZandalasiniPoints,Cecilia ZandalasiniPoints6.5,WNBA,249153,Cecilia Zandalasini,F,GSV,Points,6.5,TRUE,10/2/2026,12/30/1899,pre_game,WNBA,goblin,https://static.prizepicks.com/images/players/WNBA/Cecilia_Zandalasini_WNBA_player_J9EZms55fyBgGOFTRR36l10v.webp,15366659,7.5,49.67,50.33,-7.48,50.33,Under,https://www.freeiconspng.com/img/1934,,,,,Wings @ Valkyries,2026-10-03T01:00:00Z,Fri 09:00pm,N/A,N/A,ESPN2,,,10/2/2026,7.5,,,,No,,13.41,17,49.03090531,50.96909469,50,7.5,,0,,7.5,7.5,7.3,7.5,Push
Janelle SalaünFGAttempted,Janelle SalaünFGAttempted6.5,WNBA,240424,Janelle Salaün,F,GSV,FG Attempted,6.5,TRUE,10/2/2026,12/30/1899,pre_game,WNBA,goblin,https://static.prizepicks.com/images/players/WNBA/Janelle_Sala%C3%BCn_WNBA_player_TJWeCgZ3Bq8UPDeH4ehDuDYm.webp,15388635,,,,,,,,,,,,Wings @ Valkyries,2026-10-03T01:00:00Z,Fri 09:00pm,N/A,N/A,ESPN2,,,10/2/2026,,,,,No,,19.48,28,,,,0,,0,,0,0,7.5,8.5,Push
Kiah StokesRebounds,Kiah StokesRebounds5.5,WNBA,317423,Kiah Stokes,C,GSV,Rebounds,5.5,TRUE,10/2/2026,12/30/1899,pre_game,WNBA,goblin,https://static.prizepicks.com/images/players/WNBA/Kiah_Stokes_WNBA_player_ndf93Nxv7e15yD38rl5xBPni.webp,15364875,5.73,51.82,48.18,-9.27,51.82,Under,https://www.freeiconspng.com/img/1934,,,,,Wings @ Valkyries,2026-10-03T01:00:00Z,Fri 09:00pm,N/A,N/A,ESPN2,,,10/2/2026,5.73,,,,No,,18.53,21,48.10685621,51.89314379,50,5.73,,0,,5.73,5.73,5.64,5.5,Push
Veronica BurtonAssists,Veronica BurtonAssists5.5,WNBA,238261,Veronica Burton,G,GSV,Assists,5.5,TRUE,10/2/2026,12/30/1899,pre_game,WNBA,goblin,https://static.prizepicks.com/images/players/WNBA/Veronica_Burton_WNBA_player_PgQhWXIUPjwd5ndjpucEaD8E.webp,15365477,6.13,47.76,52.24,-11.75,52.24,Under,https://www.freeiconspng.com/img/1934,,,,,Wings @ Valkyries,2026-10-03T01:00:00Z,Fri 09:00pm,N/A,N/A,ESPN2,,,10/2/2026,6.13,,,,No,,28.83,31,47.64677546,52.35322454,52.35,6.13,,0,,6.13,6.13,6.08,6.5,Push
Jessica ShepardPoints,Jessica ShepardPoints5.5,WNBA,317279,Jessica Shepard,F,DAL,Points,5.5,TRUE,10/2/2026,12/30/1899,pre_game,WNBA,goblin,https://static.prizepicks.com/images/manual/JessShep.png,15365531,9.5,51.19,48.81,-9,51.19,Over,https://www.freeiconspng.com/img/1934,,No,8.2,159.7,Wings @ Valkyries,2026-10-03T01:00:00Z,Fri 09:00pm,N/A,N/A,ESPN2,,,10/2/2026,9.5,,,,No,GOL,29.6,31,53.41286928,46.58713072,53.41,9.5,,0,,9.5,9.5,8.7,9.5,Best Bet
Kayla ThorntonPoints,Kayla ThorntonPoints5.5,WNBA,238102,Kayla Thornton,F,GSV,Points,5.5,TRUE,10/2/2026,12/30/1899,pre_game,WNBA,goblin,https://static.prizepicks.com/images/players/WNBA/Kayla_Thornton_WNBA_player_LW0QKyGiDE0bVq5F3TkgEtm8.webp,15366308,7.5,51.57,48.43,-9.38,51.57,Over,https://www.freeiconspng.com/img/1934,,,,,Wings @ Valkyries,2026-10-03T01:00:00Z,Fri 09:00pm,N/A,N/A,ESPN2,,,10/2/2026,7.5,,,,No,,19.04,28,51.13047851,48.86952149,50,7.5,,0,,7.5,7.5,7.1,7.5,Best Bet
Janelle SalaünPoints,Janelle SalaünPoints5.5,WNBA,240424,Janelle Salaün,F,GSV,Points,5.5,TRUE,10/2/2026,12/30/1899,pre_game,WNBA,goblin,https://static.prizepicks.com/images/players/WNBA/Janelle_Sala%C3%BCn_WNBA_player_TJWeCgZ3Bq8UPDeH4ehDuDYm.webp,15366311,10.5,51.51,48.49,-9.32,51.51,Over,https://www.freeiconspng.com/img/1934,,,,,Wings @ Valkyries,2026-10-03T01:00:00Z,Fri 09:00pm,N/A,N/A,ESPN2,,,10/2/2026,10.5,,,,No,,19.48,28,54.72413733,45.27586267,54.72,10.5,,0,,10.5,10.5,9.5,10.5,Ideal Bet
Cecilia ZandalasiniPoints,Cecilia ZandalasiniPoints5.5,WNBA,249153,Cecilia Zandalasini,F,GSV,Points,5.5,TRUE,10/2/2026,12/30/1899,pre_game,WNBA,goblin,https://static.prizepicks.com/images/players/WNBA/Cecilia_Zandalasini_WNBA_player_J9EZms55fyBgGOFTRR36l10v.webp,15366617,7.5,49.67,50.33,-7.48,50.33,Over,https://www.freeiconspng.com/img/1934,,,,,Wings @ Valkyries,2026-10-03T01:00:00Z,Fri 09:00pm,N/A,N/A,ESPN2,,,10/2/2026,7.5,,,,No,,13.41,17,50.27547851,49.72452149,50,7.5,,0,,7.5,7.5,7.1,7.5,Best Bet
Kayla ThorntonRebs+Asts,Kayla ThorntonRebs+Asts5.5,WNBA,238102,Kayla Thornton,F,GSV,Rebs+Asts,5.5,TRUE,10/2/2026,12/30/1899,pre_game,WNBA,goblin,https://static.prizepicks.com/images/players/WNBA/Kayla_Thornton_WNBA_player_LW0QKyGiDE0bVq5F3TkgEtm8.webp,15373823,6,50.15,49.85,-7.96,50.15,Under,https://www.freeiconspng.com/img/1934,,,,,Wings @ Valkyries,2026-10-03T01:00:00Z,Fri 09:00pm,N/A,N/A,ESPN2,,,10/2/2026,6,,,,No,,19.04,28,48.5507896,51.4492104,50,6,,0,,6,6,5.88,0,Push
Tiffany HayesPoints,Tiffany HayesPoints5.5,WNBA,238101,Tiffany Hayes,G,GSV,Points,5.5,TRUE,10/2/2026,12/30/1899,pre_game,WNBA,goblin,https://static.prizepicks.com/images/players/WNBA/Tiffany_Hayes_WNBA_player_JZ73QF6RKriqG7DeqAWWKcDH.webp,15383576,8.75,48.08,51.92,,51.92,Over,https://www.freeiconspng.com/img/1934,,,,,Wings @ Valkyries,2026-10-03T01:00:00Z,Fri 09:00pm,N/A,N/A,ESPN2,,,10/2/2026,8.75,,,,No,,13.79,20,51.11174454,48.88825546,50,8.75,,0,,8.75,8.75,8.05,8.5,Best Bet
Arike Ogunbowale3-PTAttempted,Arike Ogunbowale3-PTAttempted5.5,WNBA,237835,Arike Ogunbowale,G,DAL,3-PT Attempted,5.5,TRUE,10/2/2026,12/30/1899,pre_game,WNBA,goblin,https://static.prizepicks.com/images/players/WNBA/Arike_Ogunbowale_WNBA_player_li5EkQnXby20K9Lhu8gX4Ygc.webp,15388641,,,,,,,,,No,8.2,159.7,Wings @ Valkyries,2026-10-03T01:00:00Z,Fri 09:00pm,N/A,N/A,ESPN2,,,10/2/2026,,,,,No,GOL,25.36,32,,,,0,,0,,0,0,5.5,0,Push
Gabby Williams3-PTAttempted,Gabby Williams3-PTAttempted5.5,WNBA,316568,Gabby Williams,F,GSV,3-PT Attempted,5.5,TRUE,10/2/2026,12/30/1899,pre_game,WNBA,goblin,https://static.prizepicks.com/images/manual/Gabby Williams .png,15388646,,,,,,,,,,,,Wings @ Valkyries,2026-10-03T01:00:00Z,Fri 09:00pm,N/A,N/A,ESPN2,,,10/2/2026,,,,,No,,33.32,30,,,,0,,0,,0,0,5.5,0,Push
Gabby WilliamsTwoPointersMade,Gabby WilliamsTwoPointersMade5.5,WNBA,316568,Gabby Williams,F,GSV,Two Pointers Made,5.5,TRUE,10/2/2026,12/30/1899,pre_game,WNBA,goblin,https://static.prizepicks.com/images/manual/Gabby Williams .png,15388656,,,,,,,,,,,,Wings @ Valkyries,2026-10-03T01:00:00Z,Fri 09:00pm,N/A,N/A,ESPN2,,,10/2/2026,,,,,No,,33.32,30,,,,0,,0,,0,0,5.5,0,Push
Jessica ShepardFGAttempted,Jessica ShepardFGAttempted5.5,WNBA,317279,Jessica Shepard,F,DAL,FG Attempted,5.5,TRUE,10/2/2026,12/30/1899,pre_game,WNBA,goblin,https://static.prizepicks.com/images/manual/JessShep.png,15388668,,,,,,,,,No,8.2,159.7,Wings @ Valkyries,2026-10-03T01:00:00Z,Fri 09:00pm,N/A,N/A,ESPN2,,,10/2/2026,,,,,No,GOL,29.6,31,,,,0,,0,,0,0,6.5,7.5,Push
Arike OgunbowaleRebs+Asts,Arike OgunbowaleRebs+Asts5.5,WNBA,237835,Arike Ogunbowale,G,DAL,Rebs+Asts,5.5,TRUE,10/2/2026,12/30/1899,pre_game,WNBA,goblin,https://static.prizepicks.com/images/players/WNBA/Arike_Ogunbowale_WNBA_player_li5EkQnXby20K9Lhu8gX4Ygc.webp,15390844,6.5,49.69,50.31,-7.5,50.31,Under,https://www.freeiconspng.com/img/1934,,No,8.2,159.7,Wings @ Valkyries,2026-10-03T01:00:00Z,Fri 09:00pm,N/A,N/A,ESPN2,,,10/2/2026,6.5,,,,No,GOL,25.36,32,48.9999761,51.0000239,50,6.5,,0,,6.5,6.5,6.25,0,Push
Paige BueckersAssists,Paige BueckersAssists4.5,WNBA,237836,Paige Bueckers,G,DAL,Assists,4.5,TRUE,10/2/2026,12/30/1899,pre_game,WNBA,goblin,https://static.prizepicks.com/images/players/WNBA/Paige_Bueckers_WNBA_player_9Y8nnqPB9PRhUk1Zb4Mlsb5c.webp,15364790,4.5,53.81,46.19,,53.81,Over,https://www.freeiconspng.com/img/1934,,No,8.2,159.7,Wings @ Valkyries,2026-10-03T01:00:00Z,Fri 09:00pm,N/A,N/A,ESPN2,,,10/2/2026,4.5,,,,No,GOL,32.51,33,53.81,46.19,53.81,4.5,,0,,4.5,4.5,4.5,4.5,Push
Cecilia ZandalasiniPoints,Cecilia ZandalasiniPoints4.5,WNBA,249153,Cecilia Zandalasini,F,GSV,Points,4.5,TRUE,10/2/2026,12/30/1899,pre_game,WNBA,goblin,https://static.prizepicks.com/images/players/WNBA/Cecilia_Zandalasini_WNBA_player_J9EZms55fyBgGOFTRR36l10v.webp,15364815,7.5,49.67,50.33,-7.48,50.33,Over,https://www.freeiconspng.com/img/1934,,,,,Wings @ Valkyries,2026-10-03T01:00:00Z,Fri 09:00pm,N/A,N/A,ESPN2,,,10/2/2026,7.5,,,,No,,13.41,17,51.6073909,48.3926091,50,7.5,,0,,7.5,7.5,6.9,7.5,Best Bet
Kayla ThorntonPoints,Kayla ThorntonPoints4.5,WNBA,238102,Kayla Thornton,F,GSV,Points,4.5,TRUE,10/2/2026,12/30/1899,pre_game,WNBA,goblin,https://static.prizepicks.com/images/players/WNBA/Kayla_Thornton_WNBA_player_LW0QKyGiDE0bVq5F3TkgEtm8.webp,15364826,7.5,51.57,48.43,-9.38,51.57,Over,https://www.freeiconspng.com/img/1934,,,,,Wings @ Valkyries,2026-10-03T01:00:00Z,Fri 09:00pm,N/A,N/A,ESPN2,,,10/2/2026,7.5,,,,No,,19.04,28,52.4623909,47.5376091,52.46,7.5,,0,,7.5,7.5,6.9,7.5,Best Bet
Alysha ClarkPoints,Alysha ClarkPoints4.5,WNBA,333607,Alysha Clark,F,DAL,Points,4.5,TRUE,10/2/2026,12/30/1899,pre_game,WNBA,goblin,https://static.prizepicks.com/images/manual/Alysha_Clark-removebg-preview.png,15364829,5.5,48.9,51.1,-6.71,51.1,Under,https://www.freeiconspng.com/img/1934,,No,8.2,159.7,Wings @ Valkyries,2026-10-03T01:00:00Z,Fri 09:00pm,N/A,N/A,ESPN2,,,10/2/2026,5.5,,,,No,GOL,9.55,5,48.5962515,51.4037485,50,5.5,,0,,5.5,5.5,5.3,5.5,Push
Aziaha JamesPoints,Aziaha JamesPoints4.5,WNBA,245587,Aziaha James,G,DAL,Points,4.5,TRUE,10/2/2026,12/30/1899,pre_game,WNBA,goblin,https://static.prizepicks.com/images/players/WNBA/Aziaha_James_WNBA_player_YTq6qCG2PgU73b0QUQItJH5H.webp,15364872,5.78,48.94,51.06,-6.75,51.06,Under,https://www.freeiconspng.com/img/1934,,No,8.2,159.7,Wings @ Valkyries,2026-10-03T01:00:00Z,Fri 09:00pm,N/A,N/A,ESPN2,,,10/2/2026,5.78,,,,No,GOL,12.64,12,48.99840733,51.00159267,50,5.78,,0,,5.78,5.78,5.27,4.5,Push
Kiah StokesRebounds,Kiah StokesRebounds4.5,WNBA,317423,Kiah Stokes,C,GSV,Rebounds,4.5,TRUE,10/2/2026,12/30/1899,pre_game,WNBA,goblin,https://static.prizepicks.com/images/players/WNBA/Kiah_Stokes_WNBA_player_ndf93Nxv7e15yD38rl5xBPni.webp,15365463,5.73,51.82,48.18,-9.27,51.82,Over,https://www.freeiconspng.com/img/1934,,,,,Wings @ Valkyries,2026-10-03T01:00:00Z,Fri 09:00pm,N/A,N/A,ESPN2,,,10/2/2026,5.73,,,,No,,18.53,21,50.22607099,49.77392901,50,5.73,,0,,5.73,5.73,5.44,5.5,Best Bet
Veronica BurtonAssists,Veronica BurtonAssists4.5,WNBA,238261,Veronica Burton,G,GSV,Assists,4.5,TRUE,10/2/2026,12/30/1899,pre_game,WNBA,goblin,https://static.prizepicks.com/images/players/WNBA/Veronica_Burton_WNBA_player_PgQhWXIUPjwd5ndjpucEaD8E.webp,15365480,6.13,47.76,52.24,-11.75,52.24,Under,https://www.freeiconspng.com/img/1934,,,,,Wings @ Valkyries,2026-10-03T01:00:00Z,Fri 09:00pm,N/A,N/A,ESPN2,,,10/2/2026,6.13,,,,No,,28.83,31,48.9425493,51.0574507,50,6.13,,0,,6.13,6.13,5.88,6.5,Push
Kayla ThorntonRebounds,Kayla ThorntonRebounds4.5,WNBA,238102,Kayla Thornton,F,GSV,Rebounds,4.5,TRUE,10/2/2026,12/30/1899,pre_game,WNBA,goblin,https://static.prizepicks.com/images/players/WNBA/Kayla_Thornton_WNBA_player_LW0QKyGiDE0bVq5F3TkgEtm8.webp,15365496,4.75,51.76,48.24,-14.45,51.76,Under,https://www.freeiconspng.com/img/1934,,,,,Wings @ Valkyries,2026-10-03T01:00:00Z,Fri 09:00pm,N/A,N/A,ESPN2,,,10/2/2026,4.75,,,,No,,19.04,28,48.01395878,51.98604122,50,4.75,,0,,4.75,4.75,4.65,4.5,Push
Kayla ThorntonPts+Asts,Kayla ThorntonPts+Asts4.5,WNBA,238102,Kayla Thornton,F,GSV,Pts+Asts,4.5,TRUE,10/2/2026,12/30/1899,pre_game,WNBA,goblin,https://static.prizepicks.com/images/players/WNBA/Kayla_Thornton_WNBA_player_LW0QKyGiDE0bVq5F3TkgEtm8.webp,15366583,8.5,50.78,49.22,-8.59,50.78,Over,https://www.freeiconspng.com/img/1934,,,,,Wings @ Valkyries,2026-10-03T01:00:00Z,Fri 09:00pm,N/A,N/A,ESPN2,,,10/2/2026,8.5,,,,No,,19.04,28,53.36942115,46.63057885,53.37,8.5,,0,,8.5,8.5,7.5,0,Push
Arike OgunbowaleRebs+Asts,Arike OgunbowaleRebs+Asts4.5,WNBA,237835,Arike Ogunbowale,G,DAL,Rebs+Asts,4.5,TRUE,10/2/2026,12/30/1899,pre_game,WNBA,goblin,https://static.prizepicks.com/images/players/WNBA/Arike_Ogunbowale_WNBA_player_li5EkQnXby20K9Lhu8gX4Ygc.webp,15369717,6.5,49.69,50.31,-7.5,50.31,Over,https://www.freeiconspng.com/img/1934,,No,8.2,159.7,Wings @ Valkyries,2026-10-03T01:00:00Z,Fri 09:00pm,N/A,N/A,ESPN2,,,10/2/2026,6.5,,,,No,GOL,25.36,32,50.30720538,49.69279462,50,6.5,,0,,6.5,6.5,6,0,Push
Janelle SalaünRebs+Asts,Janelle SalaünRebs+Asts4.5,WNBA,240424,Janelle Salaün,F,GSV,Rebs+Asts,4.5,TRUE,10/2/2026,12/30/1899,pre_game,WNBA,goblin,https://static.prizepicks.com/images/players/WNBA/Janelle_Sala%C3%BCn_WNBA_player_TJWeCgZ3Bq8UPDeH4ehDuDYm.webp,15376123,5.5,45.32,54.68,-4.17,54.68,Under,https://www.freeiconspng.com/img/1934,,,,,Wings @ Valkyries,2026-10-03T01:00:00Z,Fri 09:00pm,N/A,N/A,ESPN2,,,10/2/2026,5.5,,,,No,,19.48,28,46.9852515,53.0147485,53.01,5.5,,0,,5.5,5.5,5.25,0,Push
Jessica ShepardAssists,Jessica ShepardAssists4.5,WNBA,317279,Jessica Shepard,F,DAL,Assists,4.5,TRUE,10/2/2026,12/30/1899,pre_game,WNBA,goblin,https://static.prizepicks.com/images/manual/JessShep.png,15379712,4.5,51,49,-8.81,51,Over,https://www.freeiconspng.com/img/1934,,No,8.2,159.7,Wings @ Valkyries,2026-10-03T01:00:00Z,Fri 09:00pm,N/A,N/A,ESPN2,,,10/2/2026,4.5,,,,No,GOL,29.6,31,51,49,51,4.5,,0,,4.5,4.5,4.5,4.5,Push
Kaila CharlesPoints,Kaila CharlesPoints4.5,WNBA,259687,Kaila Charles,GF,GSV,Points,4.5,TRUE,10/2/2026,12/30/1899,pre_game,WNBA,goblin,https://static.prizepicks.com/images/players/NBA/Kaila_Charles_WNBA_player_vxM5bpXnub73N8SOOIjBxlFf.webp,15382808,5.5,49.68,50.32,-2.51,50.32,Under,https://www.freeiconspng.com/img/1934,,,,,Wings @ Valkyries,2026-10-03T01:00:00Z,Fri 09:00pm,N/A,N/A,ESPN2,,,10/2/2026,5.5,,,,No,,13.02,15,48.9472515,51.0527485,50,5.5,,0,,5.5,5.5,5.3,5.5,Push
Tiffany HayesPoints,Tiffany HayesPoints4.5,WNBA,238101,Tiffany Hayes,G,GSV,Points,4.5,TRUE,10/2/2026,12/30/1899,pre_game,WNBA,goblin,https://static.prizepicks.com/images/players/WNBA/Tiffany_Hayes_WNBA_player_JZ73QF6RKriqG7DeqAWWKcDH.webp,15382871,8.75,48.08,51.92,,51.92,Over,https://www.freeiconspng.com/img/1934,,,,,Wings @ Valkyries,2026-10-03T01:00:00Z,Fri 09:00pm,N/A,N/A,ESPN2,,,10/2/2026,8.75,,,,No,,13.79,20,52.46274688,47.53725312,52.46,8.75,,0,,8.75,8.75,7.85,8.5,Best Bet
Aziaha JamesPts+Asts,Aziaha JamesPts+Asts4.5,WNBA,245587,Aziaha James,G,DAL,Pts+Asts,4.5,TRUE,10/2/2026,12/30/1899,pre_game,WNBA,goblin,https://static.prizepicks.com/images/players/WNBA/Aziaha_James_WNBA_player_YTq6qCG2PgU73b0QUQItJH5H.webp,15383718,,,,,,,https://www.freeiconspng.com/img/1934,,No,8.2,159.7,Wings @ Valkyries,2026-10-03T01:00:00Z,Fri 09:00pm,N/A,N/A,ESPN2,,,10/2/2026,,,,,No,GOL,12.64,12,,,,0,,0,,0,0,4.5,0,Push
Paige Bueckers3-PTAttempted,Paige Bueckers3-PTAttempted4.5,WNBA,237836,Paige Bueckers,G,DAL,3-PT Attempted,4.5,TRUE,10/2/2026,12/30/1899,pre_game,WNBA,goblin,https://static.prizepicks.com/images/players/WNBA/Paige_Bueckers_WNBA_player_9Y8nnqPB9PRhUk1Zb4Mlsb5c.webp,15388658,,,,,,,,,No,8.2,159.7,Wings @ Valkyries,2026-10-03T01:00:00Z,Fri 09:00pm,N/A,N/A,ESPN2,,,10/2/2026,,,,,No,GOL,32.51,33,,,,0,,0,,0,0,4.5,0,Push
Paige BueckersAssists,Paige BueckersAssists3.5,WNBA,237836,Paige Bueckers,G,DAL,Assists,3.5,TRUE,10/2/2026,12/30/1899,pre_game,WNBA,goblin,https://static.prizepicks.com/images/players/WNBA/Paige_Bueckers_WNBA_player_9Y8nnqPB9PRhUk1Zb4Mlsb5c.webp,15364822,4.5,53.81,46.19,,53.81,Over,https://www.freeiconspng.com/img/1934,,No,8.2,159.7,Wings @ Valkyries,2026-10-03T01:00:00Z,Fri 09:00pm,N/A,N/A,ESPN2,,,10/2/2026,4.5,,,,No,GOL,32.51,33,50.74542547,49.25457453,50,4.5,,0,,4.5,4.5,4.3,4.5,Best Bet
Gabby WilliamsAssists,Gabby WilliamsAssists3.5,WNBA,316568,Gabby Williams,F,GSV,Assists,3.5,TRUE,10/2/2026,12/30/1899,pre_game,WNBA,goblin,https://static.prizepicks.com/images/manual/Gabby Williams .png,15364828,3.5,56.64,43.36,-2.21,56.64,Over,https://www.freeiconspng.com/img/1934,,,,,Wings @ Valkyries,2026-10-03T01:00:00Z,Fri 09:00pm,N/A,N/A,ESPN2,,,10/2/2026,3.5,,,,No,,33.32,30,56.64,43.36,56.64,3.5,,0,,3.5,3.5,3.5,3.5,Push
Paige BueckersRebounds,Paige BueckersRebounds3.5,WNBA,237836,Paige Bueckers,G,DAL,Rebounds,3.5,TRUE,10/2/2026,12/30/1899,pre_game,WNBA,goblin,https://static.prizepicks.com/images/players/WNBA/Paige_Bueckers_WNBA_player_9Y8nnqPB9PRhUk1Zb4Mlsb5c.webp,15364833,4.21,47.93,52.07,-10.48,52.07,Under,https://www.freeiconspng.com/img/1934,,No,8.2,159.7,Wings @ Valkyries,2026-10-03T01:00:00Z,Fri 09:00pm,N/A,N/A,ESPN2,,,10/2/2026,4.21,,,,No,GOL,32.51,33,47.66973567,52.33026433,52.33,4.21,,0,,4.21,4.21,4.13,4.5,Push
Gabby WilliamsRebounds,Gabby WilliamsRebounds3.5,WNBA,316568,Gabby Williams,F,GSV,Rebounds,3.5,TRUE,10/2/2026,12/30/1899,pre_game,WNBA,goblin,https://static.prizepicks.com/images/manual/Gabby Williams .png,15365478,3.5,54.54,45.46,,54.54,Over,https://www.freeiconspng.com/img/1934,,,,,Wings @ Valkyries,2026-10-03T01:00:00Z,Fri 09:00pm,N/A,N/A,ESPN2,,,10/2/2026,3.5,,,,No,,33.32,30,54.54,45.46,54.54,3.5,,0,,3.5,3.5,3.5,3.5,Push
Kiah StokesRebounds,Kiah StokesRebounds3.5,WNBA,317423,Kiah Stokes,C,GSV,Rebounds,3.5,TRUE,10/2/2026,12/30/1899,pre_game,WNBA,goblin,https://static.prizepicks.com/images/players/WNBA/Kiah_Stokes_WNBA_player_ndf93Nxv7e15yD38rl5xBPni.webp,15365512,5.73,51.82,48.18,-9.27,51.82,Over,https://www.freeiconspng.com/img/1934,,,,,Wings @ Valkyries,2026-10-03T01:00:00Z,Fri 09:00pm,N/A,N/A,ESPN2,,,10/2/2026,5.73,,,,No,,18.53,21,51.6176468,48.3823532,50,5.73,,0,,5.73,5.73,5.24,5.5,Best Bet
Jessica ShepardAssists,Jessica ShepardAssists3.5,WNBA,317279,Jessica Shepard,F,DAL,Assists,3.5,TRUE,10/2/2026,12/30/1899,pre_game,WNBA,goblin,https://static.prizepicks.com/images/manual/JessShep.png,15366301,4.5,51,49,-8.81,51,Under,https://www.freeiconspng.com/img/1934,,No,8.2,159.7,Wings @ Valkyries,2026-10-03T01:00:00Z,Fri 09:00pm,N/A,N/A,ESPN2,,,10/2/2026,4.5,,,,No,GOL,29.6,31,49.48092547,50.51907453,50,4.5,,0,,4.5,4.5,4.3,4.5,Push
Kayla ThorntonRebounds,Kayla ThorntonRebounds3.5,WNBA,238102,Kayla Thornton,F,GSV,Rebounds,3.5,TRUE,10/2/2026,12/30/1899,pre_game,WNBA,goblin,https://static.prizepicks.com/images/players/WNBA/Kayla_Thornton_WNBA_player_LW0QKyGiDE0bVq5F3TkgEtm8.webp,15366360,4.75,51.76,48.24,-14.45,51.76,Over,https://www.freeiconspng.com/img/1934,,,,,Wings @ Valkyries,2026-10-03T01:00:00Z,Fri 09:00pm,N/A,N/A,ESPN2,,,10/2/2026,4.75,,,,No,,19.04,28,50.1893799,49.8106201,50,4.75,,0,,4.75,4.75,4.45,4.5,Best Bet
Kaila CharlesRebounds,Kaila CharlesRebounds3.5,WNBA,259687,Kaila Charles,GF,GSV,Rebounds,3.5,TRUE,10/2/2026,12/30/1899,pre_game,WNBA,goblin,https://static.prizepicks.com/images/players/NBA/Kaila_Charles_WNBA_player_vxM5bpXnub73N8SOOIjBxlFf.webp,15382809,3.5,57.31,42.69,-2.04,57.31,Over,https://www.freeiconspng.com/img/1934,,,,,Wings @ Valkyries,2026-10-03T01:00:00Z,Fri 09:00pm,N/A,N/A,ESPN2,,,10/2/2026,3.5,,,,No,,13.02,15,57.31,42.69,57.31,3.5,,0,,3.5,3.5,3.7,4.5,Push
Kayla ThorntonDefensiveRebounds,Kayla ThorntonDefensiveRebounds3.5,WNBA,238102,Kayla Thornton,F,GSV,Defensive Rebounds,3.5,TRUE,10/2/2026,12/30/1899,pre_game,WNBA,goblin,https://static.prizepicks.com/images/players/WNBA/Kayla_Thornton_WNBA_player_LW0QKyGiDE0bVq5F3TkgEtm8.webp,15383036,,,,,,,,,,,,Wings @ Valkyries,2026-10-03T01:00:00Z,Fri 09:00pm,N/A,N/A,ESPN2,,,10/2/2026,,,,,No,,19.04,28,,,,0,,0,,0,0,3.5,0,Push
Janelle SalaünFGMade,Janelle SalaünFGMade3.5,WNBA,240424,Janelle Salaün,F,GSV,FG Made,3.5,TRUE,10/2/2026,12/30/1899,pre_game,WNBA,goblin,https://static.prizepicks.com/images/players/WNBA/Janelle_Sala%C3%BCn_WNBA_player_TJWeCgZ3Bq8UPDeH4ehDuDYm.webp,15388615,,,,,,,,,,,,Wings @ Valkyries,2026-10-03T01:00:00Z,Fri 09:00pm,N/A,N/A,ESPN2,,,10/2/2026,,,,,No,,19.48,28,,,,0,,0,,0,0,3.5,0,Push
Gabby WilliamsFreeThrowsAttempted,Gabby WilliamsFreeThrowsAttempted3.5,WNBA,316568,Gabby Williams,F,GSV,Free Throws Attempted,3.5,TRUE,10/2/2026,12/30/1899,pre_game,WNBA,goblin,https://static.prizepicks.com/images/manual/Gabby Williams .png,15388643,,,,,,,,,,,,Wings @ Valkyries,2026-10-03T01:00:00Z,Fri 09:00pm,N/A,N/A,ESPN2,,,10/2/2026,,,,,No,,33.32,30,,,,0,,0,,0,0,3.5,0,Push
Janelle Salaün3-PTAttempted,Janelle Salaün3-PTAttempted3.5,WNBA,240424,Janelle Salaün,F,GSV,3-PT Attempted,3.5,TRUE,10/2/2026,12/30/1899,pre_game,WNBA,goblin,https://static.prizepicks.com/images/players/WNBA/Janelle_Sala%C3%BCn_WNBA_player_TJWeCgZ3Bq8UPDeH4ehDuDYm.webp,15388649,,,,,,,,,,,,Wings @ Valkyries,2026-10-03T01:00:00Z,Fri 09:00pm,N/A,N/A,ESPN2,,,10/2/2026,,,,,No,,19.48,28,,,,0,,0,,0,0,3.5,0,Push
Veronica Burton3-PTAttempted,Veronica Burton3-PTAttempted3.5,WNBA,238261,Veronica Burton,G,GSV,3-PT Attempted,3.5,TRUE,10/2/2026,12/30/1899,pre_game,WNBA,goblin,https://static.prizepicks.com/images/players/WNBA/Veronica_Burton_WNBA_player_PgQhWXIUPjwd5ndjpucEaD8E.webp,15388653,,,,,,,,,,,,Wings @ Valkyries,2026-10-03T01:00:00Z,Fri 09:00pm,N/A,N/A,ESPN2,,,10/2/2026,,,,,No,,28.83,31,,,,0,,0,,0,0,3.5,0,Push
Janelle SalaünRebounds,Janelle SalaünRebounds2.5,WNBA,240424,Janelle Salaün,F,GSV,Rebounds,2.5,TRUE,10/2/2026,12/30/1899,pre_game,WNBA,goblin,https://static.prizepicks.com/images/players/WNBA/Janelle_Sala%C3%BCn_WNBA_player_TJWeCgZ3Bq8UPDeH4ehDuDYm.webp,15364424,3.5,52.11,47.89,,52.11,Under,https://www.freeiconspng.com/img/1934,,,,,Wings @ Valkyries,2026-10-03T01:00:00Z,Fri 09:00pm,N/A,N/A,ESPN2,,,10/2/2026,3.5,,,,No,,19.48,28,49.9008721,50.0991279,50,3.5,,0,,3.5,3.5,3.3,3.5,Push
Arike OgunbowaleRebounds,Arike OgunbowaleRebounds2.5,WNBA,237835,Arike Ogunbowale,G,DAL,Rebounds,2.5,TRUE,10/2/2026,12/30/1899,pre_game,WNBA,goblin,https://static.prizepicks.com/images/players/WNBA/Arike_Ogunbowale_WNBA_player_li5EkQnXby20K9Lhu8gX4Ygc.webp,15364873,3,49.4,50.6,-11.99,50.6,Under,https://www.freeiconspng.com/img/1934,,No,8.2,159.7,Wings @ Valkyries,2026-10-03T01:00:00Z,Fri 09:00pm,N/A,N/A,ESPN2,,,10/2/2026,3,,,,No,GOL,25.36,32,47.87126853,52.12873147,52.13,3,,0,,3,3,3,3.5,Push
Arike OgunbowaleAssists,Arike OgunbowaleAssists2.5,WNBA,237835,Arike Ogunbowale,G,DAL,Assists,2.5,TRUE,10/2/2026,12/30/1899,pre_game,WNBA,goblin,https://static.prizepicks.com/images/players/WNBA/Arike_Ogunbowale_WNBA_player_li5EkQnXby20K9Lhu8gX4Ygc.webp,15365451,3.5,44.96,55.04,,55.04,Under,https://www.freeiconspng.com/img/1934,,No,8.2,159.7,Wings @ Valkyries,2026-10-03T01:00:00Z,Fri 09:00pm,N/A,N/A,ESPN2,,,10/2/2026,3.5,,,,No,GOL,25.36,32,46.6833721,53.3166279,53.32,3.5,,0,,3.5,3.5,3.3,3.5,Push
Gabby WilliamsRebounds,Gabby WilliamsRebounds2.5,WNBA,316568,Gabby Williams,F,GSV,Rebounds,2.5,TRUE,10/2/2026,12/30/1899,pre_game,WNBA,goblin,https://static.prizepicks.com/images/manual/Gabby Williams .png,15365453,3.5,54.54,45.46,,54.54,Over,https://www.freeiconspng.com/img/1934,,,,,Wings @ Valkyries,2026-10-03T01:00:00Z,Fri 09:00pm,N/A,N/A,ESPN2,,,10/2/2026,3.5,,,,No,,33.32,30,50.9943721,49.0056279,50,3.5,,0,,3.5,3.5,3.3,3.5,Best Bet
Paige BueckersRebounds,Paige BueckersRebounds2.5,WNBA,237836,Paige Bueckers,G,DAL,Rebounds,2.5,TRUE,10/2/2026,12/30/1899,pre_game,WNBA,goblin,https://static.prizepicks.com/images/players/WNBA/Paige_Bueckers_WNBA_player_9Y8nnqPB9PRhUk1Zb4Mlsb5c.webp,15365467,4.21,47.93,52.07,-10.48,52.07,Under,https://www.freeiconspng.com/img/1934,,No,8.2,159.7,Wings @ Valkyries,2026-10-03T01:00:00Z,Fri 09:00pm,N/A,N/A,ESPN2,,,10/2/2026,4.21,,,,No,GOL,32.51,33,49.13544197,50.86455803,50,4.21,,0,,4.21,4.21,3.93,4.5,Push
Gabby WilliamsAssists,Gabby WilliamsAssists2.5,WNBA,316568,Gabby Williams,F,GSV,Assists,2.5,TRUE,10/2/2026,12/30/1899,pre_game,WNBA,goblin,https://static.prizepicks.com/images/manual/Gabby Williams .png,15365479,3.5,56.64,43.36,-2.21,56.64,Over,https://www.freeiconspng.com/img/1934,,,,,Wings @ Valkyries,2026-10-03T01:00:00Z,Fri 09:00pm,N/A,N/A,ESPN2,,,10/2/2026,3.5,,,,No,,33.32,30,51.9393721,48.0606279,50,3.5,,0,,3.5,3.5,3.3,3.5,Best Bet
Veronica BurtonRebounds,Veronica BurtonRebounds2.5,WNBA,238261,Veronica Burton,G,GSV,Rebounds,2.5,TRUE,10/2/2026,12/30/1899,pre_game,WNBA,goblin,https://static.prizepicks.com/images/players/WNBA/Veronica_Burton_WNBA_player_PgQhWXIUPjwd5ndjpucEaD8E.webp,15365492,3.5,52.11,47.89,-9.92,52.11,Under,https://www.freeiconspng.com/img/1934,,,,,Wings @ Valkyries,2026-10-03T01:00:00Z,Fri 09:00pm,N/A,N/A,ESPN2,,,10/2/2026,3.5,,,,No,,28.83,31,49.9008721,50.0991279,50,3.5,,0,,3.5,3.5,3.3,3.5,Push
Kiah StokesPoints,Kiah StokesPoints2.5,WNBA,317423,Kiah Stokes,C,GSV,Points,2.5,TRUE,10/2/2026,12/30/1899,pre_game,WNBA,goblin,https://static.prizepicks.com/images/players/WNBA/Kiah_Stokes_WNBA_player_ndf93Nxv7e15yD38rl5xBPni.webp,15366639,3.5,46.85,53.15,,53.15,Under,https://www.freeiconspng.com/img/1934,,,,,Wings @ Valkyries,2026-10-03T01:00:00Z,Fri 09:00pm,N/A,N/A,ESPN2,,,10/2/2026,3.5,,,,No,,18.53,21,47.5338721,52.4661279,52.47,3.5,,0,,3.5,3.5,3.5,4.5,Push
Jessica ShepardAssists,Jessica ShepardAssists2.5,WNBA,317279,Jessica Shepard,F,DAL,Assists,2.5,TRUE,10/2/2026,12/30/1899,pre_game,WNBA,goblin,https://static.prizepicks.com/images/manual/JessShep.png,15375787,4.5,51,49,-8.81,51,Over,https://www.freeiconspng.com/img/1934,,No,8.2,159.7,Wings @ Valkyries,2026-10-03T01:00:00Z,Fri 09:00pm,N/A,N/A,ESPN2,,,10/2/2026,4.5,,,,No,GOL,29.6,31,50.96117608,49.03882392,50,4.5,,0,,4.5,4.5,4.1,4.5,Best Bet
Alysha ClarkRebounds,Alysha ClarkRebounds2.5,WNBA,333607,Alysha Clark,F,DAL,Rebounds,2.5,TRUE,10/2/2026,12/30/1899,pre_game,WNBA,goblin,https://static.prizepicks.com/images/manual/Alysha_Clark-removebg-preview.png,15376078,3.17,46.61,53.39,,53.39,Under,https://www.freeiconspng.com/img/1934,,No,8.2,159.7,Wings @ Valkyries,2026-10-03T01:00:00Z,Fri 09:00pm,N/A,N/A,ESPN2,,,10/2/2026,3.17,,,,No,GOL,9.55,5,46.89351997,53.10648003,53.11,3.17,,0,,3.17,3.17,3.1,3.5,Push
Kaila CharlesRebounds,Kaila CharlesRebounds2.5,WNBA,259687,Kaila Charles,GF,GSV,Rebounds,2.5,TRUE,10/2/2026,12/30/1899,pre_game,WNBA,goblin,https://static.prizepicks.com/images/players/NBA/Kaila_Charles_WNBA_player_vxM5bpXnub73N8SOOIjBxlFf.webp,15383620,3.5,57.31,42.69,-2.04,57.31,Over,https://www.freeiconspng.com/img/1934,,,,,Wings @ Valkyries,2026-10-03T01:00:00Z,Fri 09:00pm,N/A,N/A,ESPN2,,,10/2/2026,3.5,,,,No,,13.02,15,52.2408721,47.7591279,52.24,3.5,,0,,3.5,3.5,3.5,4.5,Best Bet
Gabby WilliamsFreeThrowsMade,Gabby WilliamsFreeThrowsMade2.5,WNBA,316568,Gabby Williams,F,GSV,Free Throws Made,2.5,TRUE,10/2/2026,12/30/1899,pre_game,WNBA,goblin,https://static.prizepicks.com/images/manual/Gabby Williams .png,15388608,,,,,,,,,,,,Wings @ Valkyries,2026-10-03T01:00:00Z,Fri 09:00pm,N/A,N/A,ESPN2,,,10/2/2026,,,,,No,,33.32,30,,,,0,,0,,0,0,2.5,2.5,Push
Veronica BurtonFreeThrowsMade,Veronica BurtonFreeThrowsMade2.5,WNBA,238261,Veronica Burton,G,GSV,Free Throws Made,2.5,TRUE,10/2/2026,12/30/1899,pre_game,WNBA,goblin,https://static.prizepicks.com/images/players/WNBA/Veronica_Burton_WNBA_player_PgQhWXIUPjwd5ndjpucEaD8E.webp,15388612,,,,,,,,,,,,Wings @ Valkyries,2026-10-03T01:00:00Z,Fri 09:00pm,N/A,N/A,ESPN2,,,10/2/2026,,,,,No,,28.83,31,,,,0,,0,,0,0,2.5,2.5,Push
Arike Ogunbowale3-PTMade,Arike Ogunbowale3-PTMade1.5,WNBA,237835,Arike Ogunbowale,G,DAL,3-PT Made,1.5,TRUE,10/2/2026,12/30/1899,pre_game,WNBA,goblin,https://static.prizepicks.com/images/players/WNBA/Arike_Ogunbowale_WNBA_player_li5EkQnXby20K9Lhu8gX4Ygc.webp,15364411,,,,,,,,,No,8.2,159.7,Wings @ Valkyries,2026-10-03T01:00:00Z,Fri 09:00pm,N/A,N/A,ESPN2,,,10/2/2026,,,,,No,GOL,25.36,32,,,,0,,0,,0,0,1.5,0,Push
Paige Bueckers3-PTMade,Paige Bueckers3-PTMade1.5,WNBA,237836,Paige Bueckers,G,DAL,3-PT Made,1.5,TRUE,10/2/2026,12/30/1899,pre_game,WNBA,goblin,https://static.prizepicks.com/images/players/WNBA/Paige_Bueckers_WNBA_player_9Y8nnqPB9PRhUk1Zb4Mlsb5c.webp,15364428,,,,,,,,,No,8.2,159.7,Wings @ Valkyries,2026-10-03T01:00:00Z,Fri 09:00pm,N/A,N/A,ESPN2,,,10/2/2026,,,,,No,GOL,32.51,33,,,,0,,0,,0,0,1.5,0,Push
Gabby Williams3-PTMade,Gabby Williams3-PTMade1.5,WNBA,316568,Gabby Williams,F,GSV,3-PT Made,1.5,TRUE,10/2/2026,12/30/1899,pre_game,WNBA,goblin,https://static.prizepicks.com/images/manual/Gabby Williams .png,15364794,,,,,,,,,,,,Wings @ Valkyries,2026-10-03T01:00:00Z,Fri 09:00pm,N/A,N/A,ESPN2,,,10/2/2026,,,,,No,,33.32,30,,,,0,,0,,0,0,1.5,0,Push
Janelle Salaün3-PTMade,Janelle Salaün3-PTMade1.5,WNBA,240424,Janelle Salaün,F,GSV,3-PT Made,1.5,TRUE,10/2/2026,12/30/1899,pre_game,WNBA,goblin,https://static.prizepicks.com/images/players/WNBA/Janelle_Sala%C3%BCn_WNBA_player_TJWeCgZ3Bq8UPDeH4ehDuDYm.webp,15365485,,,,,,,,,,,,Wings @ Valkyries,2026-10-03T01:00:00Z,Fri 09:00pm,N/A,N/A,ESPN2,,,10/2/2026,,,,,No,,19.48,28,,,,0,,0,,0,0,1.5,0,Push
Arike OgunbowaleRebounds,Arike OgunbowaleRebounds1.5,WNBA,237835,Arike Ogunbowale,G,DAL,Rebounds,1.5,TRUE,10/2/2026,12/30/1899,pre_game,WNBA,goblin,https://static.prizepicks.com/images/players/WNBA/Arike_Ogunbowale_WNBA_player_li5EkQnXby20K9Lhu8gX4Ygc.webp,15372356,3,49.4,50.6,-11.99,50.6,Under,https://www.freeiconspng.com/img/1934,,No,8.2,159.7,Wings @ Valkyries,2026-10-03T01:00:00Z,Fri 09:00pm,N/A,N/A,ESPN2,,,10/2/2026,3,,,,No,GOL,25.36,32,49.44419812,50.55580188,50,3,,0,,3,3,2.8,3.5,Push
Cecilia ZandalasiniRebounds,Cecilia ZandalasiniRebounds1.5,WNBA,249153,Cecilia Zandalasini,F,GSV,Rebounds,1.5,TRUE,10/2/2026,12/30/1899,pre_game,WNBA,goblin,https://static.prizepicks.com/images/players/WNBA/Cecilia_Zandalasini_WNBA_player_J9EZms55fyBgGOFTRR36l10v.webp,15379013,2.17,45.27,54.73,,54.73,Under,https://www.freeiconspng.com/img/1934,,,,,Wings @ Valkyries,2026-10-03T01:00:00Z,Fri 09:00pm,N/A,N/A,ESPN2,,,10/2/2026,2.17,,,,No,,13.41,17,46.11156587,53.88843413,53.89,2.17,,0,,2.17,2.17,1.9,1.5,Push
Aziaha JamesAssists,Aziaha JamesAssists1.5,WNBA,245587,Aziaha James,G,DAL,Assists,1.5,TRUE,10/2/2026,12/30/1899,pre_game,WNBA,goblin,https://static.prizepicks.com/images/players/WNBA/Aziaha_James_WNBA_player_YTq6qCG2PgU73b0QUQItJH5H.webp,15382842,,,,,,,https://www.freeiconspng.com/img/1934,,No,8.2,159.7,Wings @ Valkyries,2026-10-03T01:00:00Z,Fri 09:00pm,N/A,N/A,ESPN2,,,10/2/2026,,,,,No,GOL,12.64,12,,,,0,,0,,0,0,1.5,1.5,Push
Tiffany HayesAssists,Tiffany HayesAssists1.5,WNBA,238101,Tiffany Hayes,G,GSV,Assists,1.5,TRUE,10/2/2026,12/30/1899,pre_game,WNBA,goblin,https://static.prizepicks.com/images/players/WNBA/Tiffany_Hayes_WNBA_player_JZ73QF6RKriqG7DeqAWWKcDH.webp,15382869,2.32,43.96,56.04,-8.87,56.04,Under,https://www.freeiconspng.com/img/1934,,,,,Wings @ Valkyries,2026-10-03T01:00:00Z,Fri 09:00pm,N/A,N/A,ESPN2,,,10/2/2026,2.32,,,,No,,13.79,20,45.79499864,54.20500136,54.21,2.32,,0,,2.32,2.32,2.39,3.5,Push
Paige BueckersTurnovers,Paige BueckersTurnovers1.5,WNBA,237836,Paige Bueckers,G,DAL,Turnovers,1.5,TRUE,10/2/2026,12/30/1899,pre_game,WNBA,goblin,https://static.prizepicks.com/images/players/WNBA/Paige_Bueckers_WNBA_player_9Y8nnqPB9PRhUk1Zb4Mlsb5c.webp,15383140,,,,,,,,,No,8.2,159.7,Wings @ Valkyries,2026-10-03T01:00:00Z,Fri 09:00pm,N/A,N/A,ESPN2,,,10/2/2026,,,,,No,GOL,32.51,33,,,,0,,0,,0,0,1.5,0,Push
Gabby WilliamsBlks+Stls,Gabby WilliamsBlks+Stls1.5,WNBA,316568,Gabby Williams,F,GSV,Blks+Stls,1.5,TRUE,10/2/2026,12/30/1899,pre_game,WNBA,goblin,https://static.prizepicks.com/images/manual/Gabby Williams .png,15383143,,,,,,,,,,,,Wings @ Valkyries,2026-10-03T01:00:00Z,Fri 09:00pm,N/A,N/A,ESPN2,,,10/2/2026,,,,,No,,33.32,30,,,,0,,0,,0,0,1.5,0,Push
Veronica BurtonBlks+Stls,Veronica BurtonBlks+Stls1.5,WNBA,238261,Veronica Burton,G,GSV,Blks+Stls,1.5,TRUE,10/2/2026,12/30/1899,pre_game,WNBA,goblin,https://static.prizepicks.com/images/players/WNBA/Veronica_Burton_WNBA_player_PgQhWXIUPjwd5ndjpucEaD8E.webp,15383148,,,,,,,,,,,,Wings @ Valkyries,2026-10-03T01:00:00Z,Fri 09:00pm,N/A,N/A,ESPN2,,,10/2/2026,,,,,No,,28.83,31,,,,0,,0,,0,0,1.5,0,Push
Jessica ShepardTurnovers,Jessica ShepardTurnovers1.5,WNBA,317279,Jessica Shepard,F,DAL,Turnovers,1.5,TRUE,10/2/2026,12/30/1899,pre_game,WNBA,goblin,https://static.prizepicks.com/images/manual/JessShep.png,15383186,,,,,,,,,No,8.2,159.7,Wings @ Valkyries,2026-10-03T01:00:00Z,Fri 09:00pm,N/A,N/A,ESPN2,,,10/2/2026,,,,,No,GOL,29.6,31,,,,0,,0,,0,0,1.5,0,Push
Aziaha JamesRebounds,Aziaha JamesRebounds1.5,WNBA,245587,Aziaha James,G,DAL,Rebounds,1.5,TRUE,10/2/2026,12/30/1899,pre_game,WNBA,goblin,https://static.prizepicks.com/images/players/WNBA/Aziaha_James_WNBA_player_YTq6qCG2PgU73b0QUQItJH5H.webp,15388751,1.5,56.46,43.54,-5.23,56.46,Over,https://www.freeiconspng.com/img/1934,,No,8.2,159.7,Wings @ Valkyries,2026-10-03T01:00:00Z,Fri 09:00pm,N/A,N/A,ESPN2,,,10/2/2026,1.5,,,,No,GOL,12.64,12,56.46,43.54,56.46,1.5,,0,,1.5,1.5,1.5,0,Push
Tiffany HayesRebounds,Tiffany HayesRebounds1.5,WNBA,238101,Tiffany Hayes,G,GSV,Rebounds,1.5,TRUE,10/2/2026,12/30/1899,pre_game,WNBA,goblin,https://static.prizepicks.com/images/players/WNBA/Tiffany_Hayes_WNBA_player_JZ73QF6RKriqG7DeqAWWKcDH.webp,15394127,1.5,54.4,45.6,-3.05,54.4,Over,https://www.freeiconspng.com/img/1934,,,,,Wings @ Valkyries,2026-10-03T01:00:00Z,Fri 09:00pm,N/A,N/A,ESPN2,,,10/2/2026,1.5,,,,No,,13.79,20,54.4,45.6,54.4,1.5,,0,,1.5,1.5,1.5,0,Push
Veronica Burton3-PTMade,Veronica Burton3-PTMade0.5,WNBA,238261,Veronica Burton,G,GSV,3-PT Made,0.5,TRUE,10/2/2026,12/30/1899,pre_game,WNBA,goblin,https://static.prizepicks.com/images/players/WNBA/Veronica_Burton_WNBA_player_PgQhWXIUPjwd5ndjpucEaD8E.webp,15364798,,,,,,,,,,,,Wings @ Valkyries,2026-10-03T01:00:00Z,Fri 09:00pm,N/A,N/A,ESPN2,,,10/2/2026,,,,,No,,28.83,31,,,,0,,0,,0,0,0.5,0,Push
Kayla Thornton3-PTMade,Kayla Thornton3-PTMade0.5,WNBA,238102,Kayla Thornton,F,GSV,3-PT Made,0.5,TRUE,10/2/2026,12/30/1899,pre_game,WNBA,goblin,https://static.prizepicks.com/images/players/WNBA/Kayla_Thornton_WNBA_player_LW0QKyGiDE0bVq5F3TkgEtm8.webp,15364799,,,,,,,,,,,,Wings @ Valkyries,2026-10-03T01:00:00Z,Fri 09:00pm,N/A,N/A,ESPN2,,,10/2/2026,,,,,No,,19.04,28,,,,0,,0,,0,0,0.5,0,Push
Cecilia Zandalasini3-PTMade,Cecilia Zandalasini3-PTMade0.5,WNBA,249153,Cecilia Zandalasini,F,GSV,3-PT Made,0.5,TRUE,10/2/2026,12/30/1899,pre_game,WNBA,goblin,https://static.prizepicks.com/images/players/WNBA/Cecilia_Zandalasini_WNBA_player_J9EZms55fyBgGOFTRR36l10v.webp,15365481,,,,,,,,,,,,Wings @ Valkyries,2026-10-03T01:00:00Z,Fri 09:00pm,N/A,N/A,ESPN2,,,10/2/2026,,,,,No,,13.41,17,,,,0,,0,,0,0,0.5,0,Push
Kayla ThorntonAssists,Kayla ThorntonAssists0.5,WNBA,238102,Kayla Thornton,F,GSV,Assists,0.5,TRUE,10/2/2026,12/30/1899,pre_game,WNBA,goblin,https://static.prizepicks.com/images/players/WNBA/Kayla_Thornton_WNBA_player_LW0QKyGiDE0bVq5F3TkgEtm8.webp,15372349,,,,,,,https://www.freeiconspng.com/img/1934,,,,,Wings @ Valkyries,2026-10-03T01:00:00Z,Fri 09:00pm,N/A,N/A,ESPN2,,,10/2/2026,,,,,No,,19.04,28,,,,0,,0,,0,0,0.5,0.5,Push
Paige Bueckers3-PTMade,Paige Bueckers3-PTMade0.5,WNBA,237836,Paige Bueckers,G,DAL,3-PT Made,0.5,TRUE,10/2/2026,12/30/1899,pre_game,WNBA,goblin,https://static.prizepicks.com/images/players/WNBA/Paige_Bueckers_WNBA_player_9Y8nnqPB9PRhUk1Zb4Mlsb5c.webp,15372913,,,,,,,,,No,8.2,159.7,Wings @ Valkyries,2026-10-03T01:00:00Z,Fri 09:00pm,N/A,N/A,ESPN2,,,10/2/2026,,,,,No,GOL,32.51,33,,,,0,,0,,0,0,0.5,0,Push
Alysha Clark3-PTMade,Alysha Clark3-PTMade0.5,WNBA,333607,Alysha Clark,F,DAL,3-PT Made,0.5,TRUE,10/2/2026,12/30/1899,pre_game,WNBA,goblin,https://static.prizepicks.com/images/manual/Alysha_Clark-removebg-preview.png,15382818,,,,,,,,,No,8.2,159.7,Wings @ Valkyries,2026-10-03T01:00:00Z,Fri 09:00pm,N/A,N/A,ESPN2,,,10/2/2026,,,,,No,GOL,9.55,5,,,,0,,0,,0,0,0.5,0,Push
Tiffany Hayes3-PTMade,Tiffany Hayes3-PTMade0.5,WNBA,238101,Tiffany Hayes,G,GSV,3-PT Made,0.5,TRUE,10/2/2026,12/30/1899,pre_game,WNBA,goblin,https://static.prizepicks.com/images/players/WNBA/Tiffany_Hayes_WNBA_player_JZ73QF6RKriqG7DeqAWWKcDH.webp,15383052,,,,,,,,,,,,Wings @ Valkyries,2026-10-03T01:00:00Z,Fri 09:00pm,N/A,N/A,ESPN2,,,10/2/2026,,,,,No,,13.79,20,,,,0,,0,,0,0,0.5,0,Push
Arike OgunbowaleOffensiveRebounds,Arike OgunbowaleOffensiveRebounds0.5,WNBA,237835,Arike Ogunbowale,G,DAL,Offensive Rebounds,0.5,TRUE,10/2/2026,12/30/1899,pre_game,WNBA,goblin,https://static.prizepicks.com/images/players/WNBA/Arike_Ogunbowale_WNBA_player_li5EkQnXby20K9Lhu8gX4Ygc.webp,15383108,,,,,,,,,No,8.2,159.7,Wings @ Valkyries,2026-10-03T01:00:00Z,Fri 09:00pm,N/A,N/A,ESPN2,,,10/2/2026,,,,,No,GOL,25.36,32,,,,0,,0,,0,0,0.5,0,Push
Gabby WilliamsOffensiveRebounds,Gabby WilliamsOffensiveRebounds0.5,WNBA,316568,Gabby Williams,F,GSV,Offensive Rebounds,0.5,TRUE,10/2/2026,12/30/1899,pre_game,WNBA,goblin,https://static.prizepicks.com/images/manual/Gabby Williams .png,15383109,,,,,,,,,,,,Wings @ Valkyries,2026-10-03T01:00:00Z,Fri 09:00pm,N/A,N/A,ESPN2,,,10/2/2026,,,,,No,,33.32,30,,,,0,,0,,0,0,0.5,0,Push
Janelle SalaünOffensiveRebounds,Janelle SalaünOffensiveRebounds0.5,WNBA,240424,Janelle Salaün,F,GSV,Offensive Rebounds,0.5,TRUE,10/2/2026,12/30/1899,pre_game,WNBA,goblin,https://static.prizepicks.com/images/players/WNBA/Janelle_Sala%C3%BCn_WNBA_player_TJWeCgZ3Bq8UPDeH4ehDuDYm.webp,15383110,,,,,,,,,,,,Wings @ Valkyries,2026-10-03T01:00:00Z,Fri 09:00pm,N/A,N/A,ESPN2,,,10/2/2026,,,,,No,,19.48,28,,,,0,,0,,0,0,0.5,0,Push
Paige BueckersOffensiveRebounds,Paige BueckersOffensiveRebounds0.5,WNBA,237836,Paige Bueckers,G,DAL,Offensive Rebounds,0.5,TRUE,10/2/2026,12/30/1899,pre_game,WNBA,goblin,https://static.prizepicks.com/images/players/WNBA/Paige_Bueckers_WNBA_player_9Y8nnqPB9PRhUk1Zb4Mlsb5c.webp,15383111,,,,,,,,,No,8.2,159.7,Wings @ Valkyries,2026-10-03T01:00:00Z,Fri 09:00pm,N/A,N/A,ESPN2,,,10/2/2026,,,,,No,GOL,32.51,33,,,,0,,0,,0,0,0.5,0,Push
Veronica BurtonOffensiveRebounds,Veronica BurtonOffensiveRebounds0.5,WNBA,238261,Veronica Burton,G,GSV,Offensive Rebounds,0.5,TRUE,10/2/2026,12/30/1899,pre_game,WNBA,goblin,https://static.prizepicks.com/images/players/WNBA/Veronica_Burton_WNBA_player_PgQhWXIUPjwd5ndjpucEaD8E.webp,15383112,,,,,,,,,,,,Wings @ Valkyries,2026-10-03T01:00:00Z,Fri 09:00pm,N/A,N/A,ESPN2,,,10/2/2026,,,,,No,,28.83,31,,,,0,,0,,0,0,0.5,0,Push
Arike OgunbowaleBlks+Stls,Arike OgunbowaleBlks+Stls0.5,WNBA,237835,Arike Ogunbowale,G,DAL,Blks+Stls,0.5,TRUE,10/2/2026,12/30/1899,pre_game,WNBA,goblin,https://static.prizepicks.com/images/players/WNBA/Arike_Ogunbowale_WNBA_player_li5EkQnXby20K9Lhu8gX4Ygc.webp,15383142,,,,,,,,,No,8.2,159.7,Wings @ Valkyries,2026-10-03T01:00:00Z,Fri 09:00pm,N/A,N/A,ESPN2,,,10/2/2026,,,,,No,GOL,25.36,32,,,,0,,0,,0,0,0.5,0,Push
Jessica ShepardBlks+Stls,Jessica ShepardBlks+Stls0.5,WNBA,317279,Jessica Shepard,F,DAL,Blks+Stls,0.5,TRUE,10/2/2026,12/30/1899,pre_game,WNBA,goblin,https://static.prizepicks.com/images/manual/JessShep.png,15383145,,,,,,,,,No,8.2,159.7,Wings @ Valkyries,2026-10-03T01:00:00Z,Fri 09:00pm,N/A,N/A,ESPN2,,,10/2/2026,,,,,No,GOL,29.6,31,,,,0,,0,,0,0,0.5,0,Push
Veronica BurtonTurnovers,Veronica BurtonTurnovers0.5,WNBA,238261,Veronica Burton,G,GSV,Turnovers,0.5,TRUE,10/2/2026,12/30/1899,pre_game,WNBA,goblin,https://static.prizepicks.com/images/players/WNBA/Veronica_Burton_WNBA_player_PgQhWXIUPjwd5ndjpucEaD8E.webp,15383187,,,,,,,,,,,,Wings @ Valkyries,2026-10-03T01:00:00Z,Fri 09:00pm,N/A,N/A,ESPN2,,,10/2/2026,,,,,No,,28.83,31,,,,0,,0,,0,0,0.5,0,Push
Gabby WilliamsTurnovers,Gabby WilliamsTurnovers0.5,WNBA,316568,Gabby Williams,F,GSV,Turnovers,0.5,TRUE,10/2/2026,12/30/1899,pre_game,WNBA,goblin,https://static.prizepicks.com/images/manual/Gabby Williams .png,15383188,,,,,,,,,,,,Wings @ Valkyries,2026-10-03T01:00:00Z,Fri 09:00pm,N/A,N/A,ESPN2,,,10/2/2026,,,,,No,,33.32,30,,,,0,,0,,0,0,0.5,0,Push
Paige BueckersBlks+Stls,Paige BueckersBlks+Stls0.5,WNBA,237836,Paige Bueckers,G,DAL,Blks+Stls,0.5,TRUE,10/2/2026,12/30/1899,pre_game,WNBA,goblin,https://static.prizepicks.com/images/players/WNBA/Paige_Bueckers_WNBA_player_9Y8nnqPB9PRhUk1Zb4Mlsb5c.webp,15383436,,,,,,,,,No,8.2,159.7,Wings @ Valkyries,2026-10-03T01:00:00Z,Fri 09:00pm,N/A,N/A,ESPN2,,,10/2/2026,,,,,No,GOL,32.51,33,,,,0,,0,,0,0,0.5,0,Push